{"type":"FeatureCollection","name":"gis.vn","crs":{"type":"name","properties":{"name":"urn:ogc:def:crs:OGC:1.3:CRS84"}},"features":[{"type":"Feature","properties":{"ma":"22","ten":"Quảng Ngãi","sap_nhap":"Quảng Ngãi, Kon Tum","loai":"Tỉnh","cap":"1","stt":"22","dien_tich_km2":"14832.53","dan_so":"2161735","mat_do_km2":"145.74"},"geometry":{"type":"MultiPolygon","coordinates":[[[[107.60399651218904,14.048118083547875],[107.60253929758795,14.04690119465391],[107.60153984668423,14.045802561141551],[107.60099815931788,14.044186083825771],[107.60070061373379,14.041889636169772],[107.60046410276802,14.039474932305703],[107.60047936082611,14.03757807425785],[107.60078453632435,14.035661188699857],[107.60115837619855,14.032087770708227],[107.6010439364773,14.030371157114073],[107.60066246629498,14.02921339647044],[107.59976219707234,14.028035609008466],[107.59838890592312,14.026877847867386],[107.59642815157584,14.025599924696504],[107.59359764624767,14.023184267471791],[107.59243797818965,14.02232596127581],[107.59120201632989,14.022086589182097],[107.58836388132569,14.021707025744222],[107.58589195705497,14.021707025661547],[107.58417534297088,14.02126833628759],[107.58111595579408,14.019630877064914],[107.57917809024094,14.019212214433109],[107.5765078018417,14.018912760290686],[107.57035850989635,14.019011943652295],[107.56922172979333,14.019152134027017],[107.56568931968053,14.021647898765304],[107.5615312996234,14.021887272065287],[107.55889915887562,14.021487682468795],[107.55736565107657,14.021329372116353],[107.5547869158452,14.022811382009767],[107.55303215524697,14.025121181781133],[107.55213951563691,14.025295704672953],[107.55104851178379,14.02511355232551],[107.54911064616691,14.024315326792674],[107.5466692401435,14.022719829358431],[107.54578422982244,14.02171656455672],[107.54550957173285,14.020691364385991],[107.54587578225303,14.018981426583977],[107.54579948852205,14.018253772565021],[107.54472374290093,14.014540165456836],[107.54407524527043,14.01329275983824],[107.54314445808522,14.012242763114466],[107.54169487398131,14.011315792738454],[107.54004692379873,14.010767429881144],[107.53824638738253,14.010597675832622],[107.53578972186281,14.010767429636296],[107.53382133763536,14.011353939941904],[107.53187584293752,14.012507885847105],[107.53096794458786,14.012961835057107],[107.53021263516398,14.012980908420849],[107.52915214875406,14.012678593013812],[107.52788566870969,14.012810200157938],[107.52676414771132,14.013094395099735],[107.52570366333774,14.013586491252969],[107.52481865316673,14.014210194429987],[107.5240786014814,14.014399976777481],[107.52333854963793,14.014418095282256],[107.52233909948006,14.014077634121948],[107.52120231976869,14.013492078524399],[107.52057670887447,14.012526959541287],[107.5205233038752,14.011713475479983],[107.52086662519996,14.010124654115868],[107.52084373775753,14.009330243118574],[107.52098106639848,14.00711676528669],[107.52120231944512,14.005508870298831],[107.52217125244623,14.001507252169908],[107.52294182155062,13.998875111048617],[107.52388786610024,13.994820087511911],[107.52442192310444,13.993288486093316],[107.52497123942658,13.991907566039487],[107.52525352676597,13.990848034373908],[107.52544426133575,13.989390819359103],[107.52591728430635,13.987678019851693],[107.52663444792151,13.985475033211463],[107.52661155943338,13.984775988816208],[107.52636741830462,13.98392435758429],[107.52604698394669,13.98299738721275],[107.52570366182503,13.98235461036695],[107.52536796768419,13.982145754574109],[107.52419304028477,13.982126682263576],[107.52290367313827,13.982278315965337],[107.5213777943851,13.98261877844286],[107.51923393447392,13.982770412140297],[107.51465629717799,13.984113186248004],[107.51337455893976,13.98424574653567],[107.51240562598812,13.984075992961705],[107.51168846328495,13.983697384453489],[107.51106285261616,13.983091800264654],[107.51065086509755,13.98174902769768],[107.50968193221274,13.98031088621876],[107.50816368287299,13.977918117254067],[107.5063478870264,13.97485396221492],[107.50347160418978,13.971864193839073],[107.5019915015574,13.970805614225101],[107.50044273401889,13.970994442372968],[107.49904655554079,13.97054049337716],[107.49775718692511,13.969594448317276],[107.49242424129365,13.964751690424443],[107.4892046360222,13.962481945721017],[107.48504661605593,13.960589855359432],[107.48130058286056,13.959681958290599],[107.47861503677487,13.959568471109318],[107.4766085054428,13.958962888447585],[107.47373222377595,13.956541508479102],[107.47032951295762,13.954196423082465],[107.46907829210936,13.953023403832875],[107.46881126382266,13.951661557072047],[107.46911643857376,13.949580639883388],[107.47002433657559,13.94640204268039],[107.47002433681557,13.943867176347597],[107.47055076552354,13.937435596109928],[107.4704439530235,13.935506313151828],[107.47006248320636,13.934598415815191],[107.46900199727831,13.933992832168071],[107.46710990845462,13.933576076841863],[107.46510337703194,13.932554691625867],[107.4629900350351,13.931041210801224],[107.46150993224983,13.929528682233594],[107.46090720957031,13.928052395812347],[107.46102165072168,13.9267286957566],[107.46082328583944,13.925859897092824],[107.46045707579842,13.925225704746655],[107.4598085766519,13.924857586694953],[107.45900749018163,13.924089878726585],[107.45878623722803,13.923455684600498],[107.45895408467005,13.92279288143755],[107.45893882554303,13.922202556153927],[107.45884727224319,13.92152449434853],[107.45832847371265,13.92161223207839],[107.45797752127204,13.921907871532408],[107.4578249334492,13.922513453959658],[107.45787071024591,13.923365085745367],[107.4577944169531,13.925549000397542],[107.45771049344707,13.926297634102692],[107.45739005893333,13.9268841446401],[107.45445274170842,13.928626508000383],[107.45375846665314,13.92931410712684],[107.45339988588728,13.929994076758078],[107.45332359187591,13.930762738198567],[107.45365165627888,13.93404814639112],[107.45364402567192,13.93534609690256],[107.45336173906438,13.937453717582837],[107.45353721506608,13.938970059416459],[107.45365165582747,13.940640897192496],[107.45356010337336,13.94247862725319],[107.4534151441861,13.9439320277621],[107.45333122138584,13.945261449192937],[107.4534151444628,13.946019620398058],[107.45346855079232,13.94852110791125],[107.45352958593364,13.949476689294638],[107.45408653182677,13.9527058311626],[107.45438407835093,13.9558520031679],[107.45511649981562,13.959080189850692],[107.45540641723665,13.961177320332627],[107.45545219401147,13.962475271177487],[107.45527671858679,13.963275404472318],[107.45465873730132,13.96500918453019],[107.45442985546028,13.967708082284606],[107.45444511424974,13.969919653205103],[107.45462059097206,13.972650022793372],[107.45502494881937,13.975328893432904],[107.45568107716979,13.978609534041706],[107.45582603540994,13.979575605415686],[107.455635299961,13.98027083467097],[107.45512413082784,13.980634185104575],[107.45426963887542,13.980697126957951],[107.45292686530664,13.980665655871809],[107.452347030742,13.980987044361942],[107.45156883322369,13.981828185419984],[107.45041679371381,13.983458967954451],[107.44933341972498,13.984549018307236],[107.44875358660045,13.985254737550552],[107.44828819288345,13.986272307466137],[107.44788383554815,13.986780616767732],[107.44710563763161,13.987279387293295],[107.44612907491133,13.987663718834428],[107.44567131077407,13.988078566285216],[107.44504570166242,13.989310714869568],[107.44486259562127,13.989865752716874],[107.44448875579563,13.99351927877396],[107.44445823710657,13.995191070373071],[107.44429039140014,13.996019813202894],[107.44389669778874,13.996323094739251],[107.44330620003647,13.99677798546851],[107.44236778354761,13.997024032746086],[107.44119285674687,13.996921036601606],[107.43891166780455,13.996139976572342],[107.4364778909994,13.995820496047072],[107.43521904048501,13.995258781261448],[107.4338381199177,13.994086716408342],[107.43238090619717,13.993680450319241],[107.43092369118438,13.992890808196668],[107.4303362283025,13.99308821943618],[107.42949699529208,13.99539229686804],[107.4279787450816,13.995943520768884],[107.42790245107707,13.996288750439513],[107.42842125073199,13.997685882860727],[107.42685722423177,13.997638199623202],[107.4246447005784,13.996129487043339],[107.4238893901535,13.994683716633094],[107.42314170890538,13.994193527650415],[107.42043327441566,13.993799661099711],[107.4185488129153,13.994009468807691],[107.41387962403955,13.993520234415044],[107.41027092016246,13.992523644694712],[107.40904258812144,13.99127337739363],[107.40827964753983,13.990094636497338],[107.4072191619198,13.989607308040789],[107.40612052913085,13.989465211301766],[107.40576957716874,13.989775155250465],[107.40522026095317,13.989818070693389],[107.40364860591855,13.988762353410381],[107.40168785091281,13.989279244478922],[107.3998110195857,13.989527200299252],[107.39919303858358,13.990375016264892],[107.39763664222583,13.991156076175557],[107.3968660737249,13.99254176447243],[107.39553092990715,13.992248986734364],[107.39434074452129,13.990921473229827],[107.3926470186158,13.989943002842455],[107.39205955552077,13.989796136882363],[107.39017509406435,13.990043138679123],[107.38816856315364,13.989945863760516],[107.38624595657471,13.989087556956724],[107.38589500388146,13.98909137189012],[107.38546012786863,13.98878905715283],[107.38526176454238,13.988446688498042],[107.38521598789983,13.987452005298481],[107.38451408264501,13.987688516828976],[107.38304161043298,13.989501451168774],[107.38235496559362,13.991690134439088],[107.37915824818676,13.996656870560864],[107.376014938385,13.999673342677024],[107.36862205529425,14.008814312014456],[107.36405967779511,14.013624645195573],[107.35858177144674,14.016203381723978],[107.35781120404994,14.0171217696875],[107.35750602829694,14.018121220507336],[107.35780357413391,14.022736050412627],[107.35678123579913,14.027135350308992],[107.35710167082625,14.028162458079374],[107.3577349106353,14.028689839978062],[107.36364769054259,14.031080701047038],[107.36486839402482,14.03217170372656],[107.365616075249,14.034606434754744],[107.36537193362355,14.039226987202104],[107.36549400501472,14.043920018274274],[107.36354088088633,14.051070669039264],[107.3658144393967,14.054736592585797],[107.3659593989239,14.056890943358383],[107.36454033072243,14.05858562294905],[107.3645098137188,14.062098005363413],[107.36476158388595,14.063430288827945],[107.36551689377562,14.064643362270925],[107.36653923297965,14.06543586653956],[107.3672563960184,14.065734366010076],[107.36898826938788,14.065830687481482],[107.3713381226474,14.065731505089628],[107.37336754156617,14.06536815482928],[107.37526726082945,14.064702489934067],[107.37828850044576,14.064978101492805],[107.37989830336764,14.06554935234582],[107.38123344759713,14.067047574242709],[107.38098930641038,14.067851522342913],[107.3817522472131,14.07214973262137],[107.3825457043647,14.073027112977714],[107.38327049568557,14.075042226994878],[107.38296531973339,14.07737300679359],[107.38230156355054,14.079496840460038],[107.38128685351231,14.081164815946952],[107.37950157508018,14.082437971117484],[107.37749504451442,14.082759360399788],[107.37594627692447,14.082573393776887],[107.37460350379824,14.082285383448259],[107.37364983010774,14.083231428415983],[107.37264274932113,14.084115484781506],[107.3718416636124,14.084162214893162],[107.36855339455934,14.083546141630212],[107.36811088943648,14.08320949441046],[107.36706566204715,14.083561400725028],[107.36663841591518,14.084366302267462],[107.3659822884468,14.085131148978368],[107.36521934903742,14.085561256393511],[107.36306785898664,14.085429648834417],[107.3609850351075,14.084537963050158],[107.35884117470943,14.08768604242447],[107.35659050347061,14.089159469504034],[107.35484337230247,14.09120033313631],[107.35272240027147,14.092057685779821],[107.3491594729602,14.091677169653625],[107.34839653461589,14.093359451595449],[107.34685539665382,14.094330291907857],[107.3458559453362,14.095826606932825],[107.34546684649494,14.09605930389967],[107.34249138264603,14.095746498039565],[107.3407137328832,14.095804673366873],[107.34010338189286,14.09755752633529],[107.33971428353493,14.097986679565228],[107.33654045504845,14.099650841599898],[107.33424400727043,14.10071228156302],[107.33319115032654,14.102513772059309],[107.33281731069101,14.10470054793902],[107.3328630868201,14.105495912099771],[107.33321403994773,14.106023293945096],[107.33487724796133,14.10693786730155],[107.33507561127475,14.109749299434817],[107.33682274307483,14.112547379976007],[107.33583855114475,14.113672716067512],[107.33483147095014,14.114142877272208],[107.33460258926577,14.114522439823872],[107.33460258859061,14.114675027899287],[107.33496117118264,14.115245324418787],[107.33578514555323,14.1157011814567],[107.3370058486842,14.118089181582379],[107.33799004080649,14.11937854925664],[107.33805107632396,14.120792849016278],[107.33909630382026,14.12238262355715],[107.33910393275481,14.123307687475386],[107.33797478263767,14.125697596160226],[107.33818840580646,14.126821023668722],[107.33973717225122,14.12871597481601],[107.34028648841239,14.13103435731458],[107.34144615665447,14.133388978787377],[107.3449938259151,14.13560722627293],[107.34571861825977,14.136359674839287],[107.34638237669068,14.139791948978813],[107.34816765437948,14.142717821372724],[107.34950279895804,14.144072992660385],[107.35049461992524,14.144459230867268],[107.35145592404031,14.1457733936645],[107.35139488864657,14.146955950096407],[107.35182976389633,14.147524340411278],[107.35316490788342,14.148462756557961],[107.35407280617216,14.148687823022204],[107.3543322061657,14.149120790975847],[107.35364555970993,14.150826914477657],[107.35350060207631,14.152354699941222],[107.35273766168011,14.153657420023345],[107.35366844770903,14.155250056729578],[107.35480522791563,14.155736430497301],[107.35590386085535,14.15595768229697],[107.35735344638339,14.155945284274775],[107.35817742036933,14.156280977906677],[107.35850548469358,14.157152635802689],[107.36074089742311,14.159683687842545],[107.36277031661852,14.162829859409644],[107.36281609247574,14.163323861981093],[107.36251091726317,14.163736803389607],[107.36064934456493,14.165212138254427],[107.35837578617853,14.168128475033306],[107.35816216285218,14.169008715929888],[107.35833763860317,14.169446453022024],[107.36144280161292,14.171335680714524],[107.36279320537902,14.172576411339895],[107.36494469428075,14.17527817071743],[107.36603569815962,14.17762707077322],[107.36761498247348,14.17843387856595],[107.36947655519185,14.18017528873036],[107.37321495837057,14.178723795940071],[107.37609886914429,14.177965623993558],[107.37803673610044,14.180251582786031],[107.38011956076122,14.183878405633584],[107.379966972939,14.185416682440131],[107.38065361860711,14.186122401813305],[107.38150048197613,14.186443789846955],[107.38179039870525,14.187153323894266],[107.38183617550052,14.192255480914815],[107.38359093675241,14.195886118377782],[107.38644432967898,14.200026972602812],[107.3868410589439,14.204017147138922],[107.38911461817251,14.209144099960946],[107.39045739249622,14.210273249911612],[107.39305901485746,14.208998186481038],[107.39359307370536,14.209035381005622],[107.39439415937903,14.210507853651528],[107.39414238973428,14.212870104674233],[107.39431023686524,14.213306888332284],[107.39511132238847,14.214286311644795],[107.39620232688642,14.216743929727494],[107.39686608391791,14.223622782965316],[107.39892602104374,14.227057918401579],[107.4006884115883,14.227714046746101],[107.40260338941448,14.22943542798152],[107.40469384319255,14.232897266793096],[107.4064943808608,14.232879146374996],[107.40734124348636,14.233419879684774],[107.40736413181192,14.235613330239328],[107.40431237360862,14.242200359423506],[107.40142083357804,14.24497173665992],[107.40010094855866,14.24767349729382],[107.40009331877373,14.248591885645594],[107.40126061635321,14.251008496363912],[107.40291619570849,14.256176457507374],[107.4053576020951,14.258619771842197],[107.40824914312145,14.260456547292513],[107.40935540496757,14.264230237816438],[107.40936303364491,14.265053257720709],[107.40892052910816,14.265716061253526],[107.4088594940446,14.26749943266751],[107.4100039038883,14.26973770640651],[107.40850854258818,14.271892056729152],[107.40824151331343,14.27288197057401],[107.40847802562152,14.274086461990539],[107.40978265178246,14.275061116660629],[107.4096148049243,14.275775418836743],[107.40911889441196,14.276219831072723],[107.40888238342438,14.277620779532878],[107.40900445334721,14.278662191436341],[107.40750146305328,14.280377851506971],[107.4074785748208,14.283669935361011],[107.40564751991894,14.285663114506619],[107.40565515043545,14.286376463013685],[107.40599847191035,14.286811338826197],[107.40605950759442,14.287524686887087],[107.40548730345273,14.2888197766527],[107.40650964201683,14.290344701927138],[107.40629601923818,14.29144428888562],[107.4062578726956,14.29270599970309],[107.40691400050778,14.296101080877865],[107.40596795530865,14.29986904854678],[107.40386224269064,14.301903235573123],[107.4013521713022,14.30261276971111],[107.40077233804223,14.30315827059674],[107.40065026801898,14.303907858326802],[107.39929223582676,14.305858122607676],[107.3977129511171,14.30637024681604],[107.39704919331685,14.307145584020073],[107.39684320021921,14.308738220008397],[107.39719415208238,14.310326087976003],[107.39707208217797,14.31177090430994],[107.39668298338535,14.312213409108368],[107.39276147364208,14.313733566451747],[107.39097619621458,14.315286148548353],[107.39070153711185,14.31594704400635],[107.39083886620926,14.318468559272052],[107.39153314161199,14.320215690642403],[107.39131188896037,14.324257362433313],[107.39073968446098,14.324939239833189],[107.3908083491112,14.326035012011118],[107.39268518065461,14.32830761781191],[107.39556909167108,14.329058159660704],[107.40037561129368,14.333412636147193],[107.39997125334448,14.334910859000454],[107.4016573488165,14.338606347270403],[107.40184808405414,14.3412527926974],[107.40278649966514,14.342526901810393],[107.40433526644892,14.34368847728699],[107.4076693130366,14.344945419554595],[107.40823388785718,14.345461358129288],[107.40880609245013,14.347338188582357],[107.40889764505815,14.35180424648692],[107.41000390826721,14.35346936103016],[107.41038537674089,14.354462136662724],[107.41072107090423,14.357607354765511],[107.41028619573997,14.360114564650946],[107.4095995501215,14.360470284352623],[107.40871454067295,14.3614859476098],[107.40843225203757,14.3620781797501],[107.40834069981616,14.362610329816535],[107.40854669315078,14.363111962872527],[107.40971399174639,14.363314141651852],[107.4105913711982,14.362943162325402],[107.4117128927555,14.361640443237079],[107.41250634920496,14.361474502982444],[107.41574121278227,14.3623700029562],[107.4173281268942,14.363977898394653],[107.41899896489878,14.365546693748643],[107.42124200663258,14.36914776737874],[107.42245507964128,14.37071179297595],[107.42531610337869,14.373196114271682],[107.42569757290526,14.373917092154898],[107.42599511893486,14.37572621280885],[107.4266741368474,14.376976479082815],[107.43018365729881,14.379522790837681],[107.43047357432481,14.380198945624809],[107.43033624602009,14.380630959227933],[107.42862726150524,14.381146897452208],[107.42618585467592,14.380990494726344],[107.4230272854113,14.380456437565439],[107.42228723407733,14.380690087705094],[107.42157770075214,14.381626596264006],[107.42140985355195,14.383134354783989],[107.4185564603281,14.385293473922111],[107.41828943202165,14.38642834647429],[107.41912103575343,14.388050545940501],[107.41925073593642,14.38901471120798],[107.41953302268394,14.389578332934866],[107.42131830184343,14.391213884335452],[107.42124200783987,14.392776956394012],[107.42221857004155,14.395702829639703],[107.42151666584245,14.39738606479895],[107.42156244266897,14.399174204570725],[107.42208887005984,14.400414934315917],[107.42194391271438,14.402441492856399],[107.41904474261283,14.404894343049442],[107.41882349035174,14.406006326661924],[107.4190523720162,14.407340518411814],[107.42086816754012,14.409962168110017],[107.42262292878902,14.4111447253413],[107.4229891403641,14.413111201144952],[107.42353082732488,14.414271822916922],[107.42511011217535,14.416362277000456],[107.42544580542149,14.416993609462963],[107.42570520426447,14.417262545345766],[107.42588830995771,14.417328348907413],[107.42638422156249,14.41713856774364],[107.42670465535267,14.415688982846367],[107.4268648724701,14.415347566706355],[107.42716241891193,14.415163507935274],[107.42760492369615,14.415136805082494],[107.43039728206575,14.4156517884976],[107.43186212601094,14.415658464691202],[107.43398309791051,14.415137758898846],[107.43493677225905,14.415218820632724],[107.4360125165923,14.415773859421614],[107.43810297193798,14.418379298117554],[107.43914819848298,14.42022561087498],[107.44015527837071,14.421280374334945],[107.44307733712033,14.422994127554762],[107.4487459773063,14.425858965277298],[107.45102716554595,14.423836221001487],[107.45551325020139,14.420462121854166],[107.45723749316545,14.419779290915217],[107.45745874509682,14.419552316249362],[107.45748926276129,14.41927193600149],[107.45643640656426,14.417644014254254],[107.45651270050742,14.415944565911074],[107.45713068149243,14.4138197800221],[107.45834375418582,14.412516106471166],[107.45877100079393,14.411130418381635],[107.4588854411575,14.40869854831641],[107.4597857100903,14.406030167384904],[107.45994592716036,14.405869950200437],[107.46019769696447,14.405799378429366],[107.46135736491284,14.405786980584315],[107.46307397933339,14.40551995220533],[107.46448541745598,14.40484856531527],[107.46559167897414,14.40442990184771],[107.46630884202509,14.404308784757117],[107.46717096443133,14.40436791292309],[107.47005487573668,14.405016410711985],[107.47161127172578,14.407151688253775],[107.47193933576366,14.407420624082775],[107.47251916981088,14.407572258944489],[107.47574640398228,14.407494056875349],[107.47602106157942,14.407331932829933],[107.47621942684485,14.406928527912667],[107.4763414966811,14.406445015428128],[107.47641779103671,14.405244339873512],[107.4765551196589,14.405129898702723],[107.47776056356354,14.404867637448175],[107.47995782976454,14.403732765307417],[107.48061395765828,14.403237807999897],[107.48151422588784,14.403106201294388],[107.48237634717023,14.403083313350582],[107.48435236104815,14.403469550812536],[107.48599268068564,14.40458535002019],[107.48793054715523,14.405334937733139],[107.48825861108222,14.405648696897144],[107.48905206777235,14.407170761247672],[107.48967767874001,14.409088599940487],[107.48985315490883,14.41222523546834],[107.49070001751411,14.413778770199267],[107.49070764710042,14.414232719450442],[107.49052454106277,14.414641845032817],[107.4892428037473,14.41642235553209],[107.4892504326932,14.416648376513566],[107.48961664352112,14.418371666850872],[107.48990656092018,14.422412384538092],[107.4897997496469,14.424352157931839],[107.49008966647418,14.425210464737965],[107.48966242089332,14.426574218721791],[107.48975397425308,14.429029930992083],[107.48989893168057,14.42941426170471],[107.49142481084311,14.431159485990593],[107.49163843440901,14.43165539629441],[107.49188257528574,14.432627190321165],[107.49219537993869,14.433212746207268],[107.4926836616114,14.433750619142685],[107.49401880567149,14.434688080157706],[107.49610925944745,14.434801568138385],[107.49655939345304,14.434910286577558],[107.49681879335617,14.435406197377143],[107.49684168138727,14.43751191016428],[107.49694086343591,14.438054550858205],[107.49741388624291,14.439036834759353],[107.49785639189345,14.441115845153954],[107.4989321352832,14.442237366379723],[107.50002313974137,14.444052209334409],[107.5000918040327,14.444390763440651],[107.50009943349582,14.446881759933419],[107.50019098587006,14.447267998090663],[107.50045038633031,14.447516907279413],[107.50130487764409,14.44865082661391],[107.50148798281765,14.449147690158073],[107.5014879831016,14.45203160211292],[107.50158716559879,14.452811707083537],[107.50181604693732,14.45354031475315],[107.5023806221031,14.454658974210806],[107.50400568406053,14.456621636274997],[107.50438715372115,14.45735215155694],[107.5044253001633,14.458248604292887],[107.50409723631783,14.458958138566995],[107.50378443126118,14.459309090792633],[107.50280786976822,14.459913720795836],[107.50191522922437,14.460391512180843],[107.50146509538754,14.460895051864467],[107.49997736341818,14.46345089892974],[107.49985529341868,14.464267244276499],[107.50015284009245,14.46572731877224],[107.50045038673179,14.466243257203816],[107.50218225914952,14.467988480732076],[107.50301386310471,14.469302644362486],[107.50306726919716,14.469822396896676],[107.50296808692966,14.471467484986613],[107.50309778746353,14.472851267039534],[107.50391413224956,14.476017465488567],[107.50412775569117,14.47749852240079],[107.5040133147713,14.479699602991237],[107.50372339759267,14.48082780000468],[107.50368525012097,14.481482019786664],[107.5037768033789,14.48193120078567],[107.50412012547959,14.48295258563406],[107.50469233055337,14.484535684493764],[107.50493647137813,14.48505639177872],[107.50515772388192,14.485384454783757],[107.5054400119904,14.485702983005385],[107.50608850985493,14.4862656503711],[107.50785852972245,14.487347116309962],[107.50817133454247,14.487631311620094],[107.50841547551556,14.488029947674432],[107.50858332209103,14.488625994073473],[107.50869776268947,14.489460460202695],[107.50875879768407,14.490276804725609],[107.50876642797948,14.491879930624675],[107.508629098854,14.492857447006282],[107.50830866407597,14.494487276637313],[107.508323923104,14.4949803261553],[107.50846125206314,14.49535798141715],[107.50863672830236,14.495595445629133],[107.50895716297839,14.495834819170474],[107.50927759684481,14.495978823193651],[107.50992609628824,14.496139993738158],[107.51266504870961,14.496596804047211],[107.51285578315992,14.496665468927167],[107.51292444855606,14.496759883194324],[107.51186396285621,14.50225686136439],[107.51171900310597,14.502528659005254],[107.51152826926115,14.5026659882164],[107.51094843549852,14.50280713184535],[107.51013208954735,14.503218165366821],[107.50983454395192,14.504120341631474],[107.50833155303951,14.506934634660059],[107.50708033282702,14.50827645441026],[107.50704981460495,14.508458606235795],[107.50724054933332,14.50875615294684],[107.51051356001032,14.510204783564392],[107.51094080608591,14.510726443503348],[107.51122309389069,14.510975352135278],[107.51152827035799,14.511131755525152],[107.51277949036417,14.511394015330207],[107.5142977403323,14.51142167209511],[107.5149996443892,14.511514178355327],[107.51572443726786,14.512060633445298],[107.51617457100227,14.51280736031091],[107.51745630922213,14.514002314176741],[107.51862360582993,14.515279284015747],[107.51919581128745,14.517073146753376],[107.5195315042623,14.517579547123763],[107.52100397883996,14.518208018171292],[107.52138544727356,14.519332400820147],[107.5215914413682,14.520484439179596],[107.52236201092443,14.52246426716049],[107.52310206171096,14.523467532614072],[107.5236132306442,14.524256222002615],[107.52355219619687,14.524928561559587],[107.52294184465069,14.525466433687136],[107.5225603746258,14.526731959342566],[107.52233149324586,14.52866887295949],[107.52259852208745,14.529955378517531],[107.52313258032173,14.53091668297703],[107.52384974321261,14.53123139561886],[107.52426173037978,14.53125332990242],[107.52528406881257,14.531564227965688],[107.5254595450027,14.53193902173671],[107.5254671738487,14.534441463127363],[107.52571894433544,14.534782878980705],[107.52744318817734,14.535973063626136],[107.52777888112128,14.536533824904243],[107.52795435758074,14.536987773846281],[107.52801539251945,14.537443630324992],[107.5279925042252,14.5379280972874],[107.52746607679758,14.539276592505216],[107.52767206991378,14.540214053674067],[107.52764918173473,14.540670864265739],[107.52751185233647,14.540995112737606],[107.52724482309644,14.541373722011215],[107.52675654241068,14.542453281010213],[107.52660395422471,14.543395510963267],[107.5265810667639,14.543932430147606],[107.52664210187808,14.544308178295061],[107.52684046556628,14.54478883033839],[107.528084058092,14.546333782188631],[107.53190638440441,14.553678028225628],[107.5317537961707,14.555372707325981],[107.53031947043708,14.557563297927734],[107.52948023736967,14.55837868948714],[107.52812220558492,14.559613697672875],[107.52671076693224,14.559804432853012],[107.52489497132507,14.560361379364291],[107.52476527153185,14.5605778634234],[107.52488734174742,14.561006062106888],[107.52520014781581,14.561352246458325],[107.52565028145112,14.562072270485032],[107.52576472248235,14.562528127526178],[107.5257647227594,14.562796109233194],[107.5256579106053,14.56309270195173],[107.52426936078521,14.564289563234077],[107.52268244670377,14.56554269137419],[107.52268244678466,14.56586503382624],[107.5227739993744,14.5660786561137],[107.52336146304094,14.566851132202217],[107.52347590384883,14.567306035428945],[107.52355219786617,14.56829881076748],[107.52270533582433,14.571505064002181],[107.52271296478374,14.571773045879585],[107.52279688742671,14.571959966512253],[107.52307917581119,14.572252744227116],[107.52365900949768,14.572676175785986],[107.52396418630134,14.573021405921573],[107.52410914387367,14.573477261914421],[107.524086255829,14.573934071222606],[107.52390315039239,14.574446195979117],[107.52285029365802,14.575665944984488],[107.52279688779706,14.575934880405171],[107.5229723640098,14.576739782074398],[107.52279688788768,14.577762120835692],[107.52212550206805,14.579461568915077],[107.52201869009897,14.580187314779018],[107.52183558493954,14.580484861334227],[107.52139307990967,14.580785269442508],[107.5203554822493,14.581360334451492],[107.5198748306559,14.58187531850175],[107.51906611421647,14.583200926328733],[107.51857783341181,14.583742613306502],[107.51668574287082,14.585079664208099],[107.51680781465375,14.585695738427825],[107.51725031866796,14.58614777902115],[107.5180056287397,14.586677069350037],[107.51863886846405,14.586777204687138],[107.52031733505035,14.586866850443919],[107.52117945791477,14.58720635848383],[107.52201106106948,14.587976926953592],[107.52278925989346,14.589580052979118],[107.5227663718237,14.589955801350285],[107.52260615399494,14.590280050008042],[107.52168299801227,14.5912842695361],[107.52159907351326,14.591579908337613],[107.52174403296331,14.591901297413742],[107.52193476795681,14.592113966085881],[107.52288081302977,14.59282826808531],[107.52319361796349,14.593308920352547],[107.52333094633413,14.593682760261725],[107.52326228202331,14.594946379136491],[107.52485682562236,14.59788369644864],[107.52521540734236,14.598202224058262],[107.52552058312612,14.598279471042893],[107.52598597561861,14.598193641010672],[107.52738978525734,14.597560400063713],[107.52821375923655,14.597470755566146],[107.52923609845305,14.597567076181974],[107.52989985630423,14.59793614813854],[107.53045680153706,14.598575109306564],[107.53121211152671,14.599050039095507],[107.5315935807402,14.599126333049636],[107.53206660458197,14.598987097207534],[107.53272273210916,14.598657124918011],[107.53327204777895,14.598517889389672],[107.53373744093597,14.598566526518855],[107.53446223325662,14.598988050190528],[107.53804042062039,14.60217236971786],[107.53860499562698,14.603079313270143],[107.538940688858,14.603881353395293],[107.53916194146277,14.604174131558484],[107.54035975588178,14.604939932452254],[107.54187800605645,14.605246061279416],[107.54245783953976,14.605508322496135],[107.54282405044215,14.605906958090323],[107.54290034457804,14.606331343446879],[107.54282405067002,14.60721826007031],[107.5430224144186,14.607805722883432],[107.54402949456006,14.608707899217466],[107.5447695471799,14.610846991374743],[107.54365565503781,14.615177626692057],[107.5435335851388,14.616123672050584],[107.54319026243896,14.616844648901255],[107.54284693915284,14.617063041047071],[107.54157283019276,14.617079252335529],[107.54141261293259,14.617140288024851],[107.5408632970578,14.617691512062693],[107.54020716961652,14.618790144431657],[107.53996302823279,14.618952270135924],[107.53863551310096,14.619323248862317],[107.5382845611572,14.619529241681084],[107.53813197306296,14.619717115672255],[107.53793360897795,14.620400900695445],[107.53795649747552,14.62172841537362],[107.5397036297921,14.626784797040084],[107.54874446291834,14.653438086840913],[107.54788234151007,14.659591194476548],[107.54815700017544,14.659523482976812],[107.54863002197277,14.659510132596917],[107.5496599897208,14.659816261548066],[107.5498202081245,14.659896370299336],[107.54991939047609,14.660068031366109],[107.55007960688367,14.660212036456496],[107.55058314676339,14.660429473962395],[107.5508501766139,14.660497185313654],[107.55192592162852,14.660420890745703],[107.55225398496349,14.660291191335725],[107.55285670723492,14.659933562679514],[107.55309321823883,14.659838196455834],[107.5533221006384,14.659801003310527],[107.55355861097533,14.659806725136615],[107.55376460553919,14.65986299058961],[107.55450465614689,14.660182472205204],[107.55455043230445,14.660479064944179],[107.55412318614496,14.662119385079183],[107.55449702770183,14.665621277235648],[107.5541231865993,14.667579170545217],[107.55168178023683,14.668842789684895],[107.55030086082697,14.670288560015546],[107.54963710229141,14.671102997320384],[107.54949977350388,14.672277924640404],[107.54977443198493,14.673339363722633],[107.54986598523506,14.674584863137202],[107.54941585085932,14.67495679553189],[107.54878261099118,14.675624368341227],[107.5486757999134,14.67632245733903],[107.54891231095581,14.6773838970567],[107.54941585102478,14.678295609862461],[107.54987361366292,14.67891454393653],[107.55176570427543,14.679189201796772],[107.55191829175071,14.679588791615334],[107.55196406936639,14.680358406554026],[107.55284907798267,14.681963441452167],[107.5538332702074,14.682355400977476],[107.55642726434905,14.685132501231344],[107.5563814882626,14.68554830308892],[107.55619075323747,14.685889718155794],[107.55651881743199,14.686214920709288],[107.55767085659038,14.688183305080544],[107.55841090754501,14.690009591061422],[107.55815913736923,14.69122266524217],[107.55847194269322,14.692392823215075],[107.55976893974713,14.693772790015178],[107.56004359790519,14.694246766651158],[107.55905177727334,14.696495529981078],[107.558815265817,14.698882577187518],[107.5589373365494,14.700165269849078],[107.55952480044276,14.701809403871083],[107.55943324721521,14.70379209262435],[107.5585100898903,14.70534276807871],[107.55644252486178,14.708575723613029],[107.55543544406619,14.70974206710729],[107.55503871609216,14.711727617359509],[107.555504109343,14.712419031623378],[107.55581691481243,14.713552949977812],[107.55565669639833,14.715829371107075],[107.55593135625264,14.716927050754318],[107.55657985393859,14.71754312312961],[107.55677821770978,14.71827459235529],[107.5563357141273,14.719453332986637],[107.55614497929821,14.720801829053697],[107.55484798197242,14.720937250699178],[107.55360438975981,14.721245287969335],[107.55274226878143,14.721107958803733],[107.55069759096185,14.720432757923128],[107.54832484902573,14.720569132951955],[107.5473864338743,14.72098302759463],[107.5462496540698,14.7208123200117],[107.54447200462322,14.721210955712003],[107.54400661183679,14.721362589909585],[107.54267146816194,14.72156095370739],[107.5413515826222,14.721962451571194],[107.53929927616049,14.72302961289276],[107.53743770317348,14.723616122469483],[107.53591945396737,14.724651813732546],[107.5354006548382,14.724860667155898],[107.53341701178368,14.723475932657525],[107.53212764489811,14.722817897849986],[107.53073146587882,14.723118304717492],[107.52882411633043,14.723424434623038],[107.52692439768185,14.72379159861649],[107.52658870377843,14.72369337090855],[107.52593257560353,14.72276353857194],[107.52536037106059,14.722301006636407],[107.52452113718026,14.722269534391591],[107.5238955275741,14.722337245542203],[107.52333858175041,14.723077296957841],[107.52313258827911,14.723486423498578],[107.52322414074486,14.723934650519109],[107.52352168766944,14.72446107916441],[107.52342250567632,14.725053310598877],[107.52279689422721,14.725528239739383],[107.52246883034286,14.725960254763217],[107.52218654398087,14.726798534743835],[107.52130153383594,14.727868557428728],[107.5228350414476,14.728890896510139],[107.52343013449156,14.729783534903124],[107.52666499784931,14.733894824924008],[107.52719142697777,14.734143734239199],[107.52912166327027,14.734478473740289],[107.53054835969931,14.735718250170223],[107.53410365857569,14.737643718869025],[107.5385515953649,14.741023540877896],[107.53775813900226,14.743152142189977],[107.53784969125728,14.743506909162415],[107.53891780660285,14.744410992609403],[107.53932216445733,14.745806216950168],[107.54099300163183,14.747483731504373],[107.54202296952016,14.749193669555973],[107.54205348769128,14.750092030228181],[107.54157283600132,14.750826359194226],[107.53972652337174,14.752560139652656],[107.5393603124259,14.753403187316742],[107.53926875885746,14.754863262403697],[107.53906276524737,14.755204678586106],[107.53701808810281,14.756058217016086],[107.53517940403523,14.758189678662575],[107.53342464376398,14.761617184743354],[107.53404262483124,14.763552189968475],[107.53410365974185,14.764484883827645],[107.53396633094137,14.764910221921397],[107.53376033622528,14.765149594969808],[107.5334322722288,14.765323163561487],[107.53163936534126,14.765410901406282],[107.53105190186601,14.765756131510866],[107.53028133282565,14.766765119519686],[107.53028896254831,14.767401220555882],[107.53111293659298,14.769121648780983],[107.53122737799575,14.770240308393584],[107.53104427241264,14.77083540203506],[107.53001430348664,14.772059919831232],[107.52780940848729,14.77250337747822],[107.52721431679352,14.772920134124735],[107.5268023291586,14.773540022286003],[107.52635982397388,14.77442503209777],[107.5260393899787,14.775657179212999],[107.525520590933,14.77587175581327],[107.52233913377904,14.77664900041135],[107.52191188717927,14.776640417407236],[107.52145412416469,14.776588918833905],[107.5205157076196,14.776233198573033],[107.51989772641174,14.775695326588076],[107.51915767555445,14.776307585740927],[107.51725795643064,14.778949263942621],[107.5167773053707,14.781387808708322],[107.51583126015005,14.782619002581399],[107.51555660164907,14.784351828934426],[107.51441982151644,14.783991339822292],[107.51396968842947,14.78399610782668],[107.51293208980869,14.784465316242057],[107.51228359169079,14.7846589116687],[107.51169612789701,14.784597876628968],[107.50978115016467,14.783634665900983],[107.5091784278637,14.783828262106015],[107.5063097760987,14.785465721304657],[107.50581386518691,14.785969260967605],[107.50576808904924,14.786757949311918],[107.50644710503849,14.787869933534985],[107.5087664410966,14.790159706124818],[107.50856807619544,14.790907385957926],[107.50779750788188,14.792136672509427],[107.50795009550792,14.793398383714438],[107.50935390468696,14.79569006334779],[107.51060512516443,14.796677116159726],[107.51240566254957,14.797242645731433],[107.51556423170328,14.799276832321262],[107.51696804050836,14.801924232609935],[107.51730373399451,14.802107337687652],[107.51943996466878,14.80168581361473],[107.5243075182619,14.805109503965632],[107.52429988951812,14.806033614957895],[107.52214840047802,14.812950614349027],[107.52215602914245,14.813324455980148],[107.52238491098616,14.813711646759216],[107.52327755058757,14.81422758452509],[107.52854946271704,14.813805107446571],[107.53318813507214,14.816739562590033],[107.53663662043553,14.818269256478919],[107.53731563647715,14.81831312570079],[107.5380938349007,14.818168167017465],[107.53949001388729,14.818102363155713],[107.53996303656052,14.818215849904606],[107.5402605830306,14.818449500181217],[107.54116848068806,14.820195678391324],[107.540954858636,14.825561050179816],[107.54109981755947,14.825965408625727],[107.54704311582508,14.830832008914323],[107.5496599972481,14.831310752383597],[107.55141475922767,14.833490852725324],[107.55236080393364,14.833854202319028],[107.55423000545493,14.833871368133853],[107.55535152649949,14.834606651636896],[107.56002834624671,14.837943557165325],[107.56190517746106,14.838619712323275],[107.5624544933683,14.839224342539616],[107.5626375987416,14.840645315979293],[107.56563595182085,14.844061378426241],[107.5664522963998,14.846669677284192],[107.56645229717682,14.84840917945718],[107.56655147873369,14.84870195751759],[107.56667354876062,14.848874572119765],[107.56833675673512,14.850034240801921],[107.57032039983196,14.85195780157606],[107.57485989036525,14.8536839520695],[107.57929256859477,14.854363922533556],[107.58002499021836,14.854711058830212],[107.58024624261051,14.855381492271846],[107.58011654249101,14.857366088230176],[107.58361843489917,14.860542777556173],[107.58718899197586,14.86304712641517],[107.58985928007125,14.863672737239574],[107.59033993184485,14.86454534941232],[107.5894778101167,14.869606498610324],[107.58957699353907,14.8700728457676],[107.59155300626118,14.873176101568932],[107.59150722942672,14.873644355174463],[107.5912936059905,14.8738713303132],[107.58773067975018,14.87600756116164],[107.58748653866394,14.876272682430987],[107.58750179687516,14.876734261180827],[107.58871487173114,14.879531387799892],[107.58789089659041,14.881092552958087],[107.5855257848815,14.883195403930499],[107.58593777186405,14.889958863490424],[107.5859454018502,14.890744690665839],[107.5858157016569,14.891064171181045],[107.58490780397698,14.891991143974455],[107.58318356112996,14.892777924826154],[107.57963589329324,14.892592911390276],[107.5766604292011,14.892776017983142],[107.57600430121308,14.89269018679138],[107.57502010878126,14.8921589898447],[107.57392910449815,14.891234879676322],[107.57354763570235,14.891221527601983],[107.57173183978044,14.892550950076124],[107.57125881686567,14.893342500313555],[107.57105282348178,14.894683366425104],[107.570747647493,14.895098215602841],[107.56481960758387,14.899706370065918],[107.56344631654137,14.900581842507263],[107.56190517969945,14.902358538293543],[107.56115749870605,14.90259123464403],[107.55909756176959,14.901978022136404],[107.55711392022994,14.901888376808165],[107.55474880737232,14.900748736400125],[107.55411556802223,14.90083075254753],[107.55381039195153,14.901020533296652],[107.55124691473259,14.903931147365379],[107.55053738171672,14.904181963133228],[107.54801968168634,14.904117114460748],[107.54422787152846,14.905542858082828],[107.54057339305227,14.90809870518843],[107.53905514318487,14.90983725342224],[107.53821590956514,14.910482891379099],[107.53804806261333,14.910690792406221],[107.53751400538698,14.912694461173833],[107.53717068339262,14.913334377058638],[107.53547695748318,14.914662845114204],[107.53316524993264,14.915722377150583],[107.53286770434862,14.916025646958087],[107.52959469438652,14.922240741815894],[107.52960232334361,14.922876842929206],[107.53057125596263,14.92514754188436],[107.53061703308407,14.927053937069255],[107.53033474530126,14.927955159411002],[107.52814510948038,14.928128728199784],[107.52681759475777,14.928731450683244],[107.52368954246289,14.929729947914458],[107.52251461654107,14.929724225551418],[107.52089718420508,14.92916251044072],[107.51993588066695,14.92917300152968],[107.51759365674607,14.929815778064059],[107.51576260173722,14.930771359720053],[107.51506832731727,14.931072720689848],[107.51419857671009,14.931063184093503],[107.5116045813107,14.929482945766818],[107.5086138592952,14.928617962931668],[107.5061724526841,14.928626547147609],[107.50584438931294,14.928779134353173],[107.50542477254072,14.930243024222062],[107.50244930864704,14.934410581572033],[107.50192287994348,14.93486453079877],[107.50044277769187,14.935493956163125],[107.49956539711513,14.936257848387706],[107.4992831092501,14.936925420427082],[107.50083950642936,14.9377427198521],[107.49971798595979,14.942906867346919],[107.49774960168308,14.943019399898871],[107.4938891273387,14.943531523354508],[107.49064663586735,14.943602095391132],[107.48851803438973,14.94709445173103],[107.487541471903,14.947792541111962],[107.48664120363166,14.948717604729321],[107.48442867832144,14.950583945660915],[107.48359707482092,14.951009285264194],[107.4833987102362,14.951214325504944],[107.48303249990785,14.953273308396538],[107.48276547101617,14.953775894070818],[107.48209408358551,14.954516898828178],[107.48091915754337,14.955388557194777],[107.48036984094281,14.95606948115287],[107.47917965578286,14.957324516912985],[107.47892025591814,14.957752716151429],[107.47856930423784,14.959072601363774],[107.47860745142654,14.96069766289591],[107.47919491510909,14.962950241463334],[107.48070553532426,14.966258537411319],[107.48126248027422,14.966946136733084],[107.4815600272153,14.969468606310388],[107.48238400130933,14.970642578632432],[107.48002651927045,14.971587669918236],[107.47911099198379,14.972216142373993],[107.47898892168558,14.972397339950732],[107.47883633348847,14.97302771830728],[107.47879055715318,14.973507417481628],[107.47845486373099,14.974157822088152],[107.47777584734966,14.974881661475756],[107.47735623057295,14.975162995132738],[107.47605923313486,14.975167764139629],[107.47569302223872,14.975366128132599],[107.47472408932961,14.976151955513389],[107.47390011520996,14.976692689897801],[107.47367886282464,14.977018845354733],[107.47332791081472,14.978204263534401],[107.47325161666721,14.97911502234582],[107.47226742525449,14.981458200059913],[107.47104672161345,14.98337889984509],[107.47044399954777,14.983884348318155],[107.46973446632236,14.984132302662111],[107.46865109207974,14.984014047233044],[107.46826199319841,14.984028352850476],[107.46771267719295,14.98431159449039],[107.4673159480789,14.984911455373137],[107.46727017225555,14.985484613587927],[107.46743038908502,14.986314310563246],[107.46733883633343,14.986913217506348],[107.46741512957867,14.98732806664334],[107.46780422928535,14.987559809462585],[107.4687731630515,14.987521661898397],[107.47016171216987,14.987048638712178],[107.47050503500633,14.987086786133709],[107.47130612215138,14.987604631213394],[107.47200802608089,14.98791552918023],[107.47303036503612,14.987911713712068],[107.473945891785,14.98761035332986],[107.47661618037833,14.987554086617127],[107.47740963678297,14.987240327665456],[107.47781399494829,14.987215531593252],[107.47789791859623,14.987394822828458],[107.4770968324386,14.988498224163072],[107.4769747619793,14.988832010341074],[107.47689846811075,14.989747537109391],[107.47719601435942,14.990478052177947],[107.47812680076063,14.99181891756356],[107.47822598261004,14.992579950295395],[107.47797421218857,14.993234171016843],[107.47461727974058,14.99345065506271],[107.47310665927316,14.994236482326384],[107.47268704279696,14.99457313063883],[107.47216824373716,14.995438112548566],[107.47188595650279,14.99609233344132],[107.47048977646101,14.997763170959695],[107.47036007734792,14.998665346605147],[107.47090176457358,15.000113977186512],[107.47087887532045,15.000613703456231],[107.47073391777096,15.001023783947902],[107.46921566799361,15.00281382944069],[107.46906308037671,15.003092302703978],[107.4690401916616,15.005233301508575],[107.4685290230896,15.006915583587501],[107.46807888933613,15.007855906309471],[107.46836880567676,15.008503451207524],[107.46922329801491,15.011619105586531],[107.46992520194212,15.012844577610887],[107.47158841048181,15.014468684465431],[107.47214535663961,15.014822497160216],[107.47265652496492,15.015717997579474],[107.47280911337904,15.016810908192328],[107.47317532438841,15.018019214401809],[107.4729922192092,15.019614711315475],[107.47361020049468,15.020162119911046],[107.47489193839876,15.020889772893987],[107.47526577836608,15.021009936627273],[107.4769213579252,15.021074786214605],[107.47821072575694,15.021545901407116],[107.47912625262236,15.022312655357094],[107.4793322471082,15.02236510756586],[107.4811938186298,15.022629274759781],[107.48227719309185,15.022561563940902],[107.48313931330742,15.022441401158408],[107.48405484174654,15.02283336218347],[107.48491696298036,15.023460879207716],[107.48570279082739,15.023688807270714],[107.48677853545352,15.02353049652689],[107.48710659943495,15.023402704884173],[107.48754147524238,15.023024096353309],[107.48799923931713,15.02307368729555],[107.48828915551975,15.023293032594795],[107.48973874058926,15.024080767541001],[107.48999051084205,15.024147524754834],[107.49072293287229,15.024180903150427],[107.49182919528761,15.023839487939382],[107.49251584029703,15.023789897154748],[107.49302701002165,15.023472322894579],[107.49543026870556,15.020952715561144],[107.49662045488095,15.020232691453495],[107.49683407821948,15.020251764662058],[107.4980852976675,15.021069063203162],[107.50053433452602,15.022095217663148],[107.5024340529105,15.024890436530864],[107.50746945468066,15.026493563583616],[107.51116208128624,15.028306497532432],[107.51613644683387,15.032742037326464],[107.51666287467502,15.033309473335576],[107.51732663219119,15.033773912083769],[107.5193636809777,15.034770501793577],[107.51957730436057,15.035004151733084],[107.51972226170452,15.035390390341874],[107.5192873869658,15.038209452520867],[107.51928738677098,15.038713945006954],[107.51937894046924,15.03889895830995],[107.51970700278838,15.038996233669703],[107.52123288247965,15.038726343099013],[107.52356747730555,15.038582338116921],[107.52423123382101,15.038692964065262],[107.52518490900691,15.039112581259609],[107.52807644933971,15.04159308819659],[107.52849606665758,15.041704667785512],[107.529747286936,15.040965570023687],[107.53033475054112,15.040807259741301],[107.5306704437269,15.04092170133782],[107.53150967754937,15.041636956607919],[107.53246335116688,15.04313422575518],[107.53360013176538,15.043998255285063],[107.53462247095025,15.045435441742804],[107.53577450910916,15.046383394078237],[107.53739194065352,15.04710627921336],[107.53981045879728,15.048924936034068],[107.54061154476504,15.049336922534673],[107.54111508605928,15.049466622758786],[107.54161862614096,15.049443734704493],[107.54354886199954,15.049085152590024],[107.545891085848,15.04766894667728],[107.54740933627288,15.0472808016891],[107.5484545627579,15.047252190120984],[107.54905728498373,15.047093880927036],[107.55101803999,15.04558898240326],[107.55341367032614,15.044929993226337],[107.55623654472785,15.04333163521317],[107.55891446251614,15.040790092946548],[107.56076840602546,15.03980017857287],[107.56370572265948,15.037139427704064],[107.56657437491518,15.03507567584528],[107.56724576177974,15.03473139947802],[107.56788663085692,15.034657013334133],[107.56894711651825,15.035133850585567],[107.56975583264364,15.035950195347123],[107.5700304906824,15.035930168006049],[107.57145718820972,15.035239708364665],[107.57584408924252,15.03266097145107],[107.57659939901572,15.031483185023227],[107.57687405807687,15.030081282842316],[107.5773928568543,15.029737960532673],[107.57883481170207,15.029148589692964],[107.57966641531185,15.028987418565013],[107.58515958017279,15.0288491352756],[107.58616666000096,15.02920867021488],[107.5871355927536,15.029012213261305],[107.58758572781147,15.02904082426514],[107.58800534381518,15.029239188494453],[107.58843258960917,15.02989054754309],[107.58838681446608,15.030843268297895],[107.58773068617909,15.033782492649532],[107.58773831628243,15.034591208449472],[107.58811978535475,15.035774718817148],[107.58921078972215,15.037211905574967],[107.5893710063503,15.039147864459595],[107.58971432946545,15.039918433330623],[107.59293393339406,15.044254791060707],[107.59322385053723,15.04535533083777],[107.59363583759944,15.046192657035741],[107.59478787718771,15.046870719318287],[107.59339169752825,15.04882384446475],[107.59307889322977,15.050133239571858],[107.59330777535473,15.050636780062355],[107.5936739849871,15.05098582364479],[107.59475735899062,15.051394950598734],[107.59596280422635,15.051331053618075],[107.59643582585454,15.051064026099747],[107.59821347469739,15.04928256127166],[107.598709386229,15.049175750045345],[107.60155514978787,15.04903460643658],[107.60294370031532,15.04815817903373],[107.60343198107847,15.04806948722982],[107.60439328525177,15.047467719741181],[107.60478238410738,15.046890745977155],[107.60510281784293,15.045926581101646],[107.60546139955119,15.045703421588387],[107.60636929817366,15.045962821599135],[107.60746793138833,15.046615134605933],[107.6097109735075,15.047010908968646],[107.61156491604616,15.047511588098331],[107.61212186151326,15.047455321063273],[107.61257199576367,15.047281751800895],[107.61291531801211,15.046973715755328],[107.61345700532401,15.046074400653756],[107.61407498570827,15.045629987532772],[107.61452512079815,15.045456419450783],[107.61551694172623,15.045924673583714],[107.61649350426822,15.04667140038186],[107.61991910300411,15.050112257651302],[107.62081174290122,15.050758848641102],[107.6162646242282,15.060280333713983],[107.61508969677608,15.061692725735844],[107.61504392047217,15.06219435871607],[107.61550168356015,15.064560424277872],[107.61503629127228,15.06623412293205],[107.61328916031174,15.066625128619842],[107.61202267963722,15.06640387708706],[107.61121396418363,15.066682349970895],[107.61074857136981,15.067059051041115],[107.60968045559515,15.068604004217777],[107.60689572753506,15.072317611617853],[107.60614041708124,15.074154387965388],[107.60414151607765,15.076266777950714],[107.60322598845424,15.078013908239537],[107.60300473673966,15.078749191314728],[107.6029208131256,15.081446182512135],[107.60266904334,15.082088960295835],[107.59838132369087,15.086105836095165],[107.59804563098677,15.087020408976468],[107.59819821742498,15.088222993454771],[107.60036496547052,15.089714539223262],[107.60157803995608,15.091149819346954],[107.60365323541672,15.093392861470868],[107.60926846995712,15.097346795302585],[107.61178617065082,15.10065413739979],[107.61260251513207,15.101233971254493],[107.61452512320575,15.102096092905336],[107.61610440743485,15.102532876562647],[107.61889676698453,15.102618706635955],[107.62148313140537,15.104079736194352],[107.62288693959736,15.105816376202092],[107.62319211554863,15.106688035073766],[107.62321500396273,15.107160103760679],[107.6228106458979,15.107888711066842],[107.6227114643535,15.10824443114338],[107.62293271576124,15.109320176512073],[107.62210874230819,15.111426843755822],[107.62133817331188,15.112531197413912],[107.61956815345705,15.114615929256448],[107.6191943129364,15.11546279246672],[107.61882810240147,15.11842395219362],[107.61875943792032,15.11936808985876],[107.61833219211634,15.120047105662218],[107.61683683000426,15.121379388633143],[107.61600522672235,15.122770799395868],[107.61556272139971,15.12318850904344],[107.61206845930687,15.125301851564625],[107.61025266333584,15.126973642410505],[107.60789518091947,15.132468714703565],[107.60786466265714,15.132813945058405],[107.6081240627882,15.132828249811253],[107.61096982704676,15.13166667434351],[107.61330442160896,15.131706728241882],[107.61809568062715,15.133580698468117],[107.61872129231753,15.13370753733131],[107.62051419884878,15.133905901391437],[107.6215212791345,15.13419772560049],[107.62288694143818,15.135047448997348],[107.62429837894172,15.137118829915082],[107.62530545894542,15.140053285848413],[107.62540464143518,15.141712679032198],[107.62402372138853,15.142729296587346],[107.62373380491837,15.143684877269926],[107.6237872110205,15.145562662986288],[107.62403135025977,15.146716608346669],[107.62488584311627,15.1478848598115],[107.62707547935135,15.149378314022035],[107.62695340877957,15.149776950179703],[107.62457303775578,15.151002420702795],[107.62303952994152,15.152346147916461],[107.62001066005854,15.152153505942678],[107.61880521579951,15.152965083583847],[107.6180880530421,15.153705134632526],[107.61790494700162,15.154227747870964],[107.61772184213747,15.154392733344318],[107.61721830216845,15.15462066257977],[107.61705045516284,15.154817119452286],[107.61710386073723,15.155465617038468],[107.61705045519919,15.155742183582525],[107.61395292081116,15.162094607601533],[107.61310605846766,15.163495555451943],[107.61303739376187,15.164436831980483],[107.61294584092842,15.164709582968355],[107.61268644245801,15.164972796776352],[107.61203794297376,15.16507770234373],[107.6118700962235,15.16525127006763],[107.61147336863995,15.166938319791411],[107.61162595656741,15.167516246793614],[107.61161832596372,15.16839648788902],[107.6113741863218,15.16869975728465],[107.61119108014137,15.169042125908621],[107.61115293373115,15.16940166121575],[107.61107663908868,15.169582859079204],[107.61062650546145,15.17000819792573],[107.61063413483713,15.17042781434576],[107.60978727236058,15.171977535342853],[107.60952024306089,15.172120586185619],[107.6089251504067,15.17224742498616],[107.6078188880654,15.172943607647882],[107.6073000892695,15.173091427865797],[107.60712461322184,15.173219219600135],[107.6069949130558,15.173394695365486],[107.6069415086054,15.173915401425711],[107.6062243443335,15.17543746664801],[107.60525541201754,15.176867023489837],[107.60511808249296,15.177295224010958],[107.6046832075803,15.177647130134847],[107.60456876640922,15.177821651744155],[107.60454587898772,15.178405300417197],[107.60369138542744,15.180151479078939],[107.60321073513514,15.18062164020212],[107.60285978196261,15.181241529247103],[107.60255460689729,15.18280650769976],[107.60237913111925,15.183203236722791],[107.60169248524052,15.183842198330122],[107.60104398645151,15.184243695291828],[107.60099821015748,15.184370534587948],[107.60134153300213,15.184745328105693],[107.60128049828565,15.184998052081008],[107.60070829247239,15.185834424738447],[107.6006167396734,15.185914533682025],[107.60053281728072,15.185930745348308],[107.60031919350186,15.185444370917683],[107.60019712341571,15.185304181616528],[107.59990720653794,15.185165898135798],[107.59972410116416,15.184962766653689],[107.59947233112143,15.184271352093706],[107.59924344885286,15.184100644383827],[107.59908323205404,15.184086339006505],[107.59895353176503,15.184151189026998],[107.59903745580424,15.184560315708339],[107.59899167875477,15.184718625726184],[107.59880094438041,15.184799687582625],[107.59848813908945,15.1846299329372],[107.59838895722618,15.184614675178683],[107.59831266297302,15.184648053586505],[107.59757261208634,15.185460584355143],[107.59741239517533,15.185778157766542],[107.59745054141287,15.185966985232211],[107.59766416446804,15.186438100443322],[107.5977862349098,15.187114255094244],[107.59785490019422,15.18797923854024],[107.59762601796972,15.18821765623622],[107.5975268362767,15.188251035364463],[107.59689359563173,15.188068883759204],[107.59673337857095,15.188054578814867],[107.59653501367626,15.18813659431851],[107.59613828546294,15.18888236774661],[107.59610013916998,15.189575688294012],[107.59603910438108,15.18984462542324],[107.59573392776748,15.190164106142126],[107.59503965338195,15.190487401726738],[107.59443693070638,15.190446394176826],[107.59364347389133,15.190267102449994],[107.59339933321822,15.1904435323624],[107.59293394028666,15.191911237685455],[107.5927737227398,15.192101973251846],[107.59233884654563,15.192453877533223],[107.59133176699963,15.193727986809892],[107.59084348574285,15.194053190224206],[107.59027891075252,15.194181936292255],[107.58975248271015,15.194166677991399],[107.58946256590004,15.194328802348608],[107.58934812457686,15.194660681033874],[107.58914213090453,15.195057409368546],[107.58834104460266,15.1955561810508],[107.5873568533226,15.195754544828791],[107.58670072474325,15.195573347038673],[107.58498411106488,15.195687788208012],[107.58466367673749,15.195865170931027],[107.58446531159223,15.195930021622425],[107.5843050947793,15.195916670509137],[107.58350400859231,15.195436018298109],[107.58277921563337,15.195444601070632],[107.58272580986757,15.195492285822821],[107.58301572689706,15.196387785624353],[107.58371000210919,15.197231787423062],[107.58385496145524,15.197498816180133],[107.58373288971755,15.198020475879169],[107.58377103682007,15.198209303797357],[107.58435850124278,15.198668974400015],[107.58447294210421,15.198841589402058],[107.58448820034542,15.198998945562384],[107.58444242377794,15.199188726865339],[107.58381681417967,15.199606436818934],[107.58371000190058,15.199827689007916],[107.58367948501821,15.200175779596668],[107.58400754899604,15.200519102884563],[107.58560209251635,15.201131361815685],[107.58598356190369,15.20123721979427],[107.58647947209256,15.20118476711519],[107.58673887240246,15.201087492067517],[107.58721189438319,15.201050299431857],[107.58768491732474,15.201138990322548],[107.58789854047268,15.201231497460066],[107.58848600369478,15.20180370154388],[107.58868436749896,15.202053564337719],[107.58884458507555,15.202178495790513],[107.58934812540436,15.202330130301354],[107.59028654015742,15.203123587469598],[107.59087400493453,15.204568403151443],[107.59100370319172,15.204741018162146],[107.59114866271635,15.204786795413685],[107.59156827954882,15.204702871820508],[107.59237699407694,15.20423175635837],[107.5927279478395,15.204164045220237],[107.5928118703874,15.204100148944962],[107.59311704658978,15.203670996139364],[107.59327726309418,15.203669088568581],[107.59340696388509,15.20373012464163],[107.59350614568422,15.203871266914172],[107.59357480907731,15.204248921962922],[107.59410123879258,15.204637067972582],[107.59426908419685,15.204903143225323],[107.59433774957,15.205154913754194],[107.59416227316213,15.205662268814313],[107.59347562729295,15.20636417259332],[107.59315519409344,15.207246321426737],[107.59314756386097,15.207625883837686],[107.59284238754881,15.207992094165691],[107.59272031735838,15.208561438852437],[107.592727947398,15.209082144874419],[107.5930865284934,15.209614294243925],[107.59393339194133,15.21001197660267],[107.59411649717609,15.210135000830027],[107.59426908486702,15.210622328860502],[107.59442930249317,15.210731047690865],[107.59472684908123,15.21077491693059],[107.59534482964942,15.210768240358233],[107.59610013961439,15.210585135549506],[107.59669523268205,15.210357206379483],[107.59689359700057,15.210134047762393],[107.5969546314561,15.209881323287634],[107.5969088558344,15.208761709685836],[107.59693937317078,15.208721655690166],[107.59728269568416,15.208804625596203],[107.59781675377245,15.208845633257313],[107.59802274682646,15.208796042116322],[107.59822111189128,15.208635824484311],[107.59852628641946,15.208206671275203],[107.59851865736012,15.207669752134985],[107.59857969294994,15.207574384870263],[107.59906034497604,15.207206265888859],[107.59925107956776,15.206951635166945],[107.59935026150623,15.20668174587415],[107.59934263306275,15.206445234088537],[107.59912900982569,15.206163900650374],[107.5990832328601,15.20600749787086],[107.5990984918462,15.20589687221346],[107.59919004467667,15.205800551031432],[107.59944944364504,15.20575572798301],[107.59956388505748,15.205676573281448],[107.59962491951168,15.205485838109082],[107.59996061329313,15.205292241858546],[107.60002164887132,15.205039517870667],[107.60009031302445,15.204944150804808],[107.60023527174167,15.204894559696665],[107.60049467064579,15.204876440010798],[107.6009066581035,15.204476851044314],[107.60126523939519,15.204267996464411],[107.60145597452153,15.204202191617705],[107.60240201958051,15.20403339212062],[107.60247068348815,15.20424796872746],[107.60274534268146,15.204470175231307],[107.60294370665129,15.204575079329688],[107.60327177046923,15.204678076007918],[107.6038821221174,15.204791563000972],[107.60408048679167,15.204949872965736],[107.60477476051378,15.206188695964332],[107.60544614747573,15.206644551926518],[107.60724668504125,15.208133238342175],[107.60781889026312,15.208936232197361],[107.60809354822096,15.209650534345249],[107.60825376482889,15.209806936247123],[107.60844449965471,15.209773558135504],[107.60899381732264,15.209396856269668],[107.60919218059463,15.209373968292555],[107.60966520261658,15.209705846871005],[107.61059599007251,15.21072723221533],[107.61128263524104,15.211637037082571],[107.61144285186532,15.211772458802049],[107.61159544006847,15.211792486127079],[107.61224393951977,15.211520688869367],[107.61283140181581,15.211534993710258],[107.61498289171524,15.21243717003284],[107.61690549967848,15.212961690874135],[107.61743192770295,15.212976949999728],[107.6176226619549,15.212911145629118],[107.61782102655822,15.212771910062179],[107.61815671925423,15.21229316433356],[107.61850767204176,15.211644667112367],[107.61870603625448,15.211441533871682],[107.61887388370823,15.21136619356463],[107.61923246449169,15.211425321249875],[107.61957578760264,15.211632268933071],[107.61987333307175,15.211956517329162],[107.62014799152139,15.212586896669274],[107.62033109781238,15.212848203856574],[107.62150602408126,15.213822859085004],[107.62158231859144,15.214139478954175],[107.62155180042338,15.21440269282687],[107.62144498921595,15.214636342538709],[107.62139921219148,15.214859503038857],[107.62135343682206,15.216289061054045],[107.62127714215478,15.216743009923462],[107.62119321968898,15.21692420808939],[107.62092619096579,15.217191236922853],[107.62062864363678,15.217352406752399],[107.62011747470144,15.217506902717334],[107.61972837520747,15.217922704900998],[107.61904935932837,15.219123381240495],[107.6187594430804,15.220098036057166],[107.6186526306008,15.222224729888497],[107.61874418389544,15.222741620984557],[107.61888914182973,15.223087804849142],[107.61927824078576,15.223614233467265],[107.61975889310665,15.224083440876557],[107.61991911125969,15.224450605103666],[107.61997251605399,15.225199240494367],[107.62008695710011,15.225661771844962],[107.62065916183822,15.226728933550406],[107.62104826075581,15.227061766256465],[107.62143735986214,15.226500052370955],[107.62195615851654,15.226051824765607],[107.62370328993886,15.225929753771174],[107.6248629584672,15.225992697183347],[107.62613706717067,15.226198690199425],[107.62964658926943,15.227346913734305],[107.63208036666414,15.22930576065772],[107.63240842920978,15.22978069084086],[107.63240080050737,15.230105893751302],[107.63218717701568,15.230519788710156],[107.63168363769343,15.230875508894563],[107.63058500438827,15.23096134004116],[107.62764005808225,15.23016597588146],[107.62614469734453,15.23058082401879],[107.6251452466767,15.231283682628797],[107.62416868292843,15.233043211781231],[107.62378721425227,15.233958738509688],[107.6237032899523,15.234394568327371],[107.6241534252937,15.237121122917927],[107.62413053609835,15.237797277438958],[107.62326078525967,15.240187185301894],[107.62178068353295,15.24191333713603],[107.62124662570668,15.242703932728636],[107.62113981502023,15.243068236270771],[107.62105589088283,15.243794935970975],[107.61975889341471,15.245157737319506],[107.6194994942977,15.245582121864611],[107.61946897711685,15.246074218004175],[107.61964445279374,15.246916311920515],[107.61990385313116,15.247463721485936],[107.62020139841496,15.247787971336342],[107.62078123280195,15.248078841299716],[107.62079649203416,15.248371619597389],[107.6202090291341,15.24951412131318],[107.62020139883047,15.25001480041107],[107.62040739291996,15.251055258857404],[107.6203692457556,15.251582641695089],[107.61965208273803,15.25327159805551],[107.61926298442343,15.254728812102163],[107.61920957803154,15.255256194795027],[107.61924772482892,15.255701560916537],[107.61938505428446,15.255980987150096],[107.61993437040185,15.25648261991101],[107.61999540582114,15.256680984262216],[107.61996488783954,15.257231254649305],[107.62011747677644,15.258796233596222],[107.62045316962555,15.259650726100407],[107.62045316971826,15.260127564116653],[107.62034635819631,15.260340232277882],[107.61990385313078,15.260822791585868],[107.6198885946836,15.261122245767613],[107.61992674128638,15.261351127648302],[107.61998014737887,15.261544723969166],[107.62017088245052,15.261825103777792],[107.62110166849777,15.262362022661357],[107.62117796245674,15.262484092902332],[107.62117796248944,15.262749213556162],[107.62043791086198,15.264275092945956],[107.62039213445952,15.265053291051288],[107.62046842844738,15.26526405331661],[107.62061338804713,15.265385170102947],[107.62074308641486,15.265419502066791],[107.62088041595013,15.265586395144327],[107.61949949550016,15.266523856810181],[107.6193240198556,15.266775626599758],[107.61927824239017,15.267143745589841],[107.61917906077285,15.2673287577953],[107.61865263304351,15.267355460764044],[107.61853819146467,15.267406006441124],[107.61858396829815,15.267777939430735],[107.61856107940669,15.268064995530983],[107.61864500389476,15.268636246166706],[107.61847715667287,15.269130248888638],[107.61845426885453,15.270004769036841],[107.61820249914572,15.270503540643167],[107.61783628795718,15.270722884975157],[107.61731748854157,15.270784874560766],[107.61608915650656,15.270170708200908],[107.61557798638276,15.27121498116587],[107.61556272793172,15.271406670550231],[107.61560850435782,15.271567840978788],[107.61575346285588,15.271743317477208],[107.61593656837191,15.27184440674901],[107.61605863900778,15.272005577447437],[107.61610441509013,15.272151489012405],[107.61608152649202,15.272402306412419],[107.61586027448524,15.273083229827028],[107.61587553415542,15.273334046509891],[107.61621885605342,15.273845215435925],[107.61634092665645,15.274316330756443],[107.61628752121835,15.274950524099268],[107.61614256170779,15.275482674349913],[107.6161349325299,15.275719185440146],[107.61637907421171,15.276821633823955],[107.61673765551909,15.277701874650171],[107.61679106079387,15.278334161015314],[107.61674528522738,15.278645058405974],[107.61665373173892,15.278749008968683],[107.61644773808578,15.278854866650645],[107.61598997434098,15.2788682187296],[107.61584501570756,15.279119034361878],[107.61581449816516,15.279716988772],[107.61588316321591,15.27985336353916],[107.61616545151377,15.279990692324727],[107.61638670285856,15.280241509844512],[107.61640959158093,15.280620117636376],[107.61617307993279,15.281730194757811],[107.61531095869603,15.285006066799344],[107.61486082399021,15.286231538177235],[107.61489134243436,15.287558099275321],[107.61551695291016,15.288709184447082],[107.61646299783953,15.290785332829609],[107.6184695290642,15.293485184944428],[107.61895780943965,15.293748398996929],[107.62007170227044,15.294054528176623],[107.62111692915151,15.294546624193504],[107.62163572723425,15.294977685266097],[107.62183409143708,15.295260926362788],[107.62183409171698,15.295564195531883],[107.62123899898877,15.297421951856],[107.62037687748504,15.299465676158372],[107.62014799504503,15.30061199296485],[107.62019377200987,15.301031610231032],[107.62136869935682,15.304043313554557],[107.62297850184417,15.306296846700368],[107.62333708208486,15.307133218849948],[107.62359648240172,15.30835773618029],[107.62374144073536,15.31060840779378],[107.62409239301587,15.310856363584474],[107.62470274475015,15.31115581701659],[107.6256106427483,15.311155817056955],[107.62673216340042,15.310859224444929],[107.63002043290447,15.310393830559704],[107.63092070127342,15.310562631774816],[107.6333163308795,15.312654992577315],[107.63388853620434,15.313332101086887],[107.63421659978738,15.314551851869824],[107.6342165999652,15.316431543731861],[107.63393431163429,15.317058108009688],[107.63403349467427,15.317354699631807],[107.63452940545336,15.317634126967612],[107.63482695190216,15.318557283949014],[107.63497190981947,15.31918384747222],[107.63478880552304,15.319480439220476],[107.63388853623592,15.319221041101557],[107.63348417841402,15.318973085930844],[107.6330645613809,15.318844340064434],[107.63299589721518,15.318995973759451],[107.6331103376604,15.319498559966107],[107.63313322648628,15.319867632163378],[107.63306456146631,15.320205232821394],[107.63219481054702,15.320926210474784],[107.63217955248706,15.3213296148884],[107.63129454210815,15.323608895981756],[107.63090544290769,15.324252627306825],[107.63021116847808,15.324546358460497],[107.62948637485795,15.32465603150136],[107.62909727598371,15.324912569238892],[107.62822752540154,15.326132319267964],[107.6264041002837,15.326847574729676],[107.6262591415413,15.327151796956143],[107.6264498762009,15.328812144573243],[107.62594633648393,15.329792521633843],[107.62601500158065,15.330228350205074],[107.6266482414248,15.33089210713692],[107.62671690573397,15.331059954792012],[107.62664061115592,15.331346056793219],[107.6260531481967,15.331923983535473],[107.62514525053773,15.332421801420908],[107.62307005585318,15.332681200581986],[107.62255125643995,15.33248569731175],[107.62194090407687,15.332056544817997],[107.62162047016123,15.331606409735963],[107.61969786216285,15.329831622069598],[107.61862211856682,15.330029032725577],[107.61632567069874,15.330090067728506],[107.61545591925946,15.33093216264762],[107.61426573353272,15.333030246289646],[107.61342650053832,15.333599590044606],[107.61226683235506,15.334000132847512],[107.61047392466291,15.33427860581263],[107.60994749668777,15.334641001847672],[107.60914641027847,15.337102435520748],[107.60908537417646,15.337554477182055],[107.60919218673308,15.337876819062782],[107.6100924548576,15.338478587145447],[107.61026793146408,15.338702701223927],[107.61033659600508,15.339088939044226],[107.60654478646178,15.344649815113875],[107.60613280002485,15.3467402689292],[107.60655241544066,15.349075817402104],[107.60527067756844,15.351729892992319],[107.6049960204082,15.353070759550878],[107.60498076146847,15.354781651104664],[107.60476713852809,15.356560253793091],[107.6050417963404,15.356944584461818],[107.6056063714731,15.35716392958934],[107.60598021261819,15.357417607750866],[107.60617857613214,15.357641719937737],[107.60625487037134,15.357930683083973],[107.6054690422464,15.359037899294824],[107.60527067875006,15.359556698163706],[107.60535460147918,15.36075069880149],[107.60553770722902,15.36191036644969],[107.60577421882448,15.362554097725445],[107.60624724131367,15.363194012400312],[107.60688811080149,15.363800549519418],[107.60723143351444,15.364377522962977],[107.60743742637878,15.365053677430687],[107.60875731132354,15.366856121374141],[107.60882597677903,15.36730720961665],[107.6083376959498,15.367894673922262],[107.60751372090454,15.368582273019332],[107.60639982994003,15.370177769910248],[107.60600310032673,15.370311283988155],[107.60484343258831,15.370228314526317],[107.60433989236779,15.370330357770039],[107.60398131116797,15.370592617993076],[107.60358458238156,15.371114278399524],[107.60349302950276,15.371793293674848],[107.60345488268233,15.374086880986354],[107.60326414769499,15.374573255585753],[107.60283690160762,15.37490131921795],[107.60237150855423,15.375035786918694],[107.60031157297662,15.375155950581512],[107.5997164797427,15.375518345942053],[107.59848051804624,15.377196813304367],[107.59816008274039,15.377943540713204],[107.59790068384363,15.3789792303447],[107.59738188463992,15.379889036350159],[107.59652739339677,15.380899930555044],[107.59577208322477,15.381457831004063],[107.59541350153086,15.381947065730124],[107.59542113153005,15.38233425788151],[107.59586363654932,15.38323357170933],[107.59626799421055,15.383679892172141],[107.59673338713804,15.383965993677482],[107.59750395639476,15.383988882235597],[107.59822874805863,15.383883977956366],[107.59873228803818,15.384038473659272],[107.59954863290208,15.385530019929154],[107.60068541357636,15.386162305396585],[107.60149412922078,15.386928106637548],[107.60293608449629,15.387848401433148],[107.60340147717126,15.387971425330262],[107.6041338998614,15.387962843094426],[107.60463743995118,15.388118291468071],[107.60547667310996,15.388786817451692],[107.6057513311791,15.389332319639834],[107.60585814346543,15.39042904496568],[107.60610228327876,15.390813375627141],[107.60730772725672,15.391670728448902],[107.60865813040732,15.393076445167146],[107.6098864639577,15.393190885497162],[107.61116057281225,15.393692518553046],[107.61195402984201,15.393780256760646],[107.61279326291933,15.394060636454252],[107.61347227904814,15.395376706986061],[107.61373167952297,15.397536780024524],[107.61361723841796,15.398725057500894],[107.61396056070048,15.399657750749657],[107.61446410159705,15.400200391793529],[107.61496764092576,15.401343848136648],[107.61501341746626,15.402183081194382],[107.61562376948454,15.403274084926922],[107.61653929672646,15.404748465121678],[107.61679106688048,15.405875708061535],[107.6173632708324,15.406610990896299],[107.61969023666222,15.40884354304103],[107.62027769941616,15.411079908879476],[107.62078887021339,15.411719824403166],[107.62139159179398,15.412165189705416],[107.6223986715983,15.412766959045916],[107.62299376504929,15.412952925267286],[107.6236651506648,15.413364911886218],[107.62389403254741,15.414277578934062],[107.62856322354145,15.41523506800208],[107.62986784897875,15.415630843327218],[107.63045531208067,15.416181113247172],[107.63110381092422,15.417230154151103],[107.63165312731437,15.417458083329338],[107.63264494958857,15.417211080759436],[107.63330870667545,15.416792418207084],[107.63412505105948,15.416518712406013],[107.63583403634506,15.41626980372064],[107.63739806187985,15.415811086193559],[107.6379702662861,15.415539289953966],[107.63827544186874,15.415242697015211],[107.63874846380182,15.414355779656843],[107.63894682882587,15.413472677235186],[107.63908415774088,15.41206123939699],[107.64106017117194,15.409188772507708],[107.64158659941373,15.40875771077004],[107.64200621620432,15.408160711298722],[107.64232665017462,15.406296276907804],[107.6428912258289,15.405672574363997],[107.64489775613852,15.404709363073152],[107.64651518760586,15.403603100923052],[107.65145903617065,15.399491810789092],[107.65399962358232,15.397964023800563],[107.6549304093801,15.397218251095213],[107.65528899214434,15.396392369196851],[107.65558653808598,15.393774532630543],[107.65633421874513,15.392179988842646],[107.65732603948756,15.391023181515594],[107.65758543897986,15.390520595752008],[107.65821867848294,15.389808200576455],[107.65893584126614,15.389271282579577],[107.65975218680379,15.388968013630343],[107.66025572790295,15.388433002693223],[107.66081267249372,15.386371158569261],[107.66104155442937,15.38581802743113],[107.66147643014115,15.385217212727305],[107.6617358293339,15.384421848331291],[107.66127806527682,15.380491756459628],[107.66136198921306,15.379727863156692],[107.66132384196915,15.37914039926971],[107.66119414216259,15.37849571488958],[107.66026335641841,15.377214931303635],[107.65973692750924,15.374813578743035],[107.65971404025473,15.372963450766274],[107.66019469106566,15.371254465495017],[107.66296416212758,15.367785952297984],[107.66373472990283,15.366513750624192],[107.66400938815694,15.365659258881037],[107.66406279376223,15.36512901519733],[107.66378050609406,15.364310763798434],[107.66377287649883,15.363488695284541],[107.66394835220788,15.362840197264054],[107.66463499852142,15.362039110561987],[107.66453581656933,15.361717722495866],[107.66316252499851,15.359736941255878],[107.6624072155924,15.35757305451622],[107.66239958541313,15.356838723926943],[107.66326170747043,15.354038736711587],[107.66364317665894,15.35324146511528],[107.66495543349367,15.351962587818653],[107.6666110112772,15.349740525750741],[107.6688006472536,15.348040124362376],[107.66891508775012,15.347510835965641],[107.66881590623079,15.34677745960591],[107.6688311645812,15.345955392148952],[107.66897612259433,15.34542514918741],[107.67044096662862,15.344644089978182],[107.67399626498657,15.3434262479502],[107.67475157482643,15.343328973449387],[107.67545347930222,15.343496820269957],[107.67608671871025,15.343812485890227],[107.67642241314158,15.343779107331374],[107.67699461681042,15.34330226994891],[107.67818480324591,15.341614267265475],[107.67947416986664,15.33942558392714],[107.6795199463497,15.338544388678418],[107.67942076431996,15.337635536945783],[107.67907744136933,15.336758156787432],[107.67880278320712,15.335733910850744],[107.67885618830043,15.334998627986389],[107.67912321729,15.334437866962466],[107.68002348668368,15.3339276515428],[107.68107634285111,15.333591957892168],[107.68164854758176,15.333174248573325],[107.68206053446859,15.332552452600723],[107.68269377462717,15.331869621132345],[107.68337279008135,15.33080436695504],[107.6842043945925,15.330500145598085],[107.68471556390288,15.330200691010267],[107.68506651673698,15.329550284983936],[107.68550902088445,15.32837058978191],[107.68621855456549,15.327274818703039],[107.68717985860623,15.326705474691996],[107.68799620367444,15.326402206737903],[107.68901854243232,15.326183814623086],[107.69014006368248,15.326141852447533],[107.69059019744513,15.325812835998502],[107.6917956424086,15.323889274557368],[107.69230681117203,15.321592826207379],[107.69255858144244,15.319827575270685],[107.69290953294578,15.317856330563375],[107.69306212117466,15.317472952867188],[107.69704466506934,15.314487951796913],[107.69796019215492,15.313419836553283],[107.7001193114589,15.312278288847052],[107.70177489012197,15.31114246287111],[107.7028506337824,15.310071486689148],[107.70477324196513,15.30767013466348],[107.70539122292436,15.306576268914018],[107.705833727183,15.30548431238437],[107.70648985472309,15.304800528639978],[107.70732145858894,15.30367519232819],[107.70770292895456,15.303434865873172],[107.70809965762025,15.303753393012364],[107.70941954320865,15.305499570861857],[107.71195250217075,15.306760327958283],[107.71556883546033,15.30771495635823],[107.72124510459112,15.307969587170493],[107.72321348821296,15.307576673344437],[107.72463255641516,15.3080754446811],[107.72554045461924,15.308025854031271],[107.72695952132386,15.308237569617758],[107.72888212874928,15.30809928636684],[107.73011046103466,15.308123128698213],[107.73035460122142,15.308199422498799],[107.7304232664579,15.307944791520288],[107.73052244812246,15.307772176410746],[107.73083564844163,15.30741895623891],[107.73093443555328,15.307257192062687],[107.73095732470586,15.3071084187861],[107.7309268062816,15.306965367383233],[107.73071318355848,15.306549565215482],[107.73070555442851,15.30641700581018],[107.73071862316338,15.306359827368555],[107.7307208127207,15.306283490183292],[107.73076658928905,15.306149976028564],[107.73120909417348,15.305728452053813],[107.73126249937775,15.305433766584086],[107.73123198198618,15.305269734625279],[107.73112516998796,15.305099980334367],[107.7309268065377,15.304935947964447],[107.73073039686018,15.304865704940948],[107.73056919447622,15.304848804055675],[107.73020964284244,15.304896848555263],[107.73004942593813,15.304893987646544],[107.72991209693798,15.304841535298154],[107.72927122709541,15.304304616029793],[107.72849302904679,15.303826825447995],[107.72788267781029,15.303318517256434],[107.72776823742853,15.30317165098059],[107.72773009009798,15.302919881493098],[107.72783690146693,15.302275197336888],[107.72814970570343,15.301066891979849],[107.72835570024809,15.300509946534618],[107.72853880625254,15.300273434839626],[107.728714281585,15.300172345029171],[107.7295611441664,15.300020711471577],[107.72963743834366,15.299989240399604],[107.72981291372278,15.299767034210774],[107.72984343229733,15.299575345130275],[107.72982054377512,15.299470440671286],[107.72937803896197,15.298529164410779],[107.72931700395112,15.298185842354906],[107.72963743807493,15.297475354193827],[107.72969847423286,15.297172086252123],[107.72994261370492,15.296432034081565],[107.73001127876582,15.296014324750079],[107.72999601947082,15.295833126974763],[107.729835802579,15.29543163019352],[107.72882872241519,15.294373051767613],[107.72842436505718,15.293787495709678],[107.72802763606066,15.292611615172168],[107.72796660100461,15.292284504826762],[107.72797422939159,15.292071836138751],[107.72816496495243,15.291451947127928],[107.72814970536818,15.291243092472369],[107.72807341291035,15.291060940672395],[107.72795134134455,15.290915982158932],[107.7276461657328,15.290685192956255],[107.72742491353047,15.290383831471908],[107.7270739612896,15.288761631526798],[107.72707396125766,15.288548962377382],[107.72712736753519,15.288351551615191],[107.72843962266887,15.286714092795638],[107.7285693225951,15.286286846498212],[107.72829466436289,15.284093395325192],[107.72832518248578,15.283851162190174],[107.72943144374828,15.280688778020421],[107.72943907290647,15.280457989618826],[107.72934752046372,15.27983333251379],[107.72914915624393,15.279195323819433],[107.72896605064908,15.27881480855195],[107.7288897566481,15.278524891414458],[107.72887449834984,15.27811576521047],[107.72901182719015,15.277061000971402],[107.72956877266834,15.275216595228727],[107.73003416558255,15.273849026070016],[107.73004942464694,15.273621097968412],[107.7299655011616,15.272920147337667],[107.73024015936178,15.271438136894146],[107.73024016008137,15.270666614198179],[107.73020201275847,15.270477786976326],[107.73010283021323,15.270315661625803],[107.72930174405808,15.269652858882983],[107.72872190980105,15.26925231465883],[107.72764616490544,15.269002452692574],[107.72727995328604,15.268818394208026],[107.72709684819237,15.267722622255201],[107.72728758336285,15.267532840981433],[107.72754698226346,15.267415538493829],[107.72774534805028,15.267384066702043],[107.72866850386144,15.26748992449992],[107.72897367976908,15.267396465168256],[107.72908049154148,15.267282023762036],[107.7292254493832,15.267092242546575],[107.72941618430258,15.266682162458311],[107.72965269596308,15.26591922370522],[107.72985105916617,15.264947429750341],[107.72968321301063,15.26296950830744],[107.7297442486666,15.262817874979353],[107.73059874069753,15.262176051342802],[107.73098021067231,15.26200343610138],[107.73176603719895,15.2618498940896],[107.73191862541564,15.261762156006764],[107.73204832523771,15.261625781694915],[107.73210935998402,15.261443629599407],[107.73229246612709,15.258469119606744],[107.73225431898597,15.258053316854811],[107.7319186249235,15.25756885058467],[107.73181181447669,15.257315173527383],[107.7318194431329,15.257119670422318],[107.73187284955767,15.256952776864038],[107.73239927717317,15.256315722088239],[107.73252897715503,15.255963816900687],[107.7325747529685,15.255673900140543],[107.73254423658446,15.255494609210885],[107.73246794190815,15.255348696772893],[107.73216276572118,15.255040660374814],[107.73208647187369,15.25488139602055],[107.73218565420649,15.253708376698263],[107.73223906049499,15.253522410402852],[107.7323458708649,15.25337554383795],[107.73250608919308,15.253282084384615],[107.7330859235518,15.253203882853441],[107.73368101554351,15.253214372647642],[107.73392515649607,15.253141893873753],[107.734062485228,15.253053203333415],[107.73412351966876,15.252908244322652],[107.7341235202316,15.252737535693997],[107.73361235108487,15.251705660499939],[107.73356657490662,15.251432909840544],[107.73361235064418,15.25124885103049],[107.73378782702606,15.251047624625645],[107.73455076614847,15.250718608214486],[107.73471861271202,15.250611796022811],[107.73484831295863,15.250467791116163],[107.73491697699065,15.250300897660217],[107.73493223596562,15.250118746617067],[107.73458128428946,15.249266162175568],[107.73455839572507,15.249072566104637],[107.73487120105507,15.247830881791069],[107.73497038263835,15.246927751598262],[107.73507719485862,15.246522440924052],[107.73543577571226,15.245597376747481],[107.73549681102611,15.243364824816398],[107.73532896500949,15.242239488554185],[107.735245040769,15.241902841011782],[107.73522978239778,15.241529955390867],[107.73530607643093,15.241361154394616],[107.73543577605965,15.241237177299043],[107.73607664417243,15.240921511032433],[107.7364199674194,15.240646852252448],[107.73677091961116,15.23923636839052],[107.7370303192406,15.237994684393128],[107.73715238996427,15.237765802445598],[107.73743467706039,15.237605585532638],[107.73769407615944,15.237609400418656],[107.73819761608334,15.237847818264026],[107.73860960382423,15.237930787880538],[107.73876982114119,15.237894548039945],[107.7389605566092,15.237751496873544],[107.73902922015044,15.237599863315122],[107.73903684928709,15.237425341069974],[107.73889189166843,15.23689319018818],[107.73868589756002,15.236574663294869],[107.73761778279541,15.235379708716769],[107.73720579537938,15.235154642115374],[107.73677854975534,15.23504115496871],[107.73661833179486,15.234946741512386],[107.73651914964276,15.234813226780563],[107.73652677978812,15.234530939381216],[107.73673277223804,15.233985436778047],[107.73674803127611,15.233808053637047],[107.7367022553904,15.23364592917966],[107.73659544373174,15.233514322080223],[107.7364504855412,15.233423722818637],[107.73629026767236,15.233373178123573],[107.73613768060595,15.233397020152427],[107.7360079806458,15.233481896845674],[107.73591642686829,15.23361731890001],[107.7354128871162,15.235292925584982],[107.73523741115473,15.235495104030807],[107.73498564138389,15.235604775962482],[107.73481016518724,15.235607637607908],[107.73458891269345,15.235511316047216],[107.73379545550861,15.23472739617425],[107.73365812668584,15.234476579980532],[107.73348265019563,15.23393775378361],[107.73345213358571,15.23363543941853],[107.73361997883858,15.23211623583088],[107.73367338518501,15.23192359285111],[107.73378019716067,15.23177291265217],[107.73448210089896,15.231393349574475],[107.73464231799336,15.231256975142278],[107.73490934683774,15.230718148624247],[107.73500852888544,15.230609429888377],[107.73514585797807,15.230536951078138],[107.7353289644537,15.230542672785676],[107.7363207852655,15.23089076363767],[107.73652677892143,15.230902207911617],[107.73671751428934,15.230846894719432],[107.73687010087129,15.230733408096473],[107.7369998012315,15.230493082067921],[107.73709135388096,15.230037225792335],[107.73709898272058,15.229760660290578],[107.73754911792113,15.229433550232889],[107.73854856835094,15.228995813182882],[107.73929624881511,15.229061616705469],[107.74174528489176,15.230165018111233],[107.74268370067018,15.230478776893403],[107.74332456949685,15.230471146821378],[107.74536161787728,15.229996217161021],[107.74644499230904,15.229882729312216],[107.74693327304216,15.229926598536297],[107.74981718426164,15.231418145537038],[107.75180845687777,15.23292113626871],[107.75437956296504,15.23591090519383],[107.75505857898312,15.236440194680418],[107.75565367182566,15.236470712793121],[107.75643949918236,15.236154092490535],[107.7572253271747,15.235645783422655],[107.75778227278,15.235446465460154],[107.75861387675369,15.235397828596005],[107.75936155665336,15.23523570290747],[107.7608187713455,15.234603416950355],[107.76333647196441,15.233190072080506],[107.76553373810744,15.232164871922311],[107.76727323978726,15.231721412791284],[107.77103453074704,15.229934227460033],[107.77114897214685,15.229702484159054],[107.77081327899242,15.22839976531881],[107.7707369845517,15.22743560051686],[107.77097349592965,15.22570944992143],[107.77088957220846,15.22342444644628],[107.77099638311286,15.222885620241074],[107.77130918871478,15.222382079830153],[107.77240782149583,15.221370231526848],[107.77293424909551,15.221092712315086],[107.77633695918334,15.21947718828269],[107.77816038543995,15.218167792608455],[107.77867918301682,15.218007575582925],[107.77966337515227,15.218072425373594],[107.78086119067684,15.218441497600214],[107.78228788796608,15.2186160192483],[107.78717832957886,15.218882094516895],[107.78820829781762,15.218754302668705],[107.79444151324493,15.217216979176895],[107.79573088088752,15.21718169295684],[107.79727201854091,15.21696997675478],[107.79861479178223,15.216608535283589],[107.79998808305285,15.215860853708126],[107.80229978972535,15.21398879097489],[107.8027728119331,15.21379042672287],[107.80407743868813,15.213581571827698],[107.80614500497337,15.212998876231236],[107.80796080106842,15.212399968989484],[107.80886869876642,15.212196836476805],[107.80950193735397,15.212227354227482],[107.8105395359392,15.212444791286115],[107.81209593202536,15.213462362392455],[107.81253080752325,15.213572034951799],[107.81320219451202,15.213602552040522],[107.81377439919339,15.213422308308683],[107.81429319824902,15.213377484715963],[107.81480436791023,15.213563450691796],[107.81561308274661,15.214475164285709],[107.81657438657003,15.215461263580075],[107.81765013187872,15.216216573516856],[107.81845121811239,15.216436872241331],[107.81912260508894,15.21635199506776],[107.81978636183362,15.216074476354027],[107.82041960255184,15.215682515739047],[107.82079106589615,15.215294910902546],[107.82202177502886,15.214010724628414],[107.82276945533307,15.21361685697828],[107.82436399899237,15.213155278418537],[107.82546263224246,15.212564953426872],[107.82617216534885,15.211941250736265],[107.82823210187291,15.209610470524133],[107.8291781471122,15.208983906112158],[107.8319018411772,15.208258160662671],[107.8348849338699,15.208240039966979],[107.83618956021319,15.207916745281299],[107.83702116399829,15.207598218093924],[107.83808928041805,15.207584865699928],[107.8387682958463,15.208076007795064],[107.84023314035986,15.208403118862742],[107.84091215639391,15.208394536217744],[107.84483366412165,15.207403667710945],[107.84578733903474,15.20735312239205],[107.84769468717779,15.206645496708289],[107.84860258518103,15.207932003487223],[107.84996824704247,15.209067829883987],[107.8511431746364,15.20984030597522],[107.85388212611193,15.210265644392702],[107.85498838917081,15.209983356609529],[107.85648375057153,15.209311016578285],[107.85723143165306,15.209109789996502],[107.8581011824652,15.209213741030867],[107.85977201913443,15.209960468182699],[107.86174803289931,15.210646159821907],[107.86459379694276,15.210763462140731],[107.86720304980922,15.21019221124527],[107.86830931199592,15.210178859302365],[107.86969786195255,15.210505969512178],[107.87126188742012,15.210544116686746],[107.87249022122765,15.210144526482663],[107.8730319077389,15.209484583711168],[107.87496977344524,15.206194407199556],[107.87656431655559,15.20448351561038],[107.87803678941324,15.203332430644897],[107.87920408723859,15.202164178738455],[107.88021879695144,15.200768953906568],[107.88224821501397,15.19695902475284],[107.88271360834042,15.196568971353438],[107.8831866310156,15.196409708784248],[107.88413267642095,15.19628191590183],[107.88665800508207,15.195597177747086],[107.88800077918272,15.19500303884242],[107.89123564275843,15.193022256205557],[107.8915560774384,15.193018442460492],[107.89195280513509,15.193205362449913],[107.892479233447,15.193966394335568],[107.89366178991311,15.196601395984535],[107.89532499740301,15.198894983646465],[107.89680510098654,15.200479035944339],[107.89798002762993,15.20121241132007],[107.89833860937938,15.201553827489231],[107.89853697362624,15.202053552509662],[107.89852171463157,15.203241830070619],[107.89872770847032,15.204045778823348],[107.89921599052579,15.204654222803967],[107.90013914657513,15.205525880411919],[107.90133696126121,15.206162935543961],[107.90290098768202,15.206469064600007],[107.90800505228812,15.206441408041986],[107.90943937804566,15.206692224002484],[107.91067534054405,15.207252031089919],[107.91197233708002,15.20813799382247],[107.91305571130931,15.20919943454417],[107.9137042106448,15.210650926342767],[107.91455870228309,15.21198416321433],[107.91653471568183,15.211612230167567],[107.91898375146336,15.210806375334013],[107.92253142000662,15.209981447192106],[107.92460661563888,15.209836487731545],[107.92614775273874,15.209816460427765],[107.92755919124887,15.209555153645919],[107.92858915984353,15.209131722578167],[107.93072538966445,15.20712614573336],[107.93099241874795,15.206546311464908],[107.93138914621568,15.204925064053873],[107.93125944734273,15.203200821222252],[107.93137388874337,15.20277739040653],[107.93183928149865,15.202271943352264],[107.93226652789293,15.20192385111949],[107.93351011814127,15.201155190135822],[107.93389921760912,15.20061254867476],[107.93396788220056,15.200073723091164],[107.93362455921036,15.198119644984889],[107.93337278942157,15.195837502091141],[107.9334872304577,15.195183280480762],[107.9342654280451,15.194174293915376],[107.9351580673573,15.193281655010692],[107.93637114137212,15.192225936912196],[107.9370654157653,15.190834525291365],[107.93757658538541,15.190519813079245],[107.93993406841219,15.190508369691809],[107.94107847695813,15.190378669334104],[107.94198637520225,15.190021041339081],[107.94295530799387,15.18908453316027],[107.94453459282538,15.18810510984225],[107.94519835031947,15.187904838265993],[107.94648008924386,15.187948706882905],[107.94767027456545,15.187546255547035],[107.9485552843827,15.18649530703383],[107.94914274699659,15.185579779593903],[107.94953184722124,15.184760573830124],[107.94985228097455,15.183914664498356],[107.94999724025568,15.183023932864948],[107.94956999392708,15.18031931118279],[107.94956236408507,15.179781439600218],[107.95032530401016,15.177851202264813],[107.95038633846461,15.175103667007036],[107.95788603392718,15.173661710862017],[107.95896177802275,15.17295980650921],[107.95973997592124,15.173022748409116],[107.96165495379039,15.17255544885402],[107.96263151731841,15.172043325442987],[107.96376829640886,15.17083788048158],[107.965133957624,15.169629575094488],[107.96588163884043,15.169196607614333],[107.96888761958735,15.169042112309652],[107.96965056009876,15.168705464897169],[107.97058897490966,15.16784811066885],[107.97127562077301,15.167733670224084],[107.971278736287,15.167734023394392],[107.97241240072819,15.167862417427092],[107.97360258564645,15.167885304743466],[107.9756472635834,15.167320730320899],[107.97703581406665,15.167225361885293],[107.97770720073152,15.167024136533291],[107.97837095826432,15.166631222801948],[107.9789431617695,15.166489125866267],[107.9805682242332,15.166621685833531],[107.98171263259344,15.166568279617799],[107.98194914370474,15.166410923330847],[107.98221617300258,15.165914059158808],[107.98230009549646,15.165025234549349],[107.98242216619501,15.164468289726548],[107.98270445365497,15.163959027126698],[107.98317747605377,15.163385868724708],[107.98448973220498,15.162233830696259],[107.98536711287372,15.161076068885952],[107.98590116978478,15.1600327493225],[107.98636656237237,15.159434796523747],[107.98738890211176,15.15880537109683],[107.98783903719956,15.158453465206996],[107.98855620005764,15.158123492898834],[107.98947172649245,15.158037662722586],[107.99015837135252,15.157634258250173],[107.99080687122394,15.15709543156637],[107.99199705676503,15.156746387535224],[107.99258452017216,15.15670156450487],[107.99295073073219,15.156758785018832],[107.99429350365388,15.157147884755428],[107.99463682692488,15.157216548397212],[107.99492674378877,15.157200336612366],[107.99527006694771,15.157134532368632],[107.99720793326459,15.156467914145413],[107.99762755020313,15.156400203592906],[107.99806242485367,15.156394481965517],[107.99835234176061,15.156489848180172],[107.9985964829667,15.156633853627492],[107.99887877029411,15.156692027643428],[107.99911528212736,15.15662717736362],[107.99973326290221,15.156212329819985],[107.99983244465682,15.15607500041912],[107.99986296152501,15.15563058841363],[107.99967985730002,15.155028819633978],[107.99960356247827,15.154561519295692],[108.00012236200983,15.152471065335309],[108.00019102527924,15.149708270145707],[108.00026731919887,15.149386881959883],[108.00116758888612,15.148099422013289],[108.00218229749719,15.147232531585443],[108.0023577731122,15.1469779010902],[108.00232725653272,15.146142481989305],[108.0032504123839,15.14343595359657],[108.00356321798506,15.143012522376939],[108.0038760229856,15.142823694314664],[108.00428801013908,15.142652987601176],[108.004387191974,15.142508982327172],[108.00441007994726,15.142274378832639],[108.00394468750908,15.141240595709688],[108.00368528843785,15.140509127196344],[108.00301390090914,15.138972757497466],[108.0024645855113,15.137122629674531],[108.00207548569527,15.136319636558639],[108.00120573487476,15.135180948801132],[108.00083189439195,15.13448381222026],[108.00064116012338,15.132857798796902],[108.00062590122836,15.131931780667212],[108.00098448216818,15.130480287991379],[108.00088529942992,15.130001542973536],[108.00064878885438,15.12965345214007],[108.00035124233196,15.129451272903625],[107.9990771340529,15.129050730191228],[107.99868803490023,15.128721712395816],[107.99842100611946,15.128266810043545],[107.99830656469325,15.127705095210302],[107.99831419405686,15.126495836555268],[107.99840574612138,15.125764367833503],[107.99841337572806,15.124366282500864],[107.99848966926969,15.123823641375921],[107.99890165735849,15.122800348074895],[107.99932890304731,15.122315882088731],[107.99984007221138,15.122136590671719],[108.00180845671848,15.122133730290642],[108.00244169692702,15.121778009563972],[108.0025179909053,15.121364114851925],[108.00224333171593,15.120018479775233],[108.00201445034891,15.11925267958045],[108.00180845654155,15.119001863738774],[108.0003893888442,15.11767625570714],[108.00013761832207,15.117626664563634],[107.99954252620928,15.117385385568207],[107.99864225714892,15.116876123415667],[107.99639921484535,15.115208147090105],[107.99584989934806,15.114591119898517],[107.99507170063596,15.112424371578625],[107.99489622373213,15.112103936854544],[107.99460630736169,15.111784455634707],[107.99400358456866,15.111272332660622],[107.9934924161524,15.110747811838529],[107.99334745678246,15.110510347026805],[107.99324827491243,15.110250947914805],[107.99320249842758,15.109981057957956],[107.99320249921959,15.10928296887985],[107.99304991027134,15.10802507137214],[107.9927905114644,15.107111451432448],[107.99259977695141,15.106697557517997],[107.99192838977366,15.104457376787852],[107.99161558413395,15.103701112730587],[107.99127226140365,15.103132722449018],[107.99102049175372,15.102813241905542],[107.99073820367903,15.102535722708414],[107.9898684519193,15.101284501069028],[107.98924284190763,15.100635049207256],[107.98873167352515,15.099266526087456],[107.98860197366412,15.098611352034538],[107.98865537928894,15.095403192649204],[107.98829679744836,15.094490525317687],[107.98767881649646,15.094139572822359],[107.98748808075918,15.09390306189692],[107.98680143586901,15.093433853927788],[107.98593931365062,15.092967506931803],[107.98512296864274,15.091902253518587],[107.98474149927925,15.091189859584917],[107.9844820995316,15.090475556167826],[107.98432951162278,15.089318748824441],[107.98439817644952,15.088442322798267],[107.98432951153181,15.087904450108264],[107.98380308336188,15.087359901747334],[107.98360471930859,15.087002275132598],[107.98316221449686,15.08658742636116],[107.98217802295174,15.085986611285653],[107.98176603419232,15.085804459862755],[107.98046903778518,15.085446831953313],[107.9794695878348,15.085322854635447],[107.97810392554108,15.085237022945313],[107.97692136937674,15.085377214288995],[107.97612791213386,15.085533616288096],[107.97572355428184,15.085559365736474],[107.97557859580483,15.085478303535153],[107.97572355392808,15.083935257999691],[107.97586851259818,15.083287713455046],[107.9760058425605,15.082984444901152],[107.97861509535758,15.079805848107414],[107.97872190657719,15.07961702103091],[107.97866850051024,15.079201219383583],[107.97850828337168,15.078901764991267],[107.9771883985074,15.077211853515168],[107.97533445493039,15.074220177950636],[107.97521238536787,15.073167321034088],[107.97526578955069,15.072885033589081],[107.97555570685347,15.072402473576648],[107.9762270934999,15.07176923503489],[107.97647123465516,15.071485039524541],[107.97650938219313,15.071244713519654],[107.97630338787928,15.06976937989132],[107.97600584168691,15.069117066077759],[107.97583036595512,15.068932054008167],[107.97564726004902,15.068809029368623],[107.97478513793234,15.068809982902806],[107.97452573873736,15.068782326558111],[107.97431974467295,15.068712709023005],[107.97230558419471,15.067208763675435],[107.97165708641559,15.066800591817584],[107.97120695168977,15.066681381919038],[107.97028379581968,15.066620346540217],[107.9682391178523,15.06560659056172],[107.96786527746255,15.06551789960881],[107.96727018399646,15.06548356672188],[107.96466856018795,15.065507408663906],[107.96430997969772,15.065334794144514],[107.96288328249699,15.063916679658053],[107.96260862457667,15.063702103800454],[107.9598010075576,15.06188535425225],[107.95856504473599,15.060787675046443],[107.95788602879163,15.059318063022229],[107.9577258107826,15.05914354017604],[107.95744352442549,15.058990953237306],[107.95583372047201,15.058626648881281],[107.95549039880595,15.05859994575191],[107.95513181724216,15.058406350319332],[107.95361356742609,15.0555109945805],[107.95337705546159,15.055314537767577],[107.95310239769144,15.054600235631966],[107.95319395048585,15.053592202293805],[107.95343809163602,15.052264687340278],[107.95357542046044,15.048436638650253],[107.95389585463809,15.048011299318986],[107.95441465304692,15.047712799351316],[107.95504789383793,15.047226425268693],[107.95587186738169,15.046226021428897],[107.95634489031642,15.045752045252247],[107.95758848097861,15.045058722922464],[107.9584582327495,15.044401642491364],[107.95917539563003,15.043642517451001],[107.95948820028794,15.042931075977922],[107.9594729421093,15.042410370232423],[107.95909147202003,15.04114579842255],[107.95886258974393,15.03978395062229],[107.9588244435921,15.038604255733203],[107.95881681430822,15.03788709272258],[107.95934324177021,15.034134383689484],[107.95951871794759,15.033474441941342],[107.96012144034476,15.03238057655939],[107.96141080776995,15.029412742581423],[107.9620135298144,15.028676505872655],[107.96268491713174,15.028073782961005],[107.96302060950067,15.027403350358801],[107.96471433559682,15.02239465246895],[107.96490507095743,15.0211634586483],[107.96500425214523,15.02088117084802],[107.96516446943058,15.020650382219978],[107.96543149819638,15.020417684621721],[107.96633176611816,15.020040983582232],[107.96648435486823,15.019924636164674],[107.9666369429384,15.019755836201329],[107.96667508983587,15.018964285550645],[107.96681241843467,15.018775458155405],[107.9677050573528,15.01805543394329],[107.96830778073073,15.017391677015423],[107.96887998407355,15.01704072454538],[107.96944455905498,15.01659631168539],[107.96962003538464,15.016396040345382],[107.96992521171977,15.015725607185702],[107.97003965190058,15.014975065850065],[107.9701235756283,15.014692778607904],[107.97033719834097,15.01444005433223],[107.97088651500154,15.014078611615728],[107.97187833596176,15.013920301505763],[107.97215299421312,15.01381253634748],[107.97230558276377,15.013696188631794],[107.97236661699993,15.013528340973824],[107.97232847046301,15.013258451049769],[107.97220640070819,15.013009542763523],[107.9717638955627,15.012474531696961],[107.97168760098423,15.012278074388997],[107.97207669990432,15.011848921761374],[107.97403745498016,15.011524671450264],[107.97759275323466,15.010462278294968],[107.9788744913538,15.00972794933616],[107.98058347500448,15.009047979034591],[107.98156003842061,15.00855683639582],[107.982048319052,15.00807236984401],[107.98278074168724,15.00764417036072],[107.98326139288886,15.006980412839926],[107.98362760420984,15.00580071722696],[107.98520688843104,15.0039191186883],[107.9861834512432,15.002925389173326],[107.98631315068604,15.002694600719593],[107.98677091432256,15.00124883056317],[107.9871752717069,15.000978940423845],[107.98804502335071,15.000667088344867],[107.98947934865856,14.99965333329917],[107.98967008417797,14.998960011039408],[107.99005918298593,14.998512738164251],[107.99076871718404,14.99826001362983],[107.99125699803191,14.998190395757641],[107.99217252581703,14.998331540009815],[107.99340085844361,14.999080174022666],[107.99368314626608,14.999675267163829],[107.99428586789612,15.000141613556378],[107.99497251320697,15.000382893284419],[107.99791746008196,15.000459186876093],[107.99875669300526,15.000584118572492],[107.99913053290165,15.000686161498457],[107.99986295572131,15.001134389182814],[108.00037412526069,15.001663677838385],[108.00179319220459,15.002042286328415],[108.0033267006682,15.001948826843073],[108.00429563474553,15.001661770331506],[108.0060503946069,15.000636570488178],[108.00701932704082,14.999899380839748],[108.00772886156822,14.998971454425565],[108.00803403694388,14.998340122296153],[108.00831632447441,14.99746941765081],[108.00844602471327,14.99732827390517],[108.00863675891313,14.997306339588638],[108.01145963531641,14.998557560508164],[108.01274137375043,14.998971453985204],[108.01558713778252,15.000453464411109],[108.01694517065393,15.001732341937126],[108.01733426927848,15.001898280747982],[108.02217130533272,14.999579898759007],[108.0231249797604,14.998970500488774],[108.02344541458753,14.99850224704669],[108.02408628374963,14.99791383006653],[108.02445249419519,14.99784707154945],[108.02553586855716,14.997813693603094],[108.02705411792671,14.997905246878261],[108.02985410549844,14.997108927995761],[108.03160123781308,14.99634598836299],[108.03292112287166,14.995947351897323],[108.03659849083898,14.995495311160967],[108.037437723677,14.995244493863883],[108.03842191596686,14.994781962097958],[108.0470431320413,14.992335787392305],[108.04745511881467,14.992127886228332],[108.06331663039536,14.96859120168639],[108.06436948595551,14.968194473783637],[108.06606321232414,14.967716682688975],[108.06785611946128,14.967478264340023],[108.06851224726441,14.967277038694059],[108.06899289941845,14.96699284380627],[108.06937436914478,14.967010009419875],[108.06993131549417,14.967255104659168],[108.07032041449489,14.967616546971183],[108.07070951342159,14.96778820875132],[108.07227353948443,14.96785687206443],[108.07397489407273,14.968592155556225],[108.07473783372083,14.968649376607408],[108.07633237750322,14.968312729243346],[108.07663755283268,14.968306053622417],[108.07782010956132,14.967892158283231],[108.0804064730092,14.966854561004078],[108.08268766271357,14.966454970927645],[108.0829852093512,14.966269003567396],[108.08321409155391,14.965938078837928],[108.08343534334364,14.96541737251834],[108.08388547728046,14.964947212151452],[108.08713559916941,14.962574469591264],[108.0867846467542,14.959107863520284],[108.08689908854856,14.957705008186599],[108.08645658285776,14.95617626827045],[108.08647184219609,14.955665099580617],[108.08660154207581,14.955214964541788],[108.08683042398728,14.954837309295126],[108.08690671714741,14.9544339053314],[108.08674650000223,14.953455435726035],[108.0875781038074,14.951991545518379],[108.0881350501747,14.951439367871954],[108.08852414859709,14.951348768831611],[108.08950834109983,14.951361166861869],[108.09292630953813,14.951952444725197],[108.09487180483981,14.952809797503777],[108.09574155578343,14.952785001676283],[108.09700040645771,14.95232533066742],[108.0975649824671,14.952237592505416],[108.0987627972719,14.952466475010207],[108.09964017724703,14.952549444599425],[108.10030393400156,14.95253418610044],[108.1017535192988,14.95207642183126],[108.10481290573422,14.9514613013362],[108.10586576307156,14.95135544479381],[108.10716276066972,14.951371655957283],[108.10746030604237,14.951470837966042],[108.10775022303604,14.95175980161955],[108.10889463297639,14.953559385518474],[108.1092608437609,14.954062925223852],[108.10955076074004,14.95425747452246],[108.10999326514266,14.95435856427034],[108.11119871054504,14.954504476722143],[108.1116641035463,14.954724775490583],[108.11205320230764,14.955062376663122],[108.11347989978673,14.956056104066688],[108.11559324144007,14.95734642664051],[108.11602048757226,14.957803236384114],[108.11634092269988,14.958257185092664],[108.11680631540084,14.958596693605076],[108.11808042435257,14.9592194424496],[108.11944608600982,14.959664808271974],[108.1210787767696,14.960042463142498],[108.12265043200718,14.960252270855877],[108.12448911551377,14.96020840212397],[108.12521390764255,14.960075841377055],[108.12698392785576,14.960083471359509],[108.12761716762955,14.959924207137112],[108.12854032421248,14.959369168723661],[108.12878446492647,14.959035383174914],[108.12890653524391,14.958775029549447],[108.12935667013402,14.958590016679288],[108.13233213396042,14.958448872374047],[108.13326291962457,14.958531842394978],[108.13420896533718,14.95897243974331],[108.1364825246116,14.961143002747342],[108.13689451095046,14.961409077260088],[108.13789396198273,14.961731419776521],[108.14144926000044,14.962239727395854],[108.14864377979573,14.962365612268892],[108.14922361374879,14.962420926254776],[108.15034513455379,14.963124736941205],[108.16217832632337,14.97378872305521],[108.16129331610604,14.975930676243971],[108.16028623662685,14.977831349853405],[108.15933256232765,14.979238972355038],[108.15863828755889,14.982450947537046],[108.15834837038165,14.984622464906627],[108.15840177657086,14.985221371872644],[108.15787534744501,14.98778580181733],[108.15786771897562,14.988563046973047],[108.15740232571,14.990648732933083],[108.15689878626502,14.992138372246613],[108.15638761592237,14.993267522709738],[108.15570097059555,14.994394765208819],[108.15550260733829,14.994990812345208],[108.15541868303414,14.99684284766388],[108.15455656226516,14.998346792279534],[108.15396146868268,14.998649107754375],[108.15312986551523,14.998970495687784],[108.15187864434883,15.000260817202603],[108.15003996000225,15.001814352783912],[108.15030698943309,15.002863393518071],[108.15136747548331,15.00632141705075],[108.15215330385776,15.008730398754],[108.15216856115231,15.009318815729605],[108.15164976265207,15.01062439581194],[108.151512434055,15.012220846974857],[108.15118437010926,15.013617980441532],[108.14982633771396,15.016900527866055],[108.14948301487966,15.01830242897751],[108.14916258112623,15.022197234635739],[108.14919309833773,15.0224594949963],[108.15056638868118,15.023676384127214],[108.15236692696088,15.026454436838375],[108.15277891422069,15.027172554050509],[108.15280943119134,15.027772414917022],[108.15257292083975,15.028369415020363],[108.15077238370505,15.030071723795903],[108.14981107932677,15.032833564062766],[108.14981870992017,15.033714759447117],[108.15167265245442,15.03617523946349],[108.15189390480946,15.036834228756698],[108.1516955408816,15.037637222035636],[108.15016203280629,15.039718139684215],[108.14949064573759,15.041021812627237],[108.14829283124995,15.042450416363938],[108.14638548204502,15.04418229012511],[108.14617948857905,15.044826020310378],[108.14627867139758,15.045649040610437],[108.14680509874874,15.045909393730064],[108.14774351427077,15.04596756781395],[108.14839201322069,15.046237457950287],[108.14873533650031,15.046654213790582],[108.1489031825203,15.049862374389724],[108.1490939175643,15.050314416077036],[108.14978056304462,15.050960052735356],[108.15043669154085,15.050931442861836],[108.15163450637722,15.051170814860416],[108.15316038513872,15.052202690775664],[108.15561705087852,15.053582657831782],[108.15691404756309,15.054574479330263],[108.1574862512349,15.05525635571832],[108.15802793830754,15.057042587896838],[108.15839414976435,15.05809830519213],[108.15918760681218,15.059157838135219],[108.15995054700677,15.059767234905483],[108.16114073196425,15.06038235505529],[108.1622317355523,15.0610794905931],[108.16288786384084,15.060586442100425],[108.16381101995931,15.060033311012262],[108.16548185775493,15.059569825032998],[108.16688566602903,15.059882629420139],[108.16823606941506,15.060920227558212],[108.16996031250733,15.061858642724461],[108.17087583989772,15.061834800819483],[108.17684202622132,15.060060012374558],[108.1776583708995,15.059482086220013],[108.17875700417018,15.05848358960106],[108.18074064708658,15.057533729386334],[108.18270903150321,15.056383598399414],[108.18352537582203,15.056091774145699],[108.18411283950581,15.0556053999187],[108.18485289018636,15.054528701009291],[108.18567686502143,15.053527342545864],[108.18740110767197,15.052027213373709],[108.18871336399138,15.051372038436769],[108.18984251496835,15.050729262608785],[108.19049101299726,15.050168501813479],[108.19184141594128,15.04872750069505],[108.19216184967642,15.047720419365753],[108.19213896166717,15.046948897067141],[108.19180326911157,15.04580448779181],[108.19280271989633,15.043951498892662],[108.19407682807766,15.042199599213822],[108.19422178637554,15.040645110164492],[108.19434385647915,15.040440069662855],[108.19483213828812,15.040330396398497],[108.19612913585405,15.040688978663956],[108.19649534632772,15.041141020018491],[108.19703703415088,15.042345510593991],[108.19828062473329,15.04338883040241],[108.1993563691475,15.044099317566241],[108.19966154529162,15.043953405512395],[108.20107298307634,15.04277180281739],[108.20225553852234,15.042250144065386],[108.20279722611906,15.041881071532488],[108.20327024920017,15.041024671969037],[108.20399504054447,15.04008720980624],[108.20494871631628,15.039495931335908],[108.20587950202801,15.039055334695732],[108.20745115679294,15.037776456289805],[108.20816831992902,15.037578091782875],[108.20839720166516,15.037394033239348],[108.20920591817757,15.034516798432014],[108.20964842275384,15.033621297232742],[108.21019773871073,15.033028112367719],[108.21158628863894,15.032326207901901],[108.21311216778298,15.031837925763153],[108.2134554907304,15.031800732993668],[108.21402769501077,15.03204010498153],[108.2148440402083,15.032502636701045],[108.21508055211942,15.032574162266792],[108.21581297298842,15.03252838705882],[108.21681242406345,15.032171711895085],[108.21989469951339,15.029892430209067],[108.2202761685322,15.02970169537511],[108.22071867366819,15.029792294316188],[108.2224505464018,15.030609593048192],[108.22287016271164,15.030652508031126],[108.22415953073019,15.029642567210011],[108.22462492395388,15.029455647605717],[108.22555570982163,15.029448017793072],[108.22597532653165,15.029640660309644],[108.22750120565343,15.03108356881928],[108.2290347144559,15.031965718401331],[108.23030119446797,15.032280430381032],[108.23215513669257,15.032378659169819],[108.23461180251704,15.031939969224654],[108.23550444085967,15.032025798808583],[108.23642759845784,15.031886562660258],[108.23758726503418,15.031900867929716],[108.23865538153797,15.031975254343013],[108.23935728540349,15.032334789530813],[108.24031858950418,15.03298424139147],[108.24092131110099,15.034116252568909],[108.24223356792318,15.03713272517644],[108.24281340170184,15.039951787031239],[108.2431262064915,15.041174397239798],[108.24308043058747,15.04184959812486],[108.2424090433104,15.042966351547093],[108.24057035956818,15.044818387561712],[108.23970060876108,15.046082959342801],[108.23853331107661,15.046856389448626],[108.23809843571651,15.048051342606353],[108.23797636614093,15.05001877375971],[108.23807554809193,15.051069722648437],[108.23925047398171,15.052659497825433],[108.24028807201513,15.05638454951095],[108.24039488429263,15.058467373842898],[108.24184446936809,15.064241872252],[108.2420733505855,15.064581380112477],[108.2421496446363,15.064882740905329],[108.2409747185003,15.066143499392751],[108.24060850763382,15.067077146293755],[108.24047117914412,15.069099889294304],[108.24031096090164,15.069623457609271],[108.23643522860674,15.074807630467388],[108.23577147230186,15.077143178895499],[108.23510008498755,15.078222738885353],[108.23635893534956,15.079062926165205],[108.23944121047288,15.079700933642359],[108.24118071242883,15.080133902025018],[108.24293547349565,15.081280218734628],[108.24488096919376,15.083178983559067],[108.24731474692875,15.08354614869778],[108.24955015835384,15.083686338340103],[108.25082426736542,15.084114538612017],[108.25317412219286,15.08599518411948],[108.253448779581,15.086487279801037],[108.25344878022149,15.086840139326814],[108.25374632554616,15.087467657894619],[108.25405150195546,15.08782433155432],[108.25650816705846,15.09024189520816],[108.25683623075315,15.09038208531315],[108.2571185179673,15.090412603581507],[108.25730925315558,15.090631948391541],[108.25717955397609,15.090847478758642],[108.25631743212848,15.093198287206166],[108.25630980305493,15.093442426527282],[108.25641661400121,15.09363316190633],[108.25692015459198,15.093883978210838],[108.25801115790433,15.095198141387607],[108.25803404600454,15.095591054594932],[108.25814848691046,15.095948682419365],[108.25830870453944,15.096140371459358],[108.258987720328,15.09673927880759],[108.25932341454393,15.09711216537177],[108.25943785446023,15.097303854380314],[108.25939207869732,15.097688185158924],[108.25909453280099,15.098399625722841],[108.2588351328311,15.098772512785201],[108.2583849988745,15.09928082090134],[108.25840025772078,15.099709974595548],[108.25863676871371,15.10043286015621],[108.25875883861416,15.100963103433974],[108.25874358040218,15.101109969120374],[108.25992613683141,15.102619635288825],[108.26019316446913,15.103185164204906],[108.26029997647991,15.10380505246087],[108.26017027706392,15.104459273243204],[108.25981169593139,15.105542647278984],[108.25961333146319,15.105966078417563],[108.25927000915958,15.10699318646728],[108.25852232788806,15.108721243275149],[108.25766020660043,15.110040175446231],[108.25740080726042,15.110607611554764],[108.25732451300256,15.11128472029212],[108.25730925420392,15.112261283937753],[108.25705748357962,15.114538657794533],[108.25704985491986,15.11529778235392],[108.25721007220545,15.116086470716704],[108.25755339554975,15.116629111746025],[108.25807219403401,15.117232787996633],[108.25949126090345,15.117954718496213],[108.26032286550343,15.118250357958878],[108.26155119866995,15.118711936448548],[108.26179533807522,15.118932234322752],[108.26215392079358,15.11950539409534],[108.2621920678401,15.120727049548911],[108.26305418861996,15.123476492947164],[108.26327544140085,15.123750197600197],[108.26441222202871,15.12430618972914],[108.26513701328396,15.124586569494554],[108.26691466271494,15.126391875516479],[108.26715880406249,15.126472937633121],[108.26829558247665,15.126342284986803],[108.26885252890685,15.126414763919774],[108.26950102737625,15.126736151361255],[108.2698367206365,15.127439009777607],[108.27033263163456,15.127827155598728],[108.27040129551257,15.128640639923914],[108.2707675065759,15.128785597363548],[108.2711947526434,15.128797995560442],[108.27226286904174,15.128628241333356],[108.2731860252458,15.128603446257216],[108.27348357182528,15.128628241783472],[108.27364378906545,15.128870474842566],[108.27360564233963,15.12974499440969],[108.27365904813324,15.129974829581453],[108.27392607727217,15.13015698128706],[108.27452879904722,15.130436408382824],[108.27501708025673,15.130727278447075],[108.27522307366613,15.13099430770228],[108.27530699693227,15.131528365548705],[108.27475768162341,15.133676039906241],[108.27484923359755,15.133858191427553],[108.27526122123516,15.134064185379765],[108.27571135564187,15.134428488713656],[108.27579527839696,15.134852874092966],[108.27571135524323,15.135168540828326],[108.27461272235674,15.136370169627492],[108.27452116968014,15.13661240359434],[108.27466612877636,15.136758315814708],[108.2749789337403,15.136782157681811],[108.27558928504351,15.136745917842996],[108.27626830103424,15.136563765914458],[108.27713042257427,15.136612403902964],[108.27787810368966,15.136758315588443],[108.27831297851124,15.137012947143356],[108.27843504897174,15.137692916800528],[108.27888518392088,15.138554084167165],[108.27922850611766,15.14002274336328],[108.27911406520907,15.140241133801812],[108.27808409741718,15.14061688185684],[108.2777789215138,15.140762794372675],[108.27777129129757,15.14094494579026],[108.277839956808,15.141102301972973],[108.27822142669623,15.14153908534606],[108.27822905602326,15.14178227184312],[108.27812224415368,15.141903389133196],[108.2772982700122,15.141952025811033],[108.2767184358243,15.142096985514453],[108.27654295973221,15.14219425945494],[108.27656584770345,15.142376411527252],[108.27709227544854,15.142728317046387],[108.27740508179694,15.143311012376598],[108.27763396303637,15.144305693956596],[108.27777129152753,15.14474247687242],[108.27807646790745,15.144778717049933],[108.27890807138452,15.144693840303969],[108.27932005928686,15.144524086252769],[108.27950316506048,15.144220816706929],[108.28019743953938,15.144027221280092],[108.28074675596734,15.143686759774479],[108.28104430288522,15.143711554786854],[108.28128844254071,15.143832671886992],[108.281364737096,15.144123541879143],[108.28124266688198,15.144439208846837],[108.28086119688363,15.144682396116135],[108.28081542073508,15.145106780940536],[108.28086882690125,15.145653236302813],[108.2813342195599,15.14635704842769],[108.28195982947625,15.147169578310752],[108.28240233534487,15.14731549055015],[108.28314238621043,15.148128020866778],[108.28388243775558,15.149317253382991],[108.28400450825112,15.149960982756618],[108.28400450783236,15.150822151081444],[108.28365355580655,15.151805389021392],[108.28321867997018,15.152338493156954],[108.28305083368723,15.152666557164489],[108.28309661056403,15.153042305149796],[108.28334075025909,15.153273094761868],[108.28382903258041,15.153503883444012],[108.2843936073797,15.153588760022581],[108.2856066811988,15.15347908729308],[108.28601103931278,15.153479087071789],[108.28631621405029,15.153709877333315],[108.28638487890808,15.154231537545586],[108.28620177300913,15.155287254631546],[108.28623992066996,15.155846107023383],[108.2866137618094,15.156270491996109],[108.28707915442492,15.156622398492495],[108.28845244522132,15.157087791132838],[108.28919249632568,15.157433020895562],[108.28944426633522,15.15786885032752],[108.2895815955327,15.15834950195327],[108.28945952576665,15.158694732667344],[108.28897887398904,15.159491050129361],[108.28894835565656,15.159866798287725],[108.28908568530976,15.160256851434577],[108.28939849053316,15.160617340565002],[108.29090148085352,15.161323058995135],[108.29166442078906,15.162960518147294],[108.29238921237857,15.16390656219059],[108.2930377113747,15.164312828238277],[108.29339629329057,15.164793480069422],[108.29353362338492,15.16629551742705],[108.29377013395954,15.166805732465246],[108.2942660441384,15.167211044652014],[108.294594107919,15.167737472160056],[108.2951968310988,15.168278206454826],[108.29579955283377,15.16862343678875],[108.29628020548576,15.168983925933444],[108.29665404522423,15.169208992095266],[108.29698210945016,15.169509399367811],[108.29737883738933,15.169959533383318],[108.29758483115523,15.170110214597374],[108.29787474803496,15.170110214779747],[108.29857665211186,15.169719207166775],[108.29902678735293,15.169584739640696],[108.29958373261097,15.169629562215011],[108.2999270554517,15.169959533264391],[108.30057555422442,15.170695770590486],[108.30120879342164,15.170996177217713],[108.30204802764491,15.171221244571955],[108.30339843022999,15.171071518717966],[108.30429869862645,15.170876014002609],[108.30458861540367,15.170951354873539],[108.30476409163914,15.171176421992097],[108.30473357466302,15.171761978773114],[108.30515319034781,15.172362793637152],[108.30529052069902,15.17270897674033],[108.3053210370558,15.173309791642541],[108.30558043710666,15.173610199547635],[108.30600005371161,15.173880088701843],[108.30631285848212,15.17406414800573],[108.30650837060213,15.174133101520205],[108.30652648178663,15.17413948825978],[108.30616790080312,15.174296844454748],[108.30596953667799,15.174466598735895],[108.30577117181849,15.174716461438047],[108.3049777148739,15.175923813395253],[108.30427581031326,15.177172172599413],[108.30174285167166,15.180229652894058],[108.30141478809033,15.18056153169397],[108.30077391839689,15.181074609363494],[108.29995757338996,15.181542863131334],[108.29982787363753,15.18169640426423],[108.29979735556404,15.181809890963414],[108.29979735539438,15.182071198285435],[108.30036193158308,15.18292568957285],[108.30062133106433,15.183397758959943],[108.30063658992296,15.18353794889181],[108.300590813651,15.183707703124341],[108.30011016213054,15.184414376520676],[108.30004149722963,15.184632767059533],[108.29997283266836,15.18508194856161],[108.30004149707543,15.185486305744613],[108.30075865967305,15.186304558535227],[108.30194884587603,15.18715428232413],[108.30291014908329,15.187646378117181],[108.30340606021244,15.188158500994332],[108.30345946620577,15.188437928288371],[108.3033755426683,15.188765992192682],[108.30271941529254,15.189340103814747],[108.30260497412988,15.189692963286458],[108.30257445615834,15.19007252599121],[108.30267363851237,15.19060467652589],[108.30252105026169,15.192627419252569],[108.30240660966,15.193030823089375],[108.30219298577681,15.193306434981745],[108.30185729358229,15.193606843325444],[108.30133086506915,15.193903435480996],[108.3004229675713,15.194120873910123],[108.29959136294335,15.194237221567281],[108.2990420458225,15.194432725954709],[108.29814940746046,15.19492863540381],[108.29754668523678,15.194971551433717],[108.29681426353173,15.19486187908576],[108.29611998793034,15.194550028086395],[108.29577666624573,15.194494713507005],[108.29541045498489,15.194616784340985],[108.29509764943178,15.194816102635762],[108.29407531087327,15.194930543811674],[108.29357940045917,15.19505070673176],[108.29308348913182,15.195374001436251],[108.29218322077743,15.196223725750608],[108.29162627479933,15.197026720173376],[108.29151946349174,15.197252740964176],[108.29135924615566,15.198237885686137],[108.29167968098338,15.200012673913617],[108.29217559101122,15.201664438046922],[108.29286986618467,15.202456941384053],[108.29383117028247,15.203050126961813],[108.29445678069932,15.203108301266056],[108.2954180847405,15.203069200071205],[108.29599028933008,15.203152170421436],[108.2968905576039,15.203529824753431],[108.29837066060614,15.204942217051444],[108.29869109428152,15.205549706710084],[108.29888945924031,15.206199158844967],[108.29922515261443,15.206481447230031],[108.30117064838305,15.207440843167893],[108.3030322204868,15.208627213861654],[108.30448943492908,15.209685793234932],[108.30480986987565,15.210221758196155],[108.30491668061003,15.211003770750347],[108.30521422841295,15.212398996039624],[108.30559569728116,15.213137140107088],[108.30632049022415,15.21410225796445],[108.30661803598747,15.214812746168715],[108.30658751944863,15.215503205931201],[108.30661040749735,15.216692438689833],[108.30703002441346,15.218215456380841],[108.30854064472713,15.220738878389447],[108.30863982673876,15.221246232997208],[108.30789977485574,15.222731104725435],[108.30688506595827,15.223543634985306],[108.30615264392641,15.224882594046923],[108.30526000457644,15.225971690111079],[108.30442077178422,15.226503840214228],[108.30407744858381,15.22659920765102],[108.30241424023595,15.226370325768682],[108.30139190141767,15.226445665559627],[108.30055266902832,15.226589670874114],[108.29991942848419,15.226867189956781],[108.29795104466716,15.22795056366552],[108.29700500004289,15.22820614931799],[108.29467040496068,15.228189936545405],[108.29276305659461,15.228242388870745],[108.29174834662957,15.228128901145384],[108.28654509928371,15.22707986014153],[108.28612548278176,15.227049342145738],[108.2859423775131,15.227097979849562],[108.28583556658126,15.227197161908322],[108.28578216019491,15.227399340660893],[108.28580504873295,15.227703563121333],[108.28611022464723,15.228390208389238],[108.28669768779037,15.229333392515967],[108.28762847321012,15.230205050904454],[108.28829986073568,15.230567447776615],[108.28881102922648,15.231105319482337],[108.2894671575729,15.232327929630735],[108.28955871079519,15.233037463197793],[108.28952819283033,15.233669749917185],[108.2891009464685,15.234220973812503],[108.28762847371088,15.235114566566908],[108.285431208227,15.235822192472497],[108.28461486243764,15.23621701395599],[108.28379088901399,15.237067692133397],[108.28302032018179,15.23864316233649],[108.28287536067909,15.240472309046021],[108.28260833301042,15.24122857340281],[108.28225737985608,15.241730204893061],[108.28180724576211,15.242230883894642],[108.28138762879874,15.242858402542453],[108.28117400569207,15.243236057617358],[108.28119689490947,15.243463985078954],[108.28152495936659,15.243897907182294],[108.28263122132131,15.244594089388599],[108.28424102302277,15.244892589278386],[108.28486663276475,15.24490021931674],[108.28646117669214,15.24474190899928],[108.28726989336774,15.244878284037343],[108.2884600784936,15.245398990650475],[108.28936797621955,15.245941631585174],[108.29066497316565,15.246513836157822],[108.29126006598395,15.247002117227302],[108.29156524260843,15.247436039046978],[108.29158812993057,15.247866145962275],[108.29106933098531,15.248969547158229],[108.29218322348076,15.250852099918003],[108.29260283932594,15.251784794698379],[108.29351073789694,15.2530064502441],[108.29519683482476,15.254160395896093],[108.29560119219221,15.254216663125657],[108.29655486703744,15.254253856092204],[108.29684478408673,15.254592411602628],[108.29705077642807,15.255032055101623],[108.29771453509066,15.255246631252803],[108.29856139733062,15.255333416695837],[108.29908782619326,15.255649082236575],[108.29985076497503,15.256482593236456],[108.30077392196365,15.256931774015154],[108.3010409507271,15.256702891943656],[108.30114776197011,15.256704798888828],[108.30130797946379,15.256783953916658],[108.30135375590733,15.256912699885543],[108.30126983321138,15.25737523353863],[108.30139953231243,15.257549755419173],[108.30274993472317,15.257953159215528],[108.30316955167683,15.258499615467954],[108.30342895064278,15.260874264210846],[108.30370360943148,15.262269489581046],[108.3041461145268,15.263112536948757],[108.30471831936516,15.264511577880326],[108.30490905463935,15.265880100663047],[108.30529052436921,15.267147533604955],[108.30594665128503,15.267890446936049],[108.30612975732414,15.268176548423476],[108.30619842221645,15.26918267467478],[108.30613738656696,15.269696705246034],[108.3055041475898,15.271184437821717],[108.30526000613179,15.271980755529858],[108.305336300779,15.273979656509841],[108.30516845397153,15.274751179990416],[108.30450469670822,15.27675389619155],[108.30407745079854,15.27717351216811],[108.30332214076115,15.277602665808297],[108.3023074305496,15.277977460278128],[108.30084258807749,15.278423779003095],[108.29942351987654,15.278999799116344],[108.30503875563073,15.28779839833241],[108.30604583503198,15.289030545388202],[108.30699950936747,15.289789670020088],[108.30754882529726,15.290053838008793],[108.30805236503517,15.290188306351512],[108.30970031514177,15.290414327707474],[108.31057006691502,15.290901654169824],[108.31085998370462,15.29126691136076],[108.3111651581394,15.29201745304292],[108.31147796440028,15.292537206725237],[108.31234008602412,15.29363011668809],[108.31291229085333,15.294694417788682],[108.31411773468605,15.298098081980095],[108.31464416263589,15.298620694668893],[108.31620818900781,15.298974507814114],[108.31765777395215,15.299790852318914],[108.31820709144519,15.300442212242046],[108.31909972974657,15.30121278156662],[108.32056457355586,15.301462644859539],[108.32218200561043,15.301584714680155],[108.32365447820499,15.300983899394923],[108.32634765380746,15.300345891068822],[108.3276217630479,15.300244801071836],[108.32980377023338,15.299910062466488],[108.33138305492463,15.299118512297945],[108.33338195602519,15.29818677179976],[108.33548766876719,15.296878330346297],[108.3371356184923,15.296524518003903],[108.33799011085736,15.296640865468188],[108.33932525508423,15.29745721012737],[108.34036285277928,15.297843448486992],[108.34252960037725,15.298399441673808],[108.34376556262785,15.297614567196758],[108.34474212506058,15.297402850982712],[108.34725982566809,15.297368519274226],[108.35137969894376,15.29609441008745],[108.35257751310351,15.296556942315114],[108.35501129103154,15.296845905242233],[108.35608703492439,15.29636906829119],[108.35955077914748,15.295199862480429],[108.36058837739655,15.295184603639125],[108.3626101680895,15.294963351849796],[108.36433441052971,15.29443501540824],[108.36460906873852,15.294939509743058],[108.36450225780614,15.295590869813957],[108.36569244303014,15.297319880733042],[108.36627227687416,15.297790995379215],[108.36722595100913,15.29803418284154],[108.3687060535134,15.298644534165375],[108.3720858764678,15.300372592689024],[108.3737872313317,15.30059861375679],[108.37405425946416,15.300782671971524],[108.37473327628338,15.301460734826797],[108.37529785094301,15.301910868245205],[108.37756378123305,15.302564134931359],[108.37867004369696,15.303375712393747],[108.38002807540954,15.303443422974457],[108.38217956549214,15.303365222024409],[108.38316375732832,15.303067675426153],[108.38447601259524,15.302567949810395],[108.38639099081438,15.302241792826823],[108.38770324629856,15.301845065186862],[108.38925964332624,15.300702563160934],[108.39159423744611,15.298751344659077],[108.39268524130532,15.298680773803136],[108.39682037305107,15.29928254107041],[108.39820129363363,15.29976319379087],[108.40124542218534,15.300443163776421],[108.40209991511892,15.300478449231079],[108.4028628535448,15.300253381462914],[108.40328247031657,15.300438394659913],[108.40327484193156,15.302129259391922],[108.40291625981408,15.305353632489975],[108.40305358850716,15.307089319667668],[108.40284759469472,15.308375826384141],[108.40295440708528,15.308789720357638],[108.40334350611172,15.309077730610253],[108.40454132084936,15.309375276562033],[108.40559417700204,15.309800615748095],[108.40820343009925,15.31201886293412],[108.4098437507137,15.31277894070092],[108.41029388465888,15.313278665525472],[108.41086608974824,15.314302912527218],[108.41101104852541,15.315293779366524],[108.41131622308461,15.315987100453588],[108.41162139914296,15.316231241342269],[108.41358978394713,15.316326608420269],[108.41476471101295,15.316722383567617],[108.41627533060478,15.316447725885045],[108.41829711930407,15.31628083250765],[108.41896850662658,15.316119661382995],[108.4193194587485,15.315905084326808],[108.41956360000817,15.315840235189334],[108.42071563760646,15.315173616603202],[108.421760864433,15.314201821956535],[108.42256958033475,15.313061227718912],[108.42326385590727,15.313068856852587],[108.42672760110011,15.315743912977036],[108.42691833602841,15.317146768398667],[108.42748291074777,15.318673601259094],[108.42794830419405,15.321073998819774],[108.42823059187492,15.321915140662407],[108.42825348034657,15.323651781517043],[108.42817718639074,15.324911585635729],[108.4282305920845,15.32528447126712],[108.4284442156085,15.325680246062715],[108.42887909129844,15.326015939525192],[108.42936737245817,15.326231470692143],[108.43038971153368,15.326273432799734],[108.43181640692917,15.326199999035614],[108.43364746237012,15.325980654263804],[108.43540985206786,15.326000680865565],[108.43553192296264,15.325911988943476],[108.43560058701037,15.325732698303606],[108.43564636404388,15.324412812659864],[108.43525726415749,15.323477258295421],[108.43519622904417,15.323115816374454],[108.43520385945597,15.322696199094244],[108.43558532774537,15.32185982730966],[108.43578369321526,15.320603838317798],[108.43581421015799,15.319974412920208],[108.43561584651457,15.319163788869348],[108.435547181215,15.317410936021027],[108.4356463642492,15.316710938463231],[108.43615753254228,15.315606583889526],[108.43685180747435,15.314413537985166],[108.43775970592256,15.31328247988245],[108.438453981316,15.312255372257548],[108.43880493301609,15.312035073331012],[108.43940765513297,15.311929215096422],[108.44076568705276,15.312551011138146],[108.44120056299562,15.312803734642804],[108.44175750893824,15.312921990145703],[108.44235260097906,15.3127198116296],[108.44458038482126,15.31241558921865],[108.44588501124058,15.312318313812256],[108.44729644926481,15.312356461234382],[108.44824249437575,15.312141885020962],[108.45002014327018,15.31057118254551],[108.4504321303945,15.310335624634751],[108.45101959363686,15.310311783285156],[108.45179016241953,15.310440530043303],[108.4546664439763,15.31038330901817],[108.45655853428285,15.310104835386433],[108.45742828558961,15.3101000676908],[108.45866424707079,15.31032418081254],[108.45937378080724,15.310211647266257],[108.46062500089795,15.309655655553247],[108.46161682283905,15.309607017746137],[108.46424133428754,15.309936987943669],[108.46566040213293,15.310523498070232],[108.46813232513215,15.310626495622127],[108.46953613461588,15.30998181077972],[108.47000152782766,15.309807289083079],[108.47052795544009,15.309813010771899],[108.4722903450408,15.310283172344349],[108.47445709404653,15.310307968319202],[108.47510559275247,15.310435759778219],[108.47642547778047,15.311231125390515],[108.47712738268267,15.311913955271145],[108.47740204064542,15.312324035378547],[108.47770721630592,15.312521446230246],[108.47781402805337,15.312182891262559],[108.47805053814815,15.310033309644169],[108.47827179116233,15.309555518566683],[108.4785845968941,15.309228408114565],[108.48060638505433,15.308290946449898],[108.48159820785656,15.308001982494055],[108.48240692371392,15.30795048493767],[108.48395569056368,15.308118331502595],[108.48543579261406,15.308555113112712],[108.48752624704252,15.309674727857624],[108.48795349291301,15.310129630359972],[108.48849517958774,15.311216818398712],[108.48883087388819,15.311670767645486],[108.49156982638239,15.313383566164951],[108.4924929831534,15.31384419138747],[108.49397308622942,15.314461218029802],[108.49504883052907,15.315164076043704],[108.49547607568788,15.315603720117053],[108.49568206972222,15.316176879279316],[108.49577362271492,15.316657530676418],[108.49720032001551,15.318746077745324],[108.49706299074553,15.320065009460672],[108.497154542954,15.320366370325258],[108.49745209049364,15.320790755479527],[108.49769623004453,15.321288573414368],[108.4979327413309,15.322342383218459],[108.49838287604678,15.323398100226449],[108.49893219284985,15.324004637427826],[108.49991638438249,15.324495781010393],[108.50180847417286,15.324595915618678],[108.5047839385842,15.325674521565741],[108.50634033459562,15.325886237403893],[108.50698120411627,15.325815665029259],[108.50770599690978,15.325629698008624],[108.51369507150737,15.32267521481098],[108.5153430206085,15.321918951869277],[108.51593811411703,15.32200382914153],[108.51629669502005,15.322162139098044],[108.5170901521295,15.322790610028685],[108.51760895050901,15.323029027966818],[108.51860840206758,15.32307861959991],[108.51916534714262,15.322968946634884],[108.52091247907256,15.322239386036259],[108.5222399929321,15.321789252005306],[108.5238497961488,15.321032033960643],[108.52461273496691,15.320575223870275],[108.52533752771382,15.320272909683805],[108.526451418702,15.320168958183045],[108.52669556022576,15.320210920069927],[108.52720672927735,15.320720182266706],[108.52838165642034,15.323097692662769],[108.52905304327132,15.323725210835999],[108.53020508099864,15.32428120220971],[108.5304568514396,15.324652181575757],[108.5307315105527,15.32531403187116],[108.53112823798901,15.325667844613605],[108.53337890984558,15.327940450783734],[108.53443176637992,15.329341398938467],[108.53483612463145,15.329817281236743],[108.53527099943497,15.330171094627204],[108.53738434277109,15.330659376591765],[108.54078705228248,15.331724630172836],[108.54190094355295,15.33258961342878],[108.54337341665246,15.33326481434119],[108.54396088049762,15.334278570438666],[108.54402954453798,15.335210310610423],[108.544380496635,15.335873113102204],[108.54481537286091,15.336226926705683],[108.54549438857649,15.336389051767112],[108.54649384042314,15.336322294653247],[108.5487826579253,15.33518456001227],[108.54950745082095,15.335114942489728],[108.55017883688073,15.335316167509717],[108.55085785262845,15.335866437457288],[108.55187256275516,15.33632324695439],[108.55298645423822,15.336335645151284],[108.55411560545713,15.3358826499163],[108.55576355405206,15.334776387596857],[108.55684692855769,15.33436249263736],[108.55793030209793,15.334180340806718],[108.55912811746032,15.334193693096848],[108.5605242966105,15.334518895584022],[108.56279022626983,15.335628972379697],[108.56483490411574,15.337221608448479],[108.56773407405109,15.338725552806016],[108.56836731477452,15.339275823101108],[108.56907684796388,15.340213284449128],[108.57065613296123,15.341859326610146],[108.5717242476645,15.342607007765428],[108.57271607010058,15.342957005751849],[108.5732119796731,15.343076214608566],[108.57359345014916,15.343023762282135],[108.5736392261728,15.34298084755187],[108.5737155197113,15.342911229257584],[108.57371551990906,15.342625126691749],[108.57383759072657,15.342398152249212],[108.57402069545101,15.342228398257282],[108.5744937191525,15.342148289200287],[108.57472260005167,15.342379079048744],[108.57489807677302,15.342866406642983],[108.57543976414675,15.343900190013649],[108.57570679146382,15.344103322861779],[108.57614929670716,15.344165310858655],[108.57744629353937,15.343979344654102],[108.57782776393613,15.34398315926983],[108.5794299372923,15.344392285251258],[108.58039886970553,15.344717488618022],[108.5820773374301,15.344821438044166],[108.58287842288883,15.344744191349273],[108.58544190010737,15.344229207306272],[108.58618195129844,15.343922123140104],[108.58688385544797,15.343344197058912],[108.58741791283137,15.343149647543783],[108.5876239066838,15.343238338979244],[108.5879748590343,15.343670353598496],[108.5884021048853,15.344418033990204],[108.58916504435072,15.34525536013552],[108.59124024055629,15.346734508985271],[108.59170563357002,15.346969113517396],[108.59200317954688,15.347000583860066],[108.59220917377534,15.346916661547851],[108.5928653012475,15.346152768060172],[108.59349091113098,15.345673069450454],[108.59537537169523,15.344450459350856],[108.59593994708217,15.34419964330685],[108.59700043231739,15.344239697036247],[108.59790832996197,15.344363674707683],[108.60002930261079,15.344986423625947],[108.60114319398426,15.345255359878731],[108.60246307952842,15.34581325974204],[108.60262329628728,15.346143230435645],[108.60242493268271,15.347770198689348],[108.60177643366964,15.350649341557158],[108.60186798667576,15.351722226450807],[108.6020968691512,15.35215328570275],[108.60256226173648,15.352501377905151],[108.60282929119197,15.352561458834629],[108.60324127754185,15.352566226944223],[108.60459931023351,15.35238026064222],[108.60507233324569,15.352271541900365],[108.60624725988119,15.352255330162164],[108.6074298155002,15.35241077856886],[108.60839874867399,15.352478488847455],[108.60922272364677,15.352630124209224],[108.6097186339488,15.352806553078949],[108.61060364436008,15.353216632406207],[108.61173279359511,15.35341404396723],[108.61441834068596,15.353357776361317],[108.6149447690675,15.353419766037165],[108.61699707697733,15.35449932460745],[108.61840851472498,15.355000957366938],[108.62030060384528,15.355463489897897],[108.62085755055492,15.35575531349435],[108.62243683573736,15.357201084304132],[108.62328369801477,15.35758160017197],[108.62545807568017,15.358148082786375],[108.6264346382915,15.358244403132238],[108.62713654258086,15.358252032969066],[108.6292498842147,15.357745632016746],[108.62981445926596,15.357551082291586],[108.63011200686906,15.357497675769675],[108.63060791691069,15.35750244477231],[108.63105042120307,15.357764705345625],[108.63195831993303,15.358602984902507],[108.63230164266946,15.358863338626355],[108.63253815398834,15.359240993617648],[108.63253815406668,15.35938118318945],[108.6324160840894,15.359550936891011],[108.63232453045703,15.35983608608916],[108.63243897188129,15.36000870146405],[108.63278992347237,15.360183222883963],[108.63349182836448,15.360734447254748],[108.63375122808748,15.361222727917468],[108.6337435984992,15.362137302293775],[108.63391144497098,15.36251018948851],[108.63420899184175,15.362827761890802],[108.63452942610637,15.363060458885517],[108.63494141291251,15.363092884437808],[108.63555939408312,15.363070949074395],[108.63828308788852,15.363543018215733],[108.63925202112125,15.363924488194424],[108.63968689738182,15.36415813819032],[108.64047272532848,15.364938242846149],[108.64099152308873,15.366057856987146],[108.64139588153937,15.36714790703388],[108.64173920409345,15.367695316109916],[108.64197571481165,15.367926105161335],[108.64232666723238,15.368044360908476],[108.6434939650327,15.368128283797997],[108.64449341511705,15.36813877391809],[108.64543946010218,15.367948038932637],[108.647545173445,15.366999133594232],[108.64875061831849,15.36701153122979],[108.65010102010046,15.367397768972003],[108.65179474673272,15.367486460381073],[108.65264923828892,15.367924197590819],[108.65402252931388,15.368510706648264],[108.65482361656981,15.368698581190465],[108.65496857406649,15.36854885372953],[108.65512116232605,15.36820743843155],[108.65515930938855,15.367379649337234],[108.65534241462392,15.366981013263239],[108.65560944351542,15.366584284598026],[108.65599854211038,15.366187556799655],[108.65650208220255,15.365878565514267],[108.65688355271963,15.365740282163314],[108.6588900829921,15.365732653661794],[108.65930207084578,15.365822298151594],[108.66037018526379,15.366390688419193],[108.66095001943373,15.367083056734113],[108.66144593051605,15.368145449514444],[108.66154511226458,15.36928985861956],[108.6616290363304,15.36969135572815],[108.6618960649882,15.369665606377886],[108.66237671670447,15.368841631814968],[108.66276581605202,15.368360026351949],[108.66392548398441,15.367428286777288],[108.6654132158682,15.366014941668112],[108.66683228320008,15.36565826574328],[108.66736634029895,15.36543605977179],[108.66829712700046,15.36525963097071],[108.66933472504114,15.364956361640777],[108.67034180498972,15.364480479328503],[108.67119629641033,15.36420391293874],[108.67237885245285,15.364187700580327],[108.67269928790552,15.364276391653883],[108.67311127435127,15.364538652914504],[108.67369110894897,15.365172845801116],[108.67433197739838,15.36649463899026],[108.67525513506634,15.367704852366893],[108.67587311591976,15.368225557748337],[108.67668946115593,15.368662340900396],[108.67835266915603,15.369180186009713],[108.67900116795468,15.369244081733775],[108.67932160236113,15.369189721499636],[108.67953522562198,15.368992311927547],[108.67974884939997,15.368337138165442],[108.67978699562961,15.367651445351317],[108.67987854787063,15.367195588328917],[108.68014557721263,15.366769296976958],[108.68029816449054,15.366656763032616],[108.68091614572162,15.366548997412416],[108.68147309181269,15.366554719707718],[108.68320496402745,15.367258531735544],[108.68417389695176,15.367554170662684],[108.68532593616499,15.367595178434815],[108.68604309927525,15.367959482647375],[108.68680603815811,15.368510705635098],[108.68735535530885,15.36911628963382],[108.68768341936116,15.36923454457291],[108.68800385308082,15.36918018570785],[108.68872101750755,15.368788225516214],[108.6894305500056,15.36830948008176],[108.69043763061768,15.368091089547963],[108.69161255715957,15.368217927002549],[108.69246704950532,15.368455392678188],[108.69464905675676,15.369629365704961],[108.695793465379,15.370132904968035],[108.6969455039429,15.370172960438154],[108.6976779263126,15.370124322594751],[108.69800599055499,15.369926912495105],[108.69862397103402,15.369904977060168],[108.69966156883049,15.370563012490983],[108.70023377384855,15.371379358495638],[108.70085938384216,15.372900468137805],[108.7011798181864,15.373218042596331],[108.70139344187972,15.373163682009965],[108.70177491129934,15.372795564076277],[108.70266755050538,15.372347337182994],[108.70368225970535,15.372200470969748],[108.70439179362711,15.371979218817371],[108.70632203034009,15.371056062285056],[108.70700104651078,15.370948297129317],[108.70921357021253,15.370942574568454],[108.71015961566745,15.370838623352718],[108.71048005106103,15.370755655014573],[108.71133454291657,15.37073658104093],[108.71226532909351,15.37056015046171],[108.7130893037333,15.370540123686624],[108.71370728478408,15.37066028678399],[108.71441681791805,15.371011238899106],[108.72134430943444,15.37483165877114],[108.721695260976,15.375264626954188],[108.72202904521927,15.375867293820068],[108.72206560430882,15.375933302755849],[108.72633393363877,15.38100288506975],[108.73511536663092,15.392088394448487],[108.73572571783184,15.393035393418854],[108.73606904088794,15.393793564784575],[108.73611481715825,15.394246560091206],[108.73601563554452,15.394647103492778],[108.73895295202063,15.39906166219225],[108.73946412198056,15.398608667375736],[108.74550660241293,15.394510727271335],[108.74662049409416,15.393799286636256],[108.7474368390292,15.393189887997368],[108.74874909520236,15.392385941734135],[108.74927552299661,15.391988258993829],[108.75045045047301,15.391479950025623],[108.75237305737147,15.39054725692638],[108.75349457835621,15.390140037674284],[108.75435670060946,15.389743309159599],[108.75531037441388,15.389585953145573],[108.75666077727846,15.389069061643646],[108.75782044502198,15.388819198389553],[108.75898011299546,15.388292770871145],[108.75979645872025,15.387987595132623],[108.76047547473578,15.387839774838298],[108.76112397369299,15.38762710568571],[108.76306183949386,15.387183646713646],[108.76351960323153,15.387155990126624],[108.76445801883963,15.386970977584657],[108.76499970525772,15.386777381302752],[108.76538117584323,15.386684875367424],[108.76566346208278,15.386647681681817],[108.76759369917868,15.386767844233924],[108.76792176353302,15.386934737778137],[108.76841004457286,15.387091140664651],[108.76966889428515,15.387202720208668],[108.77008088260935,15.387368659014326],[108.77098115066073,15.387498359589364],[108.77108033229683,15.387451629585428],[108.77121003288828,15.387266616248995],[108.77119477374866,15.386620024747065],[108.77122529158693,15.386371116556603],[108.7713015857841,15.386167030123497],[108.77143128561545,15.38601921045265],[108.77240784744606,15.385455589458358],[108.77330048626798,15.384873847078948],[108.77409394352121,15.384476165028762],[108.77443726671831,15.38414428637804],[108.77455170726238,15.383886793978755],[108.77574952243248,15.384191970283243],[108.77691681957276,15.384490470280785],[108.7767718614367,15.384975889990196],[108.77681000831835,15.385317305923154],[108.7770312609792,15.385751228269465],[108.7774127310684,15.386056403155767],[108.77746613679331,15.386241415808371],[108.777443248306,15.386444548730353],[108.77713044278134,15.387110214073763],[108.77703889108088,15.387673834624335],[108.77665742029502,15.38850543877999],[108.77647431518501,15.388578871779464],[108.77636750364174,15.3886809154568],[108.7763217275484,15.388856391556502],[108.77632172797597,15.389069060889858],[108.77642853852562,15.389087179929538],[108.77658112685795,15.388864974090806],[108.77668030890871,15.38887451078506],[108.77671845608985,15.389170149901966],[108.77664216188818,15.389262656143902],[108.77674134404778,15.389359931125334],[108.77689393204794,15.389340857878057],[108.77729066074677,15.389054755021913],[108.7774432489637,15.38908241224796],[108.77750428391016,15.389156799390772],[108.77751954141216,15.389387588001656],[108.77742035962463,15.38960884050336],[108.77742798941622,15.389665106777727],[108.77755005954313,15.3897480772669],[108.77756531894735,15.391900520329118],[108.77764161262371,15.39193771363405],[108.77772553547672,15.39170692378056],[108.77778657107476,15.391669730381464],[108.77858002782166,15.391687849907301],[108.77874787467114,15.391660194401318],[108.77881653979234,15.39157722404258],[108.77882416885092,15.390634994328439],[108.77885468677916,15.390570144310416],[108.77945740888987,15.390579680700299],[108.77957947856692,15.39044044374021],[108.779671031551,15.390024641598021],[108.77979310195714,15.389914015706712],[108.77966340167278,15.389738540431761],[108.77969392028793,15.389119604563424],[108.77976258352365,15.388952711826821],[108.7799228021238,15.388952711996284],[108.77993043133313,15.392002562920288],[108.77993806117212,15.392131309142094],[108.77999909558699,15.392215231729303],[108.78691895711538,15.392175177802116],[108.7869799918202,15.392183761103965],[108.78702576814666,15.392258146646327],[108.78704102757953,15.392678717939354],[108.78717072712752,15.392696838137873],[108.78723176179875,15.392595747545553],[108.78725465042717,15.392154196613392],[108.78793366582742,15.392175177425935],[108.78804810685394,15.392113188546922],[108.78805573641577,15.391659239831107],[108.78800996044268,15.391499022638378],[108.78800996035012,15.38975761298801],[108.78802521948465,15.389706114385845],[108.78819306473736,15.389648894321207],[108.78920777538985,15.389662245919718],[108.79036744287151,15.389930227271917],[108.79156525852166,15.390388946005235],[108.79432709939452,15.391671637145025],[108.79676850519373,15.392960051096374],[108.79827149609491,15.393833616168175],[108.79950745885283,15.394656637693892],[108.80064423781486,15.395472983457683],[108.80398591264303,15.398063162855268],[108.80476411085412,15.398521879913652],[108.80484040492878,15.398828963360936],[108.8050387696656,15.399159888821387],[108.80606110821213,15.400589445312905],[108.80668671862091,15.401568869816154],[108.80719025897965,15.402398565512065],[108.80744202906409,15.402979353631553],[108.80780823974837,15.404188612377308],[108.80791505065078,15.404780844434352],[108.80795319825769,15.406985739367709],[108.80791505161542,15.407305220468361],[108.80762513398649,15.407877425131833],[108.8074343992517,15.40809104773159],[108.80736573499941,15.40810249251357],[108.8072436651162,15.40802619892726],[108.8068240485052,15.408043365007233],[108.80684693629946,15.408109167987782],[108.80666383082415,15.40842864871191],[108.80666383126321,15.408482054801757],[108.8068087887543,15.408565025116019],[108.80680115983806,15.408606986057526],[108.80669434838053,15.408671835602556],[108.80654176043154,15.408878782429943],[108.80627473107252,15.409132460624063],[108.80616029092202,15.409167746522794],[108.80593140918435,15.409191588499384],[108.80591615055059,15.4090084824762],[108.80609925542777,15.408560255830547],[108.80614503182018,15.408288459016688],[108.80626710248221,15.408041456771889],[108.8062594728246,15.4078993597147],[108.80613740246234,15.407745817844262],[108.80575593331201,15.407563666510203],[108.80547364527484,15.407580833158388],[108.80539735143616,15.407769660174745],[108.8050998053139,15.408256034206536],[108.80493958696292,15.408374289989567],[108.80466492952623,15.408457258649062],[108.80414613041481,15.408516387213899],[108.80393250669005,15.408421973223271],[108.80387910175745,15.40831516224472],[108.80387910188281,15.407985190504274],[108.80371888429615,15.40792606264496],[108.8034976320194,15.407937506585693],[108.80336030332437,15.408009031858224],[108.80319245570227,15.408292273560145],[108.80293305750243,15.408433417784678],[108.80271180414911,15.408457258901919],[108.80239137032619,15.408563116896367],[108.8020480474134,15.408763388760706],[108.80165894793157,15.409094314287259],[108.80159028336752,15.409283141411345],[108.80159028301335,15.409577826681588],[108.80178864756672,15.41004989585147],[108.80163606012164,15.410250167399639],[108.80161317115785,15.4104628370885],[108.80165894845096,15.410557250060632],[108.80185731188834,15.41074607839052],[108.80195649442814,15.411099891014885],[108.80197938182354,15.41137073414377],[108.80194123529446,15.411701659482311],[108.80187257110998,15.411937217487928],[108.80176575936913,15.412114600069888],[108.80091126731747,15.41112945515627],[108.80076630917648,15.411188583365051],[108.80022462251848,15.411607246324232],[108.80000336887902,15.411701659534192],[108.79989655782651,15.411890486965275],[108.79980500516017,15.411955337235625],[108.7994693124105,15.411690215471516],[108.79896577146314,15.411961059665932],[108.79875977824504,15.41217372820598],[108.79900391822162,15.412497976965597],[108.79899628929103,15.412568549459678],[108.79891236609483,15.412645797272905],[108.79882081357155,15.412648658708466],[108.7986453368623,15.412409286173732],[108.7985843022997,15.412388305670584],[108.7985766725402,15.41247413677819],[108.79879792495322,15.4127898019787],[108.79903443621453,15.412735442128895],[108.79910310161948,15.412776450020793],[108.7994998294424,15.41323993659727],[108.79945405359626,15.413275222406288],[108.79906495414677,15.412954787081421],[108.79895051313514,15.412919502787476],[108.79866059659741,15.413058738046939],[108.79853089625261,15.41321132671563],[108.7984240845051,15.41391990645466],[108.79844697300683,15.414084892815907],[108.79859956084668,15.41430900508561],[108.79862244970732,15.414427261448013],[108.79855378433935,15.414503555881621],[108.79843171463251,15.414509277334359],[108.79841645547411,15.414544563683897],[108.79844697333803,15.41465709680952],[108.79880555469222,15.415253143669377],[108.7987902957545,15.415329437662006],[108.79837830842561,15.415564994894726],[108.79823334989086,15.415564994225642],[108.79784425017435,15.415051917725364],[108.79774506781655,15.415010909674045],[108.79752381581571,15.415105323860086],[108.79732545269557,15.414798240464146],[108.79705079363738,15.414527396462189],[108.79695924091442,15.414533118881835],[108.796608289231,15.414792518080494],[108.7964709589338,15.41463325443037],[108.79566987290791,15.415288429586614],[108.79576905566213,15.415488700446389],[108.79548676861582,15.415707092667711],[108.79547150925234,15.415801505982085],[108.79588349661668,15.416338424584692],[108.79592164286035,15.416462402906474],[108.79582246163646,15.41659782371747],[108.79550202657066,15.416603545893924],[108.7952807746477,15.416792373470756],[108.79501374567963,15.417099456612862],[108.79484589844233,15.417187194304365],[108.79483063993854,15.417246323100793],[108.79486878738233,15.417376023081],[108.79515107443895,15.417618255315531],[108.79520448004924,15.41828487340794],[108.79527314539878,15.418591956364274],[108.79630311364471,15.419430237080356],[108.79628022568326,15.419658164869473],[108.79642518369435,15.419888000607799],[108.79648621854008,15.42032287581592],[108.79667695358826,15.4204907224805],[108.79682954191559,15.420512656840776],[108.79697450026146,15.420597533902754],[108.79705842384497,15.420949439956896],[108.79709657085745,15.421488266161147],[108.79702790577228,15.421715240962452],[108.7968982069076,15.421983222921218],[108.79687531793809,15.42217014301812],[108.7963107429892,15.422661285927978],[108.7968448003529,15.422687988823483],[108.79740174643054,15.422610740704565],[108.79753144539885,15.422652703078425],[108.79756959291271,15.423026543233085],[108.79765351688106,15.42315147358898],[108.79776032800577,15.423214416911566],[108.79784425076248,15.423401336616124],[108.79797395025123,15.423444251890608],[108.798378308196,15.42328308115307],[108.7985080083044,15.423387985504483],[108.79850037860488,15.42378089842552],[108.79853852544515,15.42405078869697],[108.79883607250801,15.424157601085648],[108.79904969605671,15.424117545697149],[108.79930909479361,15.423975449188081],[108.79966004645662,15.423647385232547],[108.79985078131037,15.423359375013844],[108.79998811066878,15.422946433932973],[108.79949220042612,15.422817688095908],[108.7990039186218,15.422750931213042],[108.79885896054081,15.422646026455052],[108.79872926053997,15.42214630205869],[108.79883607210333,15.42148540519449],[108.79896577142034,15.42109344467336],[108.79976685844493,15.420106392039223],[108.80117066756436,15.418599586459564],[108.80162080107125,15.418164710941364],[108.80276520999564,15.41684864036866],[108.80340607978835,15.416230658934742],[108.80399354252184,15.415832023297355],[108.80516084002727,15.414719085411166],[108.80596955615385,15.414174536820935],[108.80854829129683,15.41278407986142],[108.80905946059882,15.412560919687868],[108.80944856038323,15.412544708243278],[108.80965455316404,15.412426451969244],[108.8102420176526,15.41227195666369],[108.81064637527741,15.412300567111066],[108.81077607481544,15.412381628496044],[108.81082948089255,15.412370185194932],[108.8109744386756,15.412194709074633],[108.81109650944039,15.412146071737501],[108.81163819678687,15.41204498178264],[108.8125384648119,15.411946753789023],[108.81295808132073,15.411971548684901],[108.81351502709278,15.412097433746524],[108.81407960294968,15.412288168745512],[108.81428559646446,15.412431219675609],[108.8143237436953,15.412499884470732],[108.8142855965536,15.412613371731887],[108.81411774964866,15.412771681953286],[108.81408723134206,15.412926176651254],[108.81459077187503,15.413080671939717],[108.8151095706522,15.4135041034072],[108.81584199267604,15.413955191905794],[108.81590302785271,15.414072493733698],[108.81594880425868,15.414722899451567],[108.81629975691294,15.415048103159931],[108.81665070847876,15.415551642992593],[108.81681092574573,15.415666083727794],[108.81741364785213,15.415950279243473],[108.81815369988462,15.416210631694936],[108.81860383402089,15.416616896961271],[108.81864960975601,15.416738967224187],[108.81865723986363,15.417274932057333],[108.81864198125668,15.41743801000241],[108.8185351690297,15.417559127082203],[108.81850465171429,15.417803268158046],[108.81859620485045,15.417932966972643],[108.81874116315957,15.418038824483125],[108.81885560389411,15.418071249467571],[108.81909974472939,15.418022612931935],[108.81935914396561,15.418112258203596],[108.81950410279141,15.418340186272218],[108.81951936105418,15.41857574409561],[108.820740064012,15.417973021773413],[108.82107575791751,15.418018797897732],[108.82138093347614,15.41797969718142],[108.82165559186092,15.417837599937624],[108.82189210329311,15.417839507012571],[108.82225831359237,15.417905310458659],[108.82361634631334,15.4182705673603],[108.82419617958422,15.41854522542776],[108.82472260817788,15.418716887457613],[108.82530244184426,15.418618658603258],[108.82552369475559,15.41824863340711],[108.82623322871018,15.41859577098622],[108.82640870468869,15.41827915032349],[108.82652314619634,15.418205717546774],[108.82666810386498,15.418173292636329],[108.82676728619661,15.417474249629269],[108.82688935612221,15.417441824208343],[108.82704194372185,15.417571524645382],[108.82708772106841,15.41756389408793],[108.82746156117496,15.417287329304319],[108.82759888986608,15.417335966875386],[108.82771333053365,15.417319754490894],[108.82778962468666,15.417238692570367],[108.82803376633821,15.41640899574167],[108.82795747151233,15.415978888565862],[108.82793458413627,15.415937880640826],[108.82786591934146,15.41594646327871],[108.82757600239142,15.416043738788275],[108.82732423172992,15.416230658794005],[108.82730897262785,15.416059950673345],[108.8274005259958,15.415750960202846],[108.82737000760196,15.41537711920022],[108.8273013436622,15.415064314577865],[108.8271411259791,15.414820173320676],[108.82698853903365,15.414771536339753],[108.82683595088238,15.414828757323166],[108.82674439759775,15.415007094368587],[108.82665284527508,15.4150070941635],[108.82620271080788,15.414600828359415],[108.8257907234797,15.414356688505892],[108.82569154192186,15.41425178483548],[108.8255160645064,15.41391799819221],[108.82562287655212,15.413382033343565],[108.8256686532021,15.413300017530982],[108.82577546507376,15.41325996278246],[108.82583649958373,15.413186529606017],[108.82582887090231,15.41312167916352],[108.82577546485,15.413096884573484],[108.8254168829951,15.413211325037162],[108.82500489581295,15.413438299106849],[108.82482179080293,15.413633803771937],[108.824455579998,15.413592795080744],[108.82427247347913,15.413511732229361],[108.82405122162153,15.413235167855415],[108.82367738049302,15.413308600766332],[108.82344849926285,15.413267592591877],[108.82321961806049,15.413089255049535],[108.8228915537139,15.412674406781928],[108.8224414184572,15.412219504658399],[108.82222016703787,15.41177223038567],[108.82195313733861,15.410447577058061],[108.82189973135603,15.409739950594247],[108.82191499016305,15.40930984298407],[108.822067578555,15.408984640016332],[108.82228883165916,15.408837774567287],[108.82240327139796,15.408610800126132],[108.82225831328647,15.407659987148941],[108.82226594221363,15.40710685623384],[108.82212098400817,15.406960943647313],[108.82220490709577,15.406546095042527],[108.82234223625359,15.406367758378796],[108.82263978365333,15.406197049882897],[108.82278474117545,15.406197050099683],[108.82289918216574,15.406220892054545],[108.82341798120649,15.406619527904164],[108.8235858286103,15.406578519886441],[108.82363160441865,15.406472662550874],[108.82366212207144,15.405643918929822],[108.82371552702662,15.405432203249259],[108.82412751564577,15.404863814054528],[108.82408173813033,15.404506186188128],[108.8239978157417,15.40440032844819],[108.82378419210931,15.404254415679873],[108.82371552710875,15.404116132989703],[108.82378419198223,15.403262594255219],[108.8238757453453,15.402928807967891],[108.82399781534414,15.402774312840968],[108.82421906723036,15.402677038225248],[108.8246386839307,15.402380445736407],[108.8247836434636,15.402177313057072],[108.82498963655185,15.401754835095767],[108.82516511262405,15.40112922509518],[108.82527192405429,15.400982359160563],[108.82544740037837,15.400892714185112],[108.82578309329838,15.400933721458932],[108.82593568148796,15.400787809346],[108.82604249315332,15.400617102056527],[108.82608826936107,15.400446394034818],[108.82620270991292,15.400397756428042],[108.82657654985611,15.400624730355082],[108.82666047441761,15.400568463974023],[108.82665284465868,15.400454023921009],[108.82627137529767,15.400098303149056],[108.82618745077497,15.399838903910181],[108.8263629274277,15.398985364919689],[108.82643922114647,15.39891193129708],[108.82673676801414,15.39886329468275],[108.82692750219174,15.398708799247695],[108.82732423113956,15.39828155304978],[108.82767518281989,15.398001172511217],[108.82874329836339,15.397655942155785],[108.82909424988696,15.397578694826548],[108.8293917973163,15.39757106532297],[108.82970460187715,15.397668340779914],[108.83005555399282,15.397903897659143],[108.83047517148934,15.398996808196522],[108.83060487164147,15.399159887579044],[108.83082612330273,15.399281957228187],[108.83099396988135,15.399314382446878],[108.83113129926993,15.39924094958251],[108.83120759372125,15.399054029934428],[108.83122285224866,15.396973111208704],[108.83115418673692,15.39594123627959],[108.83117707500142,15.395534970084176],[108.83139832777051,15.394502141752143],[108.83152039775926,15.394201733919342],[108.83163483910324,15.394039609629683],[108.8320239384428,15.393665769557419],[108.83213074990194,15.393461681883783],[108.83224518992306,15.392966725101429],[108.83227570839986,15.392494657225521],[108.83223756101955,15.391804197404369],[108.83219178482106,15.39159248115941],[108.83172639216525,15.390593029909116],[108.8307269404376,15.389137722952608],[108.83008607151388,15.388308980341254],[108.8298800779593,15.387894131624948],[108.82973511938216,15.387568929456577],[108.82966645464641,15.387236096912327],[108.83001740694841,15.386951902252132],[108.82984956071031,15.386797405983568],[108.82978852459077,15.386496044910986],[108.8296664544753,15.386407354415493],[108.82920869036234,15.386236646281032],[108.8289798099601,15.386024930363737],[108.82881196253668,15.385724523313474],[108.82885773891763,15.385415531711976],[108.82908662058718,15.385220028897978],[108.82911713887897,15.385131337229616],[108.82911713908449,15.385000683948292],[108.82904084440821,15.384870984218399],[108.82894929190019,15.384765125546018],[108.82861359901439,15.384838558769],[108.82839997554721,15.384773708534205],[108.82827790509795,15.384684063751353],[108.82799561802192,15.384301641260125],[108.8275607416952,15.38400123303129],[108.82737000665921,15.383814312842961],[108.8273089715062,15.383700825631264],[108.827415783863,15.383399464779721],[108.82741578402313,15.383221128206939],[108.8274005245909,15.383099056591412],[108.8272403071626,15.382969358168895],[108.82713349590753,15.382806279153295],[108.82709534860996,15.382667996706386],[108.82725556544024,15.382367588686302],[108.82725556535516,15.382237889338281],[108.82720978977339,15.382099606836137],[108.82706483115987,15.381928898750742],[108.82704957210842,15.381042935801851],[108.82680543183317,15.379188992952905],[108.8268588377125,15.379043079883818],[108.82701905477069,15.37881515166676],[108.82733948958798,15.378685452673922],[108.82735474880752,15.378579594541607],[108.82725556524021,15.378270603463152],[108.82727082453374,15.378043629686255],[108.82764466568115,15.377644993511653],[108.82775147672997,15.377441860757346],[108.82783539953911,15.377125240890043],[108.82820924005516,15.376409985552115],[108.82843049204966,15.376149632478539],[108.82912476681985,15.37506816561367],[108.82942994346368,15.374702908301947],[108.82970460109556,15.374483563160682],[108.82991822427056,15.37419936814585],[108.8299945180903,15.374028660581153],[108.83025391683132,15.373687245453802],[108.8306811640917,15.372808910263233],[108.83098633925886,15.372499920309101],[108.83203156581325,15.371110417110817],[108.83275635954801,15.369874454829565],[108.83346589267936,15.368964648833952],[108.83390076833395,15.368192173326861],[108.83421357317266,15.367541767370398],[108.83459504343001,15.366981006587714],[108.83547242313547,15.366159893105618],[108.83646424464462,15.364534831785779],[108.83747132514901,15.363014675083859],[108.83753998889696,15.362631297604363],[108.8378070183259,15.362458682396767],[108.8382495230065,15.361931300109347],[108.83856232819727,15.361672854475481],[108.83865388126206,15.361626124224596],[108.83879120959872,15.361622310977264],[108.83911927390476,15.361178851092976],[108.83928712109754,15.361046290739163],[108.83945496656978,15.360683894169247],[108.83972199614622,15.36033008166201],[108.83979066126389,15.360088801786688],[108.83995850649814,15.359755015788958],[108.84001191274629,15.359497523232568],[108.84017975974027,15.359186626624783],[108.84027131157448,15.359124636930169],[108.84027131165786,15.359046435289335],[108.84034760604898,15.358926272362126],[108.84041627118965,15.358894801443013],[108.84059937610006,15.358673549178947],[108.84085114549885,15.358669734617516],[108.84108765793559,15.358724093075558],[108.841194468462,15.358642077309426],[108.84152253302713,15.358132814994514],[108.84191163207477,15.35730025827105],[108.8422702141005,15.356899715623632],[108.84256775935766,15.356370425068263],[108.84290345350236,15.355942226306295],[108.8429873767602,15.3558487649312],[108.84315522380527,15.355771518434382],[108.84334595763269,15.355491137682506],[108.84346802901335,15.355491137637985],[108.8435214351009,15.355452037212762],[108.84393342166202,15.354942774718026],[108.84424622703588,15.354682421971614],[108.84431489175026,15.354495502413254],[108.84474213800905,15.354149318216223],[108.84525330705745,15.353545642033373],[108.84548218845458,15.35337111965409],[108.84566529366886,15.3530974153111],[108.8457949933988,15.35304591661821],[108.84585602856208,15.352920032273333],[108.84600861631307,15.352803682549952],[108.84629853328461,15.352455591860256],[108.84690125615421,15.352107501193801],[108.84747346037177,15.351582026677555],[108.84766419591371,15.351376032932231],[108.84775574898853,15.351165270842476],[108.84789307805542,15.350978350314188],[108.84812958871777,15.35074756137518],[108.84821351137951,15.350613092605514],[108.84841950585073,15.3505005594301],[108.84908326267411,15.349791980004648],[108.84923585030701,15.349717592599587],[108.84953339630556,15.349430536277259],[108.85012086024626,15.349118685580212],[108.85044129476402,15.349064325251595],[108.85064728861416,15.348840212827817],[108.85083039472616,15.348795389630148],[108.85111268121287,15.348476862742363],[108.85130341680768,15.348364328623065],[108.85179169793696,15.34833762660229],[108.851822215336,15.348449205416001],[108.8521273916541,15.348458742040515],[108.85239441997939,15.348553156614978],[108.85250886033158,15.348553156526249],[108.85276063070806,15.34834620970004],[108.8528827013156,15.348296618332022],[108.85305054752918,15.348310923798115],[108.85326417029239,15.348447298180051],[108.85340912935897,15.34860942337442],[108.85356171736144,15.348654245627586],[108.85418732737682,15.348523592237292],[108.85444672754927,15.348357653575102],[108.8547824209325,15.347908471978803],[108.85482056744814,15.347612833522705],[108.85476716169048,15.347508883236914],[108.85475190293366,15.34729812109775],[108.85479004987508,15.347208475488126],[108.8551257435104,15.346903298810986],[108.85546906559567,15.346674417182205],[108.85593445827055,15.34649512763812],[108.8565600692863,15.34629771596629],[108.85678132173479,15.346271013224596],[108.85689576226542,15.346297715855401],[108.85765107298185,15.34684035714734],[108.85808594913317,15.34696624197418],[108.85892518205935,15.34708735809177],[108.85948975684978,15.347284769186734],[108.85975678593273,15.347446894086133],[108.86045106068511,15.347760653310836],[108.86092408268375,15.348246073078766],[108.8611453356485,15.348536943193045],[108.86125977656246,15.348827814054394],[108.86164124677707,15.349523043420149],[108.86209900949957,15.349854921334872],[108.86270936229396,15.350537751809911],[108.86273987866385,15.350605462741743],[108.86268647442311,15.350776171058342],[108.86298401978374,15.350963091468433],[108.86317475493944,15.351253962473926],[108.86325104868698,15.351294969901398],[108.86345704184018,15.35123298085249],[108.86351044820208,15.351248239784336],[108.86373170143763,15.351643061274897],[108.8639148058931,15.35186049832084],[108.86402924679248,15.351881479060316],[108.8642276112536,15.35174128921021],[108.86428101713611,15.351762269958211],[108.86428864559282,15.35185573052205],[108.86448701124787,15.351834748890559],[108.86457856302479,15.351866219701371],[108.86471589307894,15.352027391506402],[108.8647158930375,15.352130387962113],[108.86476166890765,15.352214311904817],[108.8651278802158,15.352478478719354],[108.86518128600119,15.352654908846354],[108.86534150342113,15.352670168474765],[108.8653949091907,15.35297629676701],[108.86554749671178,15.35331389780517],[108.86592896569549,15.353438829327843],[108.86614258885517,15.353469347379448],[108.86650117159203,15.353438828937108],[108.86670716512556,15.35335586046496],[108.8671572990319,15.352816080008594],[108.867698986318,15.352463221339354],[108.86795838506553,15.352078890075466],[108.86808808510705,15.351492380070596],[108.86817200794323,15.351398920405572],[108.8683245962728,15.351326440803236],[108.86864503145603,15.351305460311902],[108.8687518422413,15.35140941022731],[108.8687747305415,15.351507638502886],[108.86896546552858,15.351528620092166],[108.86904938905296,15.351730798884741],[108.86912568307424,15.351772759982412],[108.86923249460766,15.351721262243036],[108.86927064109608,15.351409410159512],[108.86946137630962,15.35127971100547],[108.86953004157257,15.351279710923555],[108.87004120982054,15.351622079857673],[108.87056763825535,15.35181949022377],[108.87081940841091,15.351762269422457],[108.87091859045951,15.35168406865291],[108.87107880788777,15.351409409753323],[108.87110169574098,15.351274942221572],[108.87102540168136,15.350714182121422],[108.87068970854229,15.3505587324084],[108.87054475006575,15.350314592199785],[108.87047608516824,15.349795793455906],[108.87056000873406,15.349359010538462],[108.8704989737597,15.34902713183112],[108.87031586829329,15.348762963606855],[108.87005646886679,15.34824321192439],[108.8699878042631,15.348186945185464],[108.86959870510367,15.348155473653422],[108.8692019773177,15.347734902593942],[108.86899598333845,15.347444032716929],[108.86880524753958,15.347403024846328],[108.8685458487462,15.34723708446078],[108.86776002089917,15.34615180400707],[108.86763795091072,15.34608981489734],[108.86715729916172,15.34614226648072],[108.8669284168213,15.346320603486841],[108.86671479361496,15.346356843624495],[108.86652405916102,15.346596216055072],[108.86644013618958,15.346626733614126],[108.86631043547656,15.346653436608895],[108.8659518542473,15.346642945370272],[108.86589081871224,15.346611475059525],[108.86577637813956,15.346518014953928],[108.86556275495798,15.346232865718786],[108.86541779717336,15.345952485565212],[108.86538727868324,15.34576079784928],[108.8652880967329,15.34565684717755],[108.86511262045211,15.345262025782182],[108.8646090811563,15.344727968140752],[108.86420472297343,15.344192956446049],[108.86404450599369,15.343912576775256],[108.86396058239735,15.343529199651735],[108.86396058297088,15.34333655699919],[108.86408265288193,15.342392419761133],[108.8637774766588,15.340752099657207],[108.86377747641086,15.340399240005626],[108.86394532369913,15.339465592518104],[108.864464122674,15.337783311725241],[108.86512787927904,15.336371873441253],[108.8655322372398,15.335298036738818],[108.86576111970247,15.334841226448376],[108.86663849929089,15.333377335762737],[108.86786683224854,15.331997368859838],[108.86833985401793,15.331540559392097],[108.86860688297963,15.33132216709176],[108.86877472927705,15.33124682698086],[108.86904175830304,15.331195328581426],[108.87006409708732,15.330421898527758],[108.87076600105597,15.330359910285534],[108.87152894125049,15.330364678202683],[108.87237580391766,15.33045813820196],[108.87255890891386,15.330432389271008],[108.8754580793456,15.32952449036047],[108.87633545973222,15.329108688763627],[108.87770875056093,15.328315231644526],[108.87802918490947,15.32819030055113],[108.87854798425568,15.328060600691819],[108.87887604839072,15.328050110100556],[108.8799212758273,15.328179809374701],[108.88062317927748,15.328320000150375],[108.8809893903844,15.328651878690144],[108.88123353149015,15.32874057029829],[108.88150056018097,15.328740570027588],[108.88217194602484,15.328621361687611],[108.88263733920672,15.328289482108955],[108.88270600431234,15.328205559142246],[108.88274415189099,15.328071091598515],[108.88273652137873,15.32760951265718],[108.88236268154104,15.32705352031322],[108.88232453463691,15.326919052484746],[108.88231690516447,15.326778862116422],[108.88245423433472,15.32608840262712],[108.88261445128157,15.32586524212901],[108.88287385179339,15.325714561628114],[108.88304169757191,15.32536742389437],[108.88392670713837,15.325055572495646],[108.88403351927742,15.324998352189205],[108.88406403669892,15.324931595412277],[108.88393433618468,15.32493159549819],[108.88302643848705,15.325221512275174],[108.88307221535436,15.324993583876955],[108.8830493274534,15.324863884592013],[108.88294251517334,15.324734183849456],[108.8828585920469,15.32468173250122],[108.88277466870693,15.324692223468391],[108.88257630467362,15.324900123832517],[108.8824847514751,15.324842903294064],[108.88248475176198,15.324749442948043],[108.8825457869011,15.32463023408014],[108.8824771224865,15.324629279849374],[108.8823092750819,15.32474276681823],[108.88221009337653,15.324696037408518],[108.88224824018765,15.324615928986216],[108.88222535189414,15.324553940649153],[108.88205750548683,15.324555847081232],[108.88182099425089,15.324763747937151],[108.88144715465361,15.32496402032531],[108.88134797234208,15.325131866150826],[108.8812716779655,15.325137588202205],[108.88096650222792,15.324924919017942],[108.88046296254954,15.324777100029412],[108.88014252704772,15.324530097846901],[108.87998993903908,15.32431742944399],[108.87992127499898,15.324091408692725],[108.87992890418033,15.323855849968936],[108.88067658517939,15.322924109988643],[108.8809130960068,15.322355719828497],[108.88109620181976,15.322290871056985],[108.88130219541247,15.322143050823819],[108.88104279629839,15.321933242807912],[108.88083680225381,15.321598502714567],[108.88065369674028,15.320811722247525],[108.88085206100585,15.319742653017764],[108.88086732049527,15.319291564898915],[108.88072999062749,15.318611594660343],[108.88037903883317,15.318009826824365],[108.87974579894474,15.317126723575965],[108.87933381075001,15.316577407594018],[108.87900574779817,15.316250296762114],[108.87851746592852,15.31591746537735],[108.8778689678007,15.31556460591218],[108.87774689664163,15.315455887059093],[108.87763245667185,15.315185997340057],[108.87740357513059,15.315035315749935],[108.87706788053971,15.315113517888644],[108.87645752977,15.315015288558616],[108.87627442399234,15.314895126379229],[108.87608368913452,15.314573738011479],[108.87590058345312,15.313436958365646],[108.87571747766769,15.312699767675502],[108.87532074925454,15.311714622091781],[108.87493927942467,15.311096640723532],[108.8744967741979,15.310650321720123],[108.87436707544022,15.310448142937853],[108.87435181626613,15.310240241528879],[108.87402375207371,15.309752914196155],[108.87372620662462,15.309632750931998],[108.87283356653379,15.308973762004506],[108.87240632082332,15.308314773131984],[108.87207825659736,15.307692023455877],[108.87176545178163,15.306943389430453],[108.87175782218591,15.306747887139625],[108.87141449917411,15.306418868432958],[108.87133820573155,15.306246254005384],[108.87132294618709,15.305734131080248],[108.87152130994572,15.305295440449136],[108.87152131033699,15.304983588640393],[108.87128479896124,15.30474612370158],[108.8710940639007,15.304162474901185],[108.87091858844359,15.304021331581975],[108.87067444811558,15.303919288542016],[108.87034638411917,15.303636046670533],[108.87024720220434,15.303387138072273],[108.87017853751698,15.30297324399487],[108.87010224327359,15.302768203958676],[108.87000306128314,15.302614662086565],[108.86974366254745,15.30237433600635],[108.8695224089894,15.302017661789218],[108.86946137398374,15.30138632942618],[108.86951478026484,15.300969573340101],[108.86980469742676,15.29974410161576],[108.87009461381118,15.299092742868448],[108.8701403898026,15.298668357543775],[108.87036164303609,15.298034163027836],[108.87074311219499,15.297218772012315],[108.87119324664899,15.296595069458546],[108.87132294633265,15.296340438041556],[108.87140686970103,15.296051474686363],[108.87160523364427,15.295740576950589],[108.8721926968071,15.295049163659117],[108.87228424974712,15.294800254268376],[108.87239106107113,15.293990584204975],[108.87246735452314,15.293690176858869],[108.87264283034382,15.293271513996158],[108.87290985970023,15.293016883103489],[108.87316926024769,15.292495223272237],[108.87347443442253,15.292065115942563],[108.87381012894188,15.291561576100754],[108.87395508700956,15.291266889978631],[108.87443573851282,15.290615530998002],[108.87527497300213,15.289850683790974],[108.87553437210165,15.289386244589066],[108.87570984762247,15.288899871048011],[108.87594635883684,15.288537473878737],[108.87639649371658,15.287472219666219],[108.87731202025027,15.286277266055173],[108.87768586044581,15.28585860279033],[108.87783844820518,15.285643072794615],[108.8781588832689,15.285003156610768],[108.87863190558977,15.284386129662346],[108.87905915134627,15.283667059179429],[108.87977631486334,15.282647581694043],[108.88056977112468,15.281679601055965],[108.88081391240732,15.281186552567108],[108.88177521670718,15.2795729351913],[108.88216431553303,15.279181928447885],[108.88262970880479,15.2784914677334],[108.88330109552304,15.277601689693078],[108.88341553595073,15.277296514396507],[108.88357575323116,15.27703616054317],[108.88386567078689,15.27679202090792],[108.88410218163206,15.276514501239053],[108.88462860959963,15.275772542574458],[108.88467438635398,15.275614232934768],[108.88478119705847,15.275455923182191],[108.88516266737797,15.27501437205133],[108.88759644442847,15.271539181519579],[108.8890536578507,15.269798726505007],[108.8897708209576,15.268506496929465],[108.89077027251902,15.267524213353942],[108.89141114111948,15.266595334030368],[108.89173920478875,15.26621767923003],[108.89189179306531,15.265777080943298],[108.89216645105029,15.265453786558057],[108.89263184433605,15.26478621391611],[108.89430268225014,15.262937039049921],[108.89463074617946,15.262435406065439],[108.89509613854348,15.26200243819037],[108.8957370081811,15.261026828400759],[108.89617188307297,15.260652034922828],[108.89727814482518,15.259164303957514],[108.89787323750109,15.258587330940333],[108.89834626097846,15.258139103328073],[108.89919312326992,15.257478206639204],[108.89928467574721,15.257242649598997],[108.89979584622317,15.25668951849199],[108.90031464406644,15.25593516113233],[108.90052063799553,15.255782573823957],[108.90058930319542,15.255670994086168],[108.90077240799853,15.255599468588978],[108.9013217249735,15.255085438677076],[108.90147431201768,15.255058735086394],[108.90188630019586,15.254785984576642],[108.90255005663296,15.254044979623949],[108.90294678606703,15.253776996261488],[108.90301545026601,15.253653019164327],[108.9032214440765,15.253489940418289],[108.90329010803747,15.25336596328252],[108.90348084278554,15.253223865393089],[108.90363343063133,15.253187625940733],[108.90384705340615,15.253010241686527],[108.90391571910949,15.252998798238512],[108.90423615296017,15.252774685076531],[108.90461762267509,15.252404658981199],[108.90475495152154,15.252217739322893],[108.90525849181455,15.251894442573924],[108.90614350200806,15.251213520313412],[108.90821869668675,15.249778240092395],[108.90924866443635,15.24898192217141],[108.91095001976521,15.247964350792948],[108.91130097275547,15.247818438691503],[108.91156800077792,15.247554270607836],[108.91270478044143,15.246923892082144],[108.91342194409027,15.246625392823635],[108.91366608472336,15.246485202089445],[108.91418488387313,15.246290652631581],[108.91496308151201,15.245822398622641],[108.91526062806543,15.245712725297798],[108.91546662211488,15.24556204495501],[108.91600067989144,15.245416133573205],[108.91671784275715,15.245110957652507],[108.91700012939431,15.245068041182167],[108.91708405334695,15.245005099011777],[108.91729767662919,15.245015589053818],[108.91751892914723,15.244850604172923],[108.91783936332737,15.244860140628004],[108.91808350341424,15.244716135905247],[108.91841919751506,15.244699923061205],[108.91869385558157,15.244619815512563],[108.9188693321226,15.2446388884456],[108.91916687774128,15.24460360215779],[108.91935761313721,15.244484392841377],[108.91954834735009,15.244506327543917],[108.91968567637468,15.244429080102464],[108.91985352414507,15.244420496889715],[108.9200671471933,15.244327036965759],[108.92064698041476,15.244219270760517],[108.92201264207841,15.244367091189254],[108.92245514693639,15.244487253711906],[108.92280609978295,15.244718997279833],[108.92304261077926,15.245027986972355],[108.92321045679007,15.245145288599632],[108.92353852110166,15.245293109296698],[108.92435486691194,15.245809045812715],[108.92477448274838,15.245919673040586],[108.9248965541382,15.246094194644352],[108.92498810584847,15.246354548102335],[108.92498810634231,15.247017351645196],[108.92550690516212,15.247310130159116],[108.92568238142776,15.247460809733914],[108.92579682222458,15.247773615960993],[108.92602570432776,15.247948137857927],[108.9261554037715,15.248147455635507],[108.92617829189352,15.248244730858953],[108.92601044465123,15.248671977093272],[108.92599518609777,15.248842683834672],[108.9260714798718,15.248896089997418],[108.92630036190504,15.248883692098406],[108.92651398503372,15.248952356936556],[108.92662842591577,15.24894472802272],[108.92663605613495,15.248708215835597],[108.92667420287947,15.248655764077624],[108.92678101434124,15.24863955182724],[108.92693360173213,15.24868056007142],[108.92707093145444,15.248809306091033],[108.92739136616711,15.24843355772344],[108.92749817724746,15.248439279945366],[108.92752869496127,15.248252359712097],[108.92760498936123,15.248218028001608],[108.92764313579062,15.248112170310721],[108.92767365329087,15.247827020625001],[108.92803223476109,15.247579065790168],[108.92818482291418,15.247550456253705],[108.92825348667684,15.247310130059155],[108.92841370523267,15.247275797869882],[108.92848236899417,15.24720427213571],[108.92868073292962,15.247145143470147],[108.92923004995399,15.24714132931851],[108.92934449076108,15.24708410885364],[108.92948182043197,15.246633020887383],[108.92964203722691,15.246530978288868],[108.9333422927378,15.245831934341357],[108.93368561638302,15.24585196132371],[108.9340594564711,15.24619814531411],[108.93460114319907,15.246221986572763],[108.93493683757033,15.246315446278638],[108.93511231298821,15.246547189207218],[108.93528016054633,15.246949640557897],[108.93569977614783,15.247226205611522],[108.9357302942012,15.247299638909064],[108.93574555349237,15.247393098916103],[108.93569977665001,15.247454134951322],[108.93537171178401,15.247457948727071],[108.93535645469034,15.247604814667604],[108.93538697078151,15.247694460960185],[108.93544800605358,15.247726885021578],[108.93589814098576,15.247730699893381],[108.93603547058248,15.247771707364654],[108.93611176429114,15.247937646848873],[108.93610413449684,15.2480930956822],[108.9361346523894,15.248104540394117],[108.93622620553164,15.248109309121325],[108.93630249834453,15.248011079908155],[108.9363253868544,15.247641054987502],[108.9363559041979,15.247621027963834],[108.93642456968426,15.247641054974718],[108.93638642251682,15.24775930999432],[108.93643219860132,15.247816530872733],[108.93644745726247,15.248011079922273],[108.9365161213439,15.248019662557247],[108.93656189859645,15.247905222747756],[108.93665345139188,15.247816530245707],[108.93697388535446,15.247702089372673],[108.9370425502022,15.247730699215255],[108.93708832652358,15.24758478766728],[108.93736298380867,15.247556177570537],[108.9374392780904,15.247462717524636],[108.9376071248103,15.247403589235212],[108.93763001308326,15.247326341477892],[108.93758423771268,15.247252908894044],[108.93699677332751,15.247204271435708],[108.93689759155895,15.247123209907729],[108.93661530434474,15.246683565434715],[108.93659241567318,15.24648901563671],[108.93664582115474,15.24632212258001],[108.93724091390953,15.24606558495725],[108.93730194907826,15.245947328540376],[108.93730957898309,15.245833841782174],[108.93727143259804,15.245789018386384],[108.93685944374134,15.245594469135948],[108.9367907806058,15.245517221303496],[108.93676789262213,15.245321718337447],[108.93682892701023,15.244935480846708],[108.93707306674733,15.244898286517635],[108.93707306753312,15.244658914852822],[108.93728669021381,15.244500604456682],[108.93735535535863,15.244427171220615],[108.93735535496313,15.244357553837805],[108.93744690858969,15.244195428547712],[108.93772156605169,15.243971315554383],[108.93808777701082,15.243744341659681],[108.93843109983364,15.24360987202923],[108.9386218337626,15.243581262426494],[108.93915589259143,15.243613687748802],[108.93944580914842,15.243516412426832],[108.93952210334878,15.243385759618974],[108.93958313842705,15.242914644458237],[108.93978150170012,15.242605653024427],[108.93990357308638,15.24254080430825],[108.94032318891827,15.242589441722627],[108.94041474227144,15.24255701671286],[108.94043763013997,15.241987672651849],[108.94036133629683,15.24171110707891],[108.94018586041805,15.241458383526316],[108.9400103838406,15.241296259308559],[108.93988068363531,15.24106070097747],[108.93983490762776,15.240214792277602],[108.93977387309297,15.239897217969588],[108.93979676136973,15.23953959033378],[108.93984253808566,15.239426102707379],[108.94010956597872,15.239117113341159],[108.94015534278965,15.238986458769805],[108.94021637842386,15.238929239095041],[108.94035370703712,15.2388891850716],[108.94057495934936,15.239002672165384],[108.94065125344508,15.238986458837243],[108.94069703007133,15.23892923951607],[108.9406665120347,15.23838469114598],[108.94070465884889,15.238027063237737],[108.94084198834904,15.237921205374992],[108.94100220538297,15.237872568294515],[108.9411624227573,15.23791357560853],[108.94126923351114,15.238018480008694],[108.94132263982442,15.238010851154042],[108.94134552835747,15.237953629794024],[108.9412081989133,15.237538782427738],[108.94090302318696,15.237157312443296],[108.94088776489912,15.237001862910805],[108.94094116951257,15.236945595679249],[108.94136841572983,15.236814942957864],[108.94144470997331,15.236733880860244],[108.94159729784224,15.236383881964752],[108.94158203927621,15.236074891700568],[108.9414065628177,15.235229935843622],[108.94151337507078,15.235124077949541],[108.9415972975325,15.235131707913993],[108.94167359203199,15.235172716001797],[108.94177277397011,15.235424485685169],[108.94184143918125,15.235505547631307],[108.94239075459471,15.23552271406829],[108.94255097298958,15.235684838442133],[108.94273407800532,15.235725846769595],[108.94321473020707,15.235546556149826],[108.94368775192349,15.235555138402844],[108.94383271051555,15.235408273039504],[108.94383271061012,15.235140290553632],[108.943802193282,15.23502584988683],[108.94372589918048,15.234960999953149],[108.94339783503256,15.234928574728604],[108.94322235897408,15.23458716010021],[108.94288666550206,15.234611001682262],[108.94248993664276,15.234322992151162],[108.94210083760409,15.23412748902052],[108.94202454406619,15.234046425509646],[108.94181855073322,15.233029809907578],[108.94080384049136,15.231679406752123],[108.9403689659113,15.230858292870353],[108.9403079302349,15.230313744480187],[108.94033081842761,15.229890314125079],[108.94037659447163,15.229752030882581],[108.94094116994005,15.229036774402887],[108.94108612871707,15.22860571334999],[108.94107086924805,15.228329148387537],[108.94091065235277,15.227752175857571],[108.94096405812533,15.227304902282281],[108.9409564287419,15.22704454992627],[108.94090302221711,15.22697111664012],[108.94009430743237,15.226808991812213],[108.93933136757994,15.22650763033696],[108.93740876016729,15.225523438742313],[108.936920478276,15.225182023186798],[108.93679077893339,15.225052323672454],[108.93653137894002,15.224588837637324],[108.936302496911,15.223946061251326],[108.93622620413595,15.223417725763438],[108.93624909217495,15.223173585136198],[108.93633301480209,15.222897019757315],[108.93645508558747,15.22279116129791],[108.93692810861904,15.222620453330071],[108.93736298300442,15.222311463685648],[108.9375079417771,15.22210833004099],[108.93750794266866,15.221993889219306],[108.93747742375423,15.221847977634878],[108.93714173105927,15.221343484773062],[108.93676789149721,15.22107550175584],[108.93656952659616,15.22087999839846],[108.93650086232827,15.220725503317926],[108.93630249702187,15.220506157723246],[108.9362643497652,15.22004267203798],[108.93611939193681,15.219920601247429],[108.93604309827533,15.21979853171212],[108.93598969237202,15.21967646140036],[108.93598969202618,15.21949812459139],[108.93591339771562,15.219343628212268],[108.9357150342076,15.219090905380853],[108.93535645316834,15.218774285671605],[108.93521149394405,15.218571152054167],[108.93521149365488,15.218294587000816],[108.93530304745768,15.2177252432062],[108.93534119396442,15.216920342713152],[108.93524964137232,15.216627564450791],[108.93492157683616,15.216196503347597],[108.93415863794938,15.215440239554619],[108.93378479704765,15.215171302984231],[108.93299896996363,15.214463677656052],[108.93216736581809,15.213667359652366],[108.93193848373507,15.213398423173656],[108.93182404258958,15.213301148020063],[108.93155701381868,15.21325251140471],[108.93132050239696,15.213130440385303],[108.93103058604379,15.212789024981994],[108.93070252172213,15.212512459679056],[108.93052704577791,15.21204897422327],[108.9298327702153,15.211512054982144],[108.92943604127068,15.21138998554727],[108.92774994567725,15.210340943691309],[108.92752106354219,15.210340943460082],[108.92681153091483,15.210446801560092],[108.9262469546307,15.21073099631667],[108.92571289797264,15.211162057197743],[108.9255984561834,15.21120306499659],[108.92507965779328,15.21118685231402],[108.92498047529598,15.211226906691335],[108.92496521687394,15.211454835819001],[108.92501099339518,15.21165796716197],[108.92493469942316,15.211959328839695],[108.92486603422398,15.212056603046676],[108.9247897404769,15.212137665462052],[108.92457611788858,15.212252106545538],[108.92432434709205,15.212293114883169],[108.92414887165063,15.212414231285587],[108.92379028953945,15.21292730840578],[108.9229434276666,15.21388670471103],[108.92253906957399,15.214219536792243],[108.92198975288707,15.214341607803915],[108.92168457713747,15.21435019067661],[108.92167694760248,15.21464106062567],[108.92143280787747,15.214641061042036],[108.92124970146364,15.214702096726281],[108.92057831489679,15.214636293183936],[108.91871674290077,15.214039292406621],[108.91793854415238,15.213953462109007],[108.9169696110457,15.213514771824146],[108.91605408354243,15.212969270038371],[108.91577179666227,15.212717499422213],[108.91539032640335,15.212255921847136],[108.91528351545108,15.212255921381],[108.91518433259075,15.212304558647883],[108.9148715269005,15.212174859992235],[108.91429169296535,15.211939302250265],[108.91497070935486,15.211206880164664],[108.91533692013952,15.210897889858911],[108.91616089507089,15.210377184118888],[108.91632111183496,15.21011301529065],[108.9168017640977,15.20974298956701],[108.91779358569157,15.208681550905816],[108.91785462053831,15.208551850458818],[108.9178546204094,15.208291497998138],[108.91756470352951,15.207673516837946],[108.91754944564043,15.207251038951947],[108.91767914449353,15.2065510413257],[108.91780884400299,15.20623442135],[108.91796143228673,15.20598169868426],[108.91822083091343,15.205713715682021],[108.91834290227214,15.205648864965344],[108.91849549019295,15.205632653112895],[108.91990692862564,15.205851998313774],[108.92074616075601,15.206071343004442],[108.92084534297555,15.206071343455712],[108.92105896660114,15.205981698427758],[108.92144043588094,15.205559220452907],[108.92198975241966,15.205388512607565],[108.92221100516032,15.205266441950325],[108.92231018681788,15.204998459408383],[108.92262299224907,15.20442053362805],[108.92264588045978,15.204201187961985],[108.92250092220723,15.203949417916593],[108.92251618155797,15.203607048790701],[108.92144043637722,15.203261818388476],[108.9213107359937,15.203180755923853],[108.92108185379038,15.202895608593117],[108.92030365580378,15.20253798009576],[108.92019684542723,15.202408280313417],[108.91958649303896,15.20233484691889],[108.91930420463113,15.202180352480806],[108.9189837709259,15.201887574264546],[108.9185641540956,15.20138307988373],[108.9185183781944,15.20126959290312],[108.91851074769338,15.200944390579107],[108.91783936171166,15.200813737023516],[108.91751129772152,15.200626816658042],[108.91696961044998,15.20057817959176],[108.91687805745423,15.200610604214557],[108.9167712454763,15.20072504548218],[108.9163440000407,15.20129343502892],[108.91623718919287,15.20170828370136],[108.91613037712267,15.202668633790946],[108.91620667130348,15.202887978237502],[108.91642792423879,15.203058686120443],[108.91649658760667,15.203220810352233],[108.91637451814132,15.20378252510486],[108.91600830740485,15.204449143417614],[108.91550476743663,15.205156769515023],[108.91378052379753,15.205831971356064],[108.91323883669959,15.206002678480695],[108.91220123875026,15.206229653419637],[108.91156036982915,15.206250634814134],[108.91052277182601,15.206209626478351],[108.90996582711814,15.206128564134856],[108.90900452299076,15.205909218773874],[108.90751679097227,15.20551821309118],[108.90571625385932,15.204770532152372],[108.90467102644163,15.204225984074446],[108.90320618274723,15.203225580140241],[108.90113098730724,15.201452698501088],[108.89989502599333,15.200200525028684],[108.89897186811592,15.199020829698842],[108.89855988134005,15.198427643732531],[108.89786560600453,15.197240319799244],[108.89749176559484,15.196492638951536],[108.89663727345244,15.194636788605617],[108.89631683917726,15.193784203904782],[108.89608795757664,15.192688432110774],[108.8957522644053,15.191659417418201],[108.89552338193046,15.190253701683794],[108.89524109420346,15.18938967210068],[108.89493591776834,15.188175644282932],[108.89491303005406,15.187989678494183],[108.89495880566294,15.187324967565685],[108.89476044223305,15.185894455076745],[108.89479095984103,15.184900727684418],[108.89463837145388,15.18311067984065],[108.89469940659056,15.180901969848962],[108.89466888851555,15.179975953087245],[108.8945773361548,15.179408515708221],[108.89460022437275,15.178592171052854],[108.89465363073235,15.178281272719456],[108.89461548362685,15.177556480685762],[108.89470703568219,15.17708345844336],[108.89473755361331,15.176125968781559],[108.89498169392353,15.172895874807796],[108.89504272966948,15.171605552605335],[108.89544708749361,15.168448890405124],[108.89627106078859,15.16423174194966],[108.89632446686286,15.163721527433541],[108.89652283126298,15.162716354679976],[108.89672119573056,15.162206138511237],[108.89673645389678,15.161358322578339],[108.89708740726186,15.160391296332428],[108.89726288309994,15.159202064247864],[108.89725525270681,15.158759559510845],[108.89757568803769,15.157634223092343],[108.89763672259114,15.156951393],[108.89774353394355,15.156351532135023],[108.89811737423221,15.154851401988406],[108.89844543890197,15.153974975046221],[108.89837677373708,15.153673613886612],[108.89845306730247,15.153097594350195],[108.89829285046069,15.152543509753743],[108.89830047982352,15.15206190386777],[108.89845306744347,15.151602232767715],[108.89871246727677,15.151105368953765],[108.89881164907517,15.150769676105787],[108.89891083110403,15.149586165626024],[108.8987735021376,15.14847990367921],[108.8984988443927,15.148148024915006],[108.89833862613708,15.14765402127107],[108.89806396829819,15.147243941803335],[108.8978656046765,15.146696532649347],[108.89785034514405,15.145751440144737],[108.89770538745648,15.144882643215443],[108.89757568755792,15.144521201606642],[108.89725525174752,15.144116843616926],[108.89714844122052,15.144085371707266],[108.89702637013804,15.143818343040275],[108.89714081137036,15.143491232592678],[108.8974765051887,15.14328333131884],[108.89780456904614,15.142821753220536],[108.89785034509896,15.142593825357121],[108.89812500321413,15.142498457360373],[108.89840729125956,15.142318213190975],[108.89902527240523,15.14164491943169],[108.89925415441124,15.141449415968564],[108.89938385340773,15.141386472849607],[108.89957458808198,15.141417943774083],[108.89994079948836,15.141378844453323],[108.90077240320959,15.141088927584512],[108.90118439037253,15.141018355035092],[108.90129120203476,15.140955412036517],[108.90123779637156,15.140877211013484],[108.90081817890471,15.14086195202836],[108.90061981472412,15.140861952310933],[108.90037567540153,15.140923941551282],[108.89976532325517,15.14094778351639],[108.89934570576308,15.140744650196142],[108.89833099715305,15.138743842100155],[108.89776642191894,15.136503660728799],[108.89754516845142,15.135900938439002],[108.89733917563761,15.134621107887426],[108.89705688718095,15.131724798789334],[108.89689667082786,15.128486120706432],[108.89699585249636,15.127623998252611],[108.89712555225343,15.127193891528247],[108.8976519806765,15.124595128871654],[108.89777404998163,15.123775922316659],[108.89788086258945,15.123439275546561],[108.8979495266747,15.12298532668716],[108.89820892623023,15.122065029973447],[108.89817840831736,15.121939145573688],[108.8982241844449,15.121399366164193],[108.89836151304281,15.121048413912435],[108.89845306625483,15.120672666479306],[108.89868957681281,15.120130979285042],[108.89874298361244,15.11970373356857],[108.89893371814205,15.118877850955743],[108.89922363509744,15.117276631958948],[108.89950592285187,15.116044485212528],[108.89968139873798,15.115607701942709],[108.89971954567689,15.11540647605831],[108.89975006292687,15.114589177543042],[108.89998657413321,15.113961659619417],[108.90022308583944,15.113155804658359],[108.90045196747913,15.11203523742807],[108.90046722614544,15.11191221373815],[108.90041382075151,15.111744366379307],[108.90045196791758,15.111430608154933],[108.90056640783973,15.111319027597633],[108.90065796076212,15.111083471179112],[108.90113861313993,15.109078846301268],[108.90120727742469,15.107937298723671],[108.90132934750535,15.107220135209124],[108.9016345236226,15.106268368575796],[108.90164215231614,15.105753384439483],[108.90171081742979,15.105316601275145],[108.90206939898279,15.10463281719126],[108.90207702853586,15.10386034063992],[108.90216858027306,15.103491268940639],[108.90247375621081,15.1028866395859],[108.9024584975706,15.102606259099407],[108.90233642798164,15.102405033183368],[108.90229065110661,15.102236232963513],[108.9022601333716,15.100903950134553],[108.90222198651672,15.100792370232666],[108.90197021648564,15.100523434686417],[108.90192444073281,15.100355587438345],[108.90188629333989,15.099448643564568],[108.90182525845123,15.099353276476654],[108.90204651053617,15.09894987102674],[108.90229065172983,15.099033795563281],[108.90238983372357,15.098944149542053],[108.90264923243785,15.09841772073195],[108.90322143735516,15.097555600367153],[108.90332061955112,15.097219905610709],[108.90362579516562,15.095898114391934],[108.90362579546192,15.095539531893223],[108.90351135460976,15.094923457497865],[108.90341980153985,15.09407278052629],[108.90357238891433,15.093714198443928],[108.90352661299983,15.093524417794345],[108.90326721356193,15.091819248694657],[108.90311462516914,15.091080150434552],[108.90311462531035,15.09033151652787],[108.9029696668442,15.089371167081028],[108.90298492628841,15.08926912311929],[108.9030764782826,15.089133701914403],[108.90301544257224,15.088946781876176],[108.90303833052798,15.088606319595241],[108.90297729616853,15.088470897825438],[108.90304596074645,15.088164768428754],[108.90297729627338,15.08813043579409],[108.90295440767228,15.087765178953871],[108.90300018425559,15.087433299762507],[108.90301544308797,15.086626491677583],[108.90280181950473,15.085045299458148],[108.90281707843322,15.084535083314753],[108.90303833039648,15.083387813163878],[108.90306121910102,15.083311519563646],[108.90319854838225,15.083192310064252],[108.90324432441183,15.083031139518933],[108.90325958351349,15.08269926038171],[108.90332824743929,15.082581004644334],[108.90337402463368,15.082351169038297],[108.90335113593576,15.082147083187866],[108.90345031902058,15.081815203985672],[108.90335876541819,15.081263027364619],[108.90335876523697,15.080914935142948],[108.90351898247559,15.080039462207434],[108.90351898222094,15.079512080824431],[108.90372497670843,15.078755816963612],[108.90368682953749,15.07830568187391],[108.90391571146812,15.07762571316929],[108.90395385860616,15.077293833983303],[108.90424377505416,15.076350650141668],[108.90444213979889,15.075959644061774],[108.90464813371936,15.075679263120204],[108.90464813339929,15.075194797050477],[108.90492279177725,15.074089487730948],[108.90491516173691,15.07357164309544],[108.90498382596097,15.07310338914717],[108.90505249031006,15.072865923443537],[108.90525848405261,15.07242341846352],[108.90533477808022,15.071901759213045],[108.90554840149142,15.0714544857227],[108.90568573068818,15.070800265380838],[108.90583068923146,15.070426424384426],[108.9060290535542,15.069586237373484],[108.90618164102146,15.06953760055315],[108.9061511229722,15.069287737601682],[108.90628845204222,15.069226702329216],[108.90637237648966,15.068429430534351],[108.90649444623422,15.068332155927186],[108.90655548137813,15.068221529254494],[108.90676910426316,15.068072756211379],[108.90676147508262,15.067761858356338],[108.90673858737982,15.067722758322317],[108.9066317751526,15.067729434010161],[108.90656311121164,15.067644556302353],[108.90656311123907,15.067593058957318],[108.90666992242046,15.067553957271791],[108.90666992222383,15.06734033416326],[108.90673095719166,15.06729455871415],[108.90676147496146,15.067158182948747],[108.90673095677825,15.066912134719674],[108.90676147552773,15.066756686761446],[108.90699798643192,15.066717585135878],[108.90702850424827,15.066659411727914],[108.90695221024544,15.06658120992568],[108.90695221021808,15.066529711692203],[108.90712005656397,15.066452463659841],[108.90702087407145,15.0662769876026],[108.90724212723342,15.066205462038852],[108.90726501546679,15.06616636149566],[108.90713531549929,15.06603093991921],[108.9071124268117,15.065862139331335],[108.90721160894145,15.06551881670599],[108.90720398004848,15.065291842283546],[108.90731842091633,15.065083941698196],[108.90734893815225,15.064818819508417],[108.9075701910539,15.064571817982282],[108.9074099726383,15.0644297204558],[108.90740997337579,15.064351519008815],[108.90758544942659,15.06347032420443],[108.90773040772643,15.063308198977484],[108.90767700232068,15.06283422291904],[108.90784484856658,15.062815150035647],[108.90797454931688,15.062893351365519],[108.90805084346175,15.062860926479024],[108.90807373118894,15.062808473890422],[108.90802032465558,15.062673051848932],[108.90801269597752,15.062238177434573],[108.90805847176138,15.061849077166647],[108.90821106021393,15.061415155845346],[108.90840179467457,15.061362704151469],[108.90841705320382,15.061324557518077],[108.90839416516646,15.061278780644159],[108.90830261287228,15.06126542884988],[108.9082720946817,15.061181505621196],[108.90835601782155,15.060954531135197],[108.90840179447558,15.060676058329143],[108.90866119390586,15.060280283272204],[108.9086611936371,15.060177286013442],[108.90853149356418,15.060085734560822],[108.90859252975146,15.05993695993803],[108.90876037594826,15.05983301030215],[108.90874511693158,15.059670885244781],[108.90887481730951,15.059431513091484],[108.90889770516982,15.058724839996886],[108.90895874011639,15.058342417214837],[108.90903503412592,15.05821939300531],[108.90903503388687,15.057862718621278],[108.90921051005273,15.056857545853015],[108.90948516922917,15.05665059902764],[108.90940887458872,15.056131799964849],[108.90943176307114,15.055956323913204],[108.9094851688778,15.055781800970292],[108.90959961003837,15.055658776866522],[108.90963775672846,15.055529077466497],[108.90967590381989,15.05502267664528],[108.90980560252962,15.054355105066614],[108.90995056198875,15.053810556443887],[108.91017944407653,15.053428132716352],[108.91026336678915,15.053033311893122],[108.9103244017024,15.052941759183495],[108.91033203032909,15.052838763122777],[108.910255737386,15.052702386634072],[108.91025573801667,15.052630861337839],[108.91058380074887,15.052488764022206],[108.91046936060356,15.052410562632122],[108.91046936030273,15.05234571247515],[108.9105609122159,15.05234571293242],[108.91064483647575,15.05222936487411],[108.91049224842705,15.052002390095561],[108.91049224875606,15.051475007274657],[108.91087371741575,15.050279100880564],[108.91095764179589,15.049760301775096],[108.911125487834,15.049712617871876],[108.91114074642714,15.049624879557886],[108.91104919464655,15.04920240181114],[108.91120941180992,15.049050767416205],[108.91127044603964,15.048756082807726],[108.91132385232585,15.0486998154728],[108.91149169864167,15.04744001167847],[108.91165954586181,15.046937425489684],[108.91197235068985,15.045469720350464],[108.91219360300069,15.04481549995859],[108.91217071567047,15.044568498737394],[108.91238433833315,15.04397054409193],[108.91239196705514,15.043714959426307],[108.91246826148443,15.043539483061876],[108.91240722604327,15.043301065208125],[108.91252929611167,15.043228585178818],[108.912620849142,15.042614418820937],[108.91303283652054,15.041466195478435],[108.91306335395183,15.041426141026255],[108.91346008265688,15.041306931989118],[108.91360504122378,15.041067559222821],[108.91365844588292,15.040868242421714],[108.91360504123281,15.040668924308802],[108.91336090053728,15.040341812882545],[108.91352111753903,15.040070969677966],[108.91349059971793,15.039871651985074],[108.91352111723734,15.039815385011092],[108.9136660757231,15.039783913596967],[108.91371948172257,15.03957601260718],[108.91382629328444,15.039496857796212],[108.91384155209792,15.039312798630498],[108.91396362224843,15.039233644105735],[108.91397888116273,15.039161165189642],[108.91395599345091,15.039065796982054],[108.91387207027451,15.039034326136544],[108.91358978255137,15.039089639016769],[108.9136508173239,15.038399179322772],[108.91370422342041,15.038322884856914],[108.91400176895279,15.038133103600314],[108.91401702807104,15.03743215334702],[108.91413146935624,15.037214714505746],[108.91436035100111,15.037035424024914],[108.91441375666732,15.036628206165288],[108.91460449069449,15.036519486701257],[108.9145434563152,15.035911041452469],[108.91458923264017,15.035590607880115],[108.91483337303512,15.03524251662421],[108.91481048476217,15.03493829510907],[108.9149020381999,15.034932572322292],[108.91500884895653,15.034791428853847],[108.91500121955191,15.034509141176382],[108.91492492614722,15.034481485163766],[108.91490203806477,15.034367996316028],[108.91513092008906,15.033362824336386],[108.91529876591237,15.033134895942414],[108.91535980109944,15.032879311840034],[108.91538268994825,15.032270867644682],[108.91580230616269,15.031135040127094],[108.91601592836899,15.030423599300809],[108.91607696472366,15.029896218478102],[108.91625244040465,15.02976079634373],[108.91629058809232,15.029662567120347],[108.91646606401082,15.028483825962027],[108.91647369231524,15.02811475452385],[108.91670257435358,15.027468163157062],[108.91675598031998,15.027381378020603],[108.9169619739052,15.027250725001378],[108.91700012058412,15.02690835635774],[108.91692382653963,15.026810126968055],[108.9169543449253,15.026501137228486],[108.91712219124562,15.026153046280664],[108.91724426156779,15.025560814204805],[108.91747314398971,15.02528901700943],[108.91780883635498,15.024343926004015],[108.91782409544157,15.024137931948513],[108.9178317246008,15.023876625290656],[108.91806060657217,15.023616271712275],[108.91807586564741,15.02357812512452],[108.91802245942041,15.02351804403849],[108.9180453471815,15.02342553739484],[108.91822845319878,15.023344475137906],[108.9182589709379,15.023295838197438],[108.91825134180506,15.023121314677049],[108.91832763520945,15.023050743171593],[108.918297117794,15.022899108671542],[108.91837341135937,15.022681670909716],[108.91836578221492,15.022643523983735],[108.91825897099677,15.022665459431739],[108.91820556565719,15.022621589903038],[108.91823608247024,15.02244802107084],[108.9181674185608,15.022306877393698],[108.91816741871199,15.022181946361773],[108.91828948870125,15.0221218644224],[108.91835815337866,15.022214370662153],[108.91844970545941,15.022224860813655],[108.91845733584371,15.022366005275108],[108.91848785261504,15.022377449501843],[108.91873199337718,15.022263007993216],[108.91873962268619,15.022077995083498],[108.91865569920576,15.021817642294371],[108.9185717764721,15.021708924352208],[108.91857177666242,15.02157350188037],[108.91863281138788,15.021356063920727],[108.91877776943336,15.021116691930006],[108.91894561610115,15.021019416819845],[108.91906005790447,15.020856338792091],[108.9191363512067,15.019351441169134],[108.91919738647091,15.018845992748584],[108.91929656819408,15.018677192737611],[108.919487303838,15.01812882977438],[108.9197543323659,15.017748314181636],[108.91989929071694,15.017066436444358],[108.92032653630099,15.016186195559733],[108.92036468376841,15.015843825627742],[108.92027313145834,15.015626388606641],[108.92074615339288,15.01548047658019],[108.92083770595431,15.015420394642826],[108.92084533497126,15.015371757418206],[108.92068511824246,15.015197234433519],[108.92068511869034,15.015078025486082],[108.92085296525241,15.015013175709798],[108.92086059433116,15.014768081967174],[108.92076904121066,15.014648872968976],[108.92047149542135,15.01444478556783],[108.92086059405341,15.013206916686999],[108.92122680553086,15.012557464762631],[108.92147857488335,15.011339622356966],[108.92160827541987,15.011005836835531],[108.92165405111442,15.010531860489218],[108.92186004515938,15.010013061289644],[108.92216522048601,15.008893447437005],[108.9228671253817,15.007337051321475],[108.92298919515932,15.006928877802572],[108.92326385271986,15.006299453485516],[108.92331725895748,15.00588460532583],[108.92340118235099,15.005595641200804],[108.92382842743713,15.004379707091983],[108.92397338682487,15.003601508019974],[108.92470580845176,15.001925901910479],[108.92484313765688,15.001466230846479],[108.92484313750596,15.001303152810518],[108.92496520819077,15.000947432925186],[108.92507964900223,15.000754790128095],[108.9250643896354,15.000465826601282],[108.92520934867005,15.000347570806726],[108.92525512515321,15.000251249807086],[108.92551452462315,14.999184088932253],[108.9258273298192,14.998307661430957],[108.92592651127286,14.997710661256697],[108.92630035138826,14.99678750495614],[108.9266436748901,14.996235327676766],[108.926658933578,14.996139006628892],[108.9266131566757,14.996072249823122],[108.9268344096412,14.9956125788815],[108.92689544421924,14.995168165286113],[108.92717773261539,14.994382338722295],[108.92734557817236,14.993648962111182],[108.9274981669048,14.99338384137561],[108.9274981665219,14.99309869203179],[108.92758971906729,14.992965178469605],[108.92759734859008,14.992731527600608],[108.92806274169148,14.991627173633415],[108.92828399456565,14.990986303435822],[108.92840606454652,14.990459874989845],[108.92860442864117,14.990114645436226],[108.92913848661932,14.98882909189163],[108.92931396266097,14.987958386736649],[108.92972594934828,14.986897901970764],[108.93001586601923,14.985905126764042],[108.93050414832835,14.984708264993532],[108.93067962434931,14.984515623039234],[108.93071014076777,14.984404042890135],[108.93067962415086,14.984099820663461],[108.93074828780962,14.983618216205086],[108.93127471600837,14.982128575432133],[108.93155700429864,14.981098608088478],[108.932243649813,14.979424909387498],[108.93241912564167,14.979120687285027],[108.93251830804101,14.978668645168485],[108.93279296641339,14.978023961617726],[108.93291503585893,14.97778363518306],[108.93299896008904,14.977714971307226],[108.9330218478552,14.977403119069505],[108.93318206473053,14.97729916919967],[108.9331210301417,14.97716279377717],[108.93315154796029,14.977021649506105],[108.9332354708642,14.97701402028525],[108.93331176469069,14.97690339458176],[108.9332507297741,14.97676987965375],[108.93334991186529,14.976254895696709],[108.933647457934,14.97534985818931],[108.93376952823856,14.975094274388331],[108.93399078074286,14.974775746410328],[108.93399841010368,14.974601224709929],[108.93437225123883,14.973256543318152],[108.93450957934422,14.972940876935159],[108.93472320278455,14.972600414797034],[108.93492156679038,14.972081615887081],[108.93531066550138,14.971307232789481],[108.93550902931614,14.970698789230186],[108.93561584134193,14.970224813191226],[108.93619567542788,14.968842937826865],[108.93666869807078,14.967379048004398],[108.93675262201583,14.967167332833213],[108.93686706283991,14.967015697485058],[108.9368823207449,14.966863110924065],[108.93711120297687,14.966296627633682],[108.93728667842292,14.96618886271474],[108.93737823179754,14.96602578500618],[108.9373934902115,14.96594090795651],[108.93724853111071,14.965864613831883],[108.93740874931065,14.96537156414286],[108.93761474228505,14.964947178873881],[108.93774444297831,14.96425958008684],[108.937897030369,14.963962032623213],[108.93815642954037,14.963164761656031],[108.93845397673508,14.962523891366674],[108.93902618080972,14.961092426416839],[108.93982726753269,14.95932812933407],[108.94031554786281,14.957882359422547],[108.94053679998804,14.957567646071269],[108.94110137651396,14.95616193002844],[108.94129211068974,14.955542042119689],[108.9414294403647,14.95529599437358],[108.94149047536352,14.954980327849421],[108.94156676877806,14.954919292143087],[108.94186431554618,14.954140141111543],[108.9419711273258,14.953806354626895],[108.9420626790315,14.953165485417742],[108.94245940823461,14.952473117660782],[108.94307738939752,14.950748874582935],[108.9431307954757,14.950687838541263],[108.94328338178673,14.950636340874066],[108.9432376060734,14.950448466590922],[108.94327575290792,14.950219584649316],[108.94345122949039,14.949796153547508],[108.94362670504471,14.949589207174029],[108.9436190762546,14.949379397665691],[108.94376403389614,14.949151469729465],[108.94380218084501,14.948930217778303],[108.9439166223568,14.948839618296061],[108.9441455042079,14.948024226975361],[108.94417602169949,14.947669459742963],[108.94454986184203,14.946908427882482],[108.94503051395904,14.94556851591971],[108.94533569017469,14.944999171086494],[108.94565612361997,14.944075061577754],[108.94599181745477,14.943430377200535],[108.9460757411545,14.942912532477036],[108.94638091722526,14.942292643618861],[108.94649535762501,14.94189400820821],[108.94655639257168,14.941422893730355],[108.94679290372245,14.94118447388272],[108.94683105063214,14.941100551097891],[108.94812804724882,14.93769307181687],[108.94828826441872,14.937454653901654],[108.9486697348312,14.936595392592944],[108.94883758120528,14.935986949354874],[108.94909698099269,14.935548259356118],[108.94924193995891,14.935153437952199],[108.94932586213895,14.93470044230791],[108.94950896735176,14.934436273763813],[108.94976073721311,14.933783960554765],[108.95027190792469,14.93285317443372],[108.95043212485677,14.932012988082205],[108.9506381182246,14.931662035817247],[108.95083648211795,14.931189012433281],[108.95097381116518,14.930980158908643],[108.95138579858835,14.929596376380704],[108.95158416313029,14.929398966698027],[108.95167571522552,14.92893452652231],[108.9517977861736,14.928640795089814],[108.95223266158962,14.928045702831781],[108.95229369655789,14.927909326062666],[108.9527362007964,14.926696252983735],[108.95288116046756,14.926086855278596],[108.95304137744728,14.925929499508033],[108.95323211236305,14.925517510943196],[108.95345336374191,14.924698305161122],[108.95368224631314,14.924470377032243],[108.95412475159398,14.923520517617069],[108.95428496794993,14.92302937489438],[108.95448333328002,14.922683190690456],[108.95460540273463,14.922205400077614],[108.95473510345063,14.922012758393212],[108.9549639843332,14.921093415846522],[108.95529204811663,14.920685243019243],[108.95550567078539,14.919906091805784],[108.9558261062063,14.919541787633138],[108.9561236522727,14.91851754228813],[108.95629149880617,14.918276261804285],[108.95632964635848,14.918201875858287],[108.95655852800738,14.917566727530556],[108.95674926319643,14.91726822807983],[108.95681029839653,14.9169620990411],[108.95700866154837,14.91643853149841],[108.95726806237467,14.916136216503823],[108.9577029371658,14.914805840722252],[108.95832091811995,14.913371514474754],[108.95897704617114,14.912078332024196],[108.96039611276986,14.908778618998351],[108.9609301705981,14.907738160308224],[108.96167022143506,14.905929040208749],[108.9619448796395,14.905422639460667],[108.9621661323832,14.90460724677113],[108.96228820268053,14.904325912860141],[108.96444732136248,14.899864625114285],[108.96527892540739,14.897962044454198],[108.96550780692375,14.897661636752163],[108.96581298203425,14.896949241889685],[108.9661868236152,14.896293114596741],[108.9665530340251,14.895252655751767],[108.96762877774927,14.893068741469103],[108.96798736001793,14.89203781924543],[108.968307795334,14.891653488388693],[108.96843749419752,14.891278694349868],[108.97085601152443,14.886282393681917],[108.97114592866497,14.885486075615958],[108.97242003813936,14.882814833756864],[108.97285491395475,14.88198990539287],[108.97319060684698,14.881174514446274],[108.97372466521816,14.880396315014966],[108.97413665142842,14.879299589955549],[108.9742282049989,14.878866622698455],[108.97477752055089,14.878109404754133],[108.97516661963978,14.877322623709732],[108.97596007666253,14.87550587317975],[108.97637206415604,14.874812551751944],[108.97664672213631,14.87408966737581],[108.9768832339154,14.873782584257965],[108.9770587090991,14.873389669856813],[108.97722655651548,14.872617193952598],[108.9772875917759,14.872502752903046],[108.97756224912564,14.87224526086296],[108.97806578977946,14.871344039271355],[108.97815734263514,14.87114376707947],[108.97832518976206,14.870536276738191],[108.97880584037698,14.869778104923423],[108.97924834576543,14.86887020794917],[108.97934752761299,14.868419119390255],[108.97970610964414,14.867940374570066],[108.98003417343021,14.867374845616053],[108.98085051853023,14.865745016109148],[108.9810793999705,14.865373083477175],[108.98157531080209,14.863785215830557],[108.98201018605205,14.863055654046514],[108.98245269087299,14.862040945518785],[108.98291808397778,14.861303754842039],[108.98299437851216,14.860953756146518],[108.98306304322915,14.860845991134433],[108.98332244196767,14.860660024209917],[108.98352080612116,14.859887547775463],[108.98385650022013,14.859222836858633],[108.98412352813705,14.858822293677855],[108.98431426331602,14.858650632748635],[108.98486358023868,14.85737080237396],[108.98561889034548,14.85590500379926],[108.98581725394543,14.855604597246089],[108.98591643636139,14.855289883768588],[108.98614531800709,14.854946562089383],[108.98647338195148,14.854245610661922],[108.98664122904295,14.85405964398585],[108.98718291579205,14.85310120201248],[108.98746520326588,14.852193303196925],[108.98773986114355,14.85170025402284],[108.9881899956341,14.851020283317355],[108.9883349534909,14.850591130098456],[108.98880797649839,14.849948353648953],[108.98899108205441,14.849382825828727],[108.98919707556196,14.849025197470654],[108.98948699282238,14.848288960680128],[108.98983031466452,14.847953267365693],[108.98988372028309,14.847845502122604],[108.98992186744637,14.847509808596872],[108.98999816139134,14.847352452733793],[108.9902804501312,14.847037739364724],[108.99102050032613,14.845529027355058],[108.99136382378092,14.845028348213088],[108.99167662873089,14.844191022306903],[108.99185210481029,14.843826717781262],[108.99201995174643,14.843590207370319],[108.9922030567562,14.843418545484274],[108.99247008527415,14.842704242963606],[108.9929888841564,14.842003293226878],[108.99333983672662,14.84118790122864],[108.99385100542071,14.840251393234897],[108.99417906955408,14.839493221376161],[108.99457579876656,14.838835187023134],[108.99515563210346,14.837669796650635],[108.99622374723253,14.836280292842387],[108.99725371564233,14.834118312302737],[108.99826079519269,14.832698291758254],[108.99922972908486,14.831175274339602],[109.00070983112714,14.829014248163931],[109.00032073183904,14.828129238169062],[109.00025969716265,14.827656215110267],[109.00090056606982,14.826544230881172],[109.00136595891301,14.825499958120547],[109.00140410629521,14.825000231468115],[109.00156432343012,14.824733204051558],[109.00161772939627,14.824510997224467],[109.0016711354125,14.824029391969592],[109.00166350494602,14.823530619648373],[109.00171691122434,14.823325580200066],[109.00222808125793,14.821953242381014],[109.00267058500368,14.820990984489065],[109.00291472634049,14.82069725361624],[109.0030520552805,14.820465510829463],[109.00382262426884,14.818870013252777],[109.00434142279849,14.818032687079139],[109.00579863630882,14.815474931898391],[109.0064166172456,14.814237063519926],[109.0066531283554,14.81400532057262],[109.00700408190407,14.813283389524665],[109.00744658525507,14.812614862897941],[109.00774413237272,14.811822360410567],[109.00805693790079,14.81129593124649],[109.00843077749603,14.810788576822613],[109.0085070714667,14.81061023960039],[109.00919371722341,14.80970138785861],[109.00943022824163,14.809264604999075],[109.00989562113864,14.808070604408744],[109.01035338547342,14.807508891161412],[109.01095610728326,14.806466524653134],[109.01111632434224,14.806047862075543],[109.01142150085906,14.805450860387733],[109.01194029913957,14.804809038294664],[109.01220732850919,14.80418533580185],[109.01243620898525,14.803846780347325],[109.0126498330497,14.803615037424551],[109.01316100225334,14.802430574242646],[109.013305960209,14.802323762804813],[109.01361113641049,14.801690523167522],[109.01374846538339,14.801485482949518],[109.013901053258,14.801280443018017],[109.01421385809658,14.801013413997632],[109.01480895132889,14.799962465525],[109.0153277500184,14.798920098838808],[109.01560240800525,14.798545304977752],[109.01580840208038,14.798001710294844],[109.01601439643474,14.797601167140296],[109.01625853636577,14.797262613106568],[109.01642638279466,14.796950760848834],[109.01667815298552,14.796638909663422],[109.01689940522347,14.796433869750071],[109.0176241985122,14.795266571771672],[109.01795989130387,14.794509354554817],[109.01920348225626,14.792610589584463],[109.0196765053057,14.791746560801837],[109.02008849171654,14.790829125780688],[109.02034026169468,14.790445748629937],[109.02049285035974,14.790062371153953],[109.02166014660642,14.788539353544087],[109.02231627520732,14.787514153193236],[109.02250701020019,14.787095490685793],[109.02294951523862,14.786302033359389],[109.02345305449926,14.78536647777925],[109.02421599473493,14.784145775108762],[109.02556639686969,14.782328072089165],[109.02656584730055,14.779548110931596],[109.0272906406256,14.778434219898255],[109.02798491517625,14.777644576329724],[109.02835112600444,14.77680725094389],[109.02857237810218,14.776055755360597],[109.02932768859371,14.775093498400945],[109.02983885707935,14.774537506142897],[109.03020506878326,14.773807945601424],[109.03038817485447,14.773164215580508],[109.03225737500719,14.770682754438518],[109.03324156768629,14.76911872776082],[109.03397398925479,14.767725409594862],[109.0344699004214,14.76712650192184],[109.0352557287041,14.766056479426815],[109.03620940226797,14.76438468835718],[109.03636961935231,14.763825835926518],[109.03670531241414,14.763119162694109],[109.03729277578891,14.762197913429887],[109.03830748475335,14.76093620163095],[109.0386431790026,14.760443152858992],[109.03891783714455,14.759950102539252],[109.03925352999316,14.759091795778216],[109.04029875686156,14.757485808383366],[109.04328948031612,14.75389236330338],[109.04721861817508,14.748305738638456],[109.04890471348126,14.745397031184448],[109.05065947462133,14.742520748808506],[109.05329924549184,14.738785206551007],[109.05478697717763,14.736537396334509],[109.05601530926232,14.73448795035583],[109.05664091938704,14.73452037573942],[109.0572665299831,14.733760296307441],[109.05948668460525,14.730090556968783],[109.06100493297235,14.727049289904073],[109.06613188567128,14.719578204460406],[109.06798582900217,14.716456828301293],[109.06903868567969,14.714966235557261],[109.0693362320933,14.714463649454624],[109.06944304301824,14.714286266532541],[109.06978636563377,14.713945804314038],[109.07006102349224,14.71326583385894],[109.07016020693162,14.713164745021874],[109.07022124222509,14.713023601360334],[109.07041960544332,14.712882457402642],[109.07099181113536,14.711859163987244],[109.07106810394728,14.71177905625619],[109.07157164355442,14.711565433138224],[109.07162504939599,14.711508211842126],[109.07185393184994,14.710951265487981],[109.07195311411544,14.71087115770361],[109.07210570194891,14.710828241928636],[109.07269316467128,14.710864481622307],[109.07286101147757,14.710842548054774],[109.07304411811118,14.710762438503412],[109.07316618743432,14.710647043585817],[109.07323485131747,14.710545955126387],[109.07327299891654,14.710162577446031],[109.07321196366028,14.709908900037572],[109.07300597081856,14.709395824250167],[109.0729296769183,14.708918032899492],[109.07296782385696,14.708744464182951],[109.07357054542067,14.707687792324826],[109.07371550350503,14.70737021875084],[109.07442503729015,14.706392702227719],[109.074707325764,14.706190523753722],[109.07505064772116,14.70621245818373],[109.07553129934425,14.706364092950146],[109.07566099969388,14.706349787160372],[109.07586699389924,14.706234392169659],[109.07602721045389,14.706031260435429],[109.07618742718016,14.705901560326538],[109.07635527439126,14.705857691447736],[109.07649260390353,14.70575660193477],[109.07657652628725,14.705619272568587],[109.07663756123527,14.705401835653396],[109.07670622691407,14.70489543444468],[109.0766070445803,14.704244074341432],[109.07702666169857,14.703578409062189],[109.07718687883884,14.70303672224913],[109.07733946627057,14.7029423097922],[109.07752257112843,14.702558931982768],[109.07788878239126,14.702182229842874],[109.07793455974327,14.702059206692624],[109.07784300675694,14.701437411605253],[109.07790404182465,14.701046404517305],[109.07773619450144,14.70054763207052],[109.07772856553329,14.700293955356967],[109.07757597780758,14.700192866545581],[109.07749205415358,14.700084146941375],[109.07740050167389,14.699853357185257],[109.07739287223121,14.699730333101202],[109.07742338964198,14.699585375465416],[109.07759123618081,14.699281153445872],[109.07769804722766,14.698818621478251],[109.07765227109498,14.698405679681926],[109.07742338894799,14.698102411385083],[109.0773852427091,14.697993693042253],[109.0773928726791,14.697943147680746],[109.07755308955697,14.697856362786776],[109.0775759770938,14.697624620828083],[109.07762175293821,14.697588380792373],[109.07769041796742,14.69706767472454],[109.07767515968322,14.696821627453572],[109.077637011998,14.696763453239443],[109.07756834840774,14.696763452753652],[109.07698851404867,14.696886476782307],[109.0761874270824,14.697263177747203],[109.07589750980353,14.697371896769091],[109.07570677538396,14.697386202169623],[109.0755084116262,14.697321352012047],[109.07536345323243,14.697168764457539],[109.07490568924607,14.697024759147391],[109.07479887721318,14.69694465125378],[109.07440977799037,14.696308550509336],[109.07423430238886,14.695888932736754],[109.07406645641547,14.695150788706037],[109.07406645586522,14.694166598058741],[109.0741503794425,14.693565783104697],[109.07486754154688,14.691229280460112],[109.07519560619608,14.690368112818563],[109.07566099904966,14.689565118900921],[109.07580595662526,14.688951906114948],[109.07643919709533,14.687436518079117],[109.07657652584311,14.687266763464027],[109.07679777857976,14.686825212679008],[109.07728606024358,14.68567031255631],[109.0778506346991,14.684589799782495],[109.07840758061195,14.683176454195301],[109.08005552949957,14.680221017364577],[109.08043699936371,14.679250177363201],[109.08073454540786,14.678924020261187],[109.08107023960365,14.678713258063311],[109.08132963854663,14.67872660932768],[109.0817111087894,14.679243501501128],[109.08182554947759,14.679365571529317],[109.08193999036283,14.679398949937474],[109.08211546697198,14.679378922960636],[109.08252745391489,14.679195816873907],[109.08260374779064,14.679141457603109],[109.08264189419558,14.679019387407038],[109.08280974191338,14.678848679901732],[109.08280974157782,14.67871325774698],[109.08257322958437,14.678645547155988],[109.0825427126538,14.678577835803058],[109.0825427125588,14.67848914431279],[109.08280974163685,14.678189691150962],[109.08280974181956,14.678074296294312],[109.08264952387088,14.677877839192439],[109.0825808590928,14.677347596261715],[109.08242827192495,14.676777299084144],[109.08249693585297,14.676729614649174],[109.0826724127247,14.676831657716344],[109.08295469962806,14.676804002342168],[109.08301573429921,14.676640924221694],[109.08316832269804,14.67645781767023],[109.08318358108333,14.67609065382252],[109.08345061053217,14.675744469943881],[109.08363371518469,14.675357278193534],[109.0836566033896,14.67511218400422],[109.08361082733651,14.675044472652672],[109.08328276389493,14.67497008622296],[109.08318358109338,14.674909050844102],[109.08308439943552,14.674677307627967],[109.08309202839438,14.674337799681627],[109.0832675042841,14.673835213828397],[109.08334379833884,14.673719818794597],[109.08376341547593,14.673325951860685],[109.08382445001756,14.67316287290057],[109.08393126192122,14.672252113630659],[109.08392363238248,14.672171051755685],[109.0838549687748,14.672095711448785],[109.08377104439924,14.671559746706034],[109.08373289742904,14.670465881559341],[109.0835574215331,14.669881279547866],[109.0831988406366,14.668291504864271],[109.08303862210198,14.668019707245184],[109.08257322902492,14.667625839496536],[109.08237486549453,14.667286331544693],[109.08216887120602,14.667163307455395],[109.08139067283594,14.666851456901732],[109.08049803367783,14.666660721464392],[109.07991057149499,14.666634018558904],[109.07942228888788,14.666538651635182],[109.07920866636316,14.666538651813552],[109.07886534387501,14.666620668017915],[109.078743273037,14.666552002899062],[109.07846861458992,14.66606276755691],[109.07801085070506,14.665627892722734],[109.07756071658827,14.665302689835904],[109.0764315671142,14.664887841019862],[109.07602720886653,14.664779121595393],[109.075851732446,14.664779121556377],[109.07564573929908,14.664805824310825],[109.07489805876563,14.665336067446852],[109.0744326644966,14.665581163121665],[109.0743105949837,14.665801460416077],[109.07418852476594,14.666161950046176],[109.07361632036809,14.666684564176492],[109.07335692066928,14.666697914926749],[109.07302122715801,14.666549141881323],[109.07257109297998,14.666222985052123],[109.0717089721741,14.666365083060962],[109.07128172475241,14.666481430759388],[109.07109861984988,14.666606361551862],[109.07047301014529,14.667449410643064],[109.0703051632285,14.668115075014825],[109.07028227521275,14.668563301854189],[109.06948881762497,14.668644364047886],[109.06937437664334,14.668434555841488],[109.06958799963931,14.668365892164987],[109.06953459360051,14.668115074889123],[109.06964903475138,14.668202813305184],[109.06967955332769,14.668182786165174],[109.06983214118212,14.667584831761458],[109.06953459417056,14.66738837504494],[109.06950407671526,14.667293007646276],[109.0701983506561,14.665526802468323],[109.07018309247171,14.665479118804148],[109.06947355850805,14.665336068020483],[109.06900816528508,14.665118630765482],[109.06828337296942,14.664629396268863],[109.06795530903145,14.66435092276919],[109.06771116832354,14.66403907092636],[109.06716948136457,14.663517410512625],[109.06694822843707,14.663200790851358],[109.06657438809808,14.662138397618412],[109.06569700876926,14.65841143895233],[109.06530790949695,14.656417305870537],[109.06515532129973,14.655393059542277],[109.06514006201965,14.653827126639447],[109.06526976227279,14.652709419105857],[109.06534605651895,14.652410919513898],[109.06534605596883,14.649634773733533],[109.06551390164216,14.649019653272122],[109.06564360202452,14.647324019806067],[109.06581144931626,14.64633601430934],[109.06688719272537,14.640932494825412],[109.06701689295394,14.640054160921869],[109.06777983109963,14.636884147696342],[109.06811552533888,14.63585894777807],[109.06822233680757,14.635672980495698],[109.06830626072367,14.635616715031794],[109.06846647743981,14.63558905781665],[109.06903105275613,14.635692054586855],[109.0691836400669,14.635653907991072],[109.0697711032851,14.6353658974401],[109.06996183835247,14.63522570789344],[109.07037382613899,14.634760314208101],[109.0705264130516,14.634210044832814],[109.07065611321698,14.633473807789782],[109.07064085486557,14.632936889360192],[109.07051115522064,14.632539206978308],[109.07046537833526,14.632427627322297],[109.0702212387169,14.632275039827787],[109.07011442649375,14.631974631250966],[109.06994657941095,14.631063871917695],[109.0695269634214,14.630249434715864],[109.06932096891352,14.629933768306273],[109.06918364060603,14.629560882402155],[109.06919126898154,14.629374914860966],[109.06950407501866,14.628059798344978],[109.06986265622784,14.626939230954914],[109.07035093672492,14.625768119080718],[109.07074766606267,14.624451094652672],[109.0711749123358,14.621854239023401],[109.07199125651579,14.620379858496959],[109.07212858581539,14.62028163048862],[109.07271604972657,14.620084219732167],[109.0732577369803,14.61983912597707],[109.07402830603834,14.618854933850479],[109.07408171087476,14.618658476584194],[109.07411222914983,14.618373327752046],[109.07402830542227,14.617724829440837],[109.0739748997083,14.617517881196287],[109.07387571782482,14.617439680400768],[109.07344084204489,14.61754458429899],[109.0732653657514,14.617658071284966],[109.07273130744255,14.618528776923897],[109.07254820266725,14.618636541972384],[109.07247190917778,14.618650846577234],[109.07220488010162,14.618552618739448],[109.07131986943001,14.618016653739655],[109.0710070651171,14.617678099837962],[109.07072477731666,14.617072515716847],[109.07052641298955,14.61640875905764],[109.07035093669961,14.61494868357118],[109.07032804853371,14.61395018653216],[109.07054167130009,14.61218588826816],[109.07067900022419,14.611988478844275],[109.07152586350514,14.611207418531299],[109.07182341022376,14.610665731072503],[109.07189970315245,14.610154562682116],[109.0716021574794,14.610115460877193],[109.0717547454359,14.609746388897697],[109.07177000467496,14.609157019180326],[109.0718691865693,14.608950071058718],[109.07225828574947,14.608517102919459],[109.07231169159367,14.608144217513555],[109.07237272655557,14.608045034336854],[109.07247953739805,14.607957296228859],[109.07291441358915,14.607799939729148],[109.07295256075635,14.607602529000204],[109.07311277711884,14.607307844476358],[109.07335691814306,14.606629782319615],[109.07333403062455,14.605980329454509],[109.07321195912196,14.605341367809157],[109.07297544858837,14.604947500301106],[109.07279997241943,14.60436766556915],[109.07286863728109,14.603789740022119],[109.07284574775728,14.60371153822928],[109.07239561415696,14.603111677203314],[109.07228117275405,14.602890424620583],[109.07225065651974,14.602555685006118],[109.07228880302311,14.602359228394238],[109.07264738398302,14.601351194140472],[109.07265501454725,14.601070813901934],[109.07286100727785,14.600259236615436],[109.07333403003808,14.599419050143311],[109.07336454700692,14.599236897666337],[109.07347135869173,14.599084309996892],[109.07420378052629,14.597437314585848],[109.07440214500878,14.596837453319937],[109.07460050891459,14.596390180529918],[109.07502775531238,14.595603398102362],[109.07539396570215,14.595037869939116],[109.0756991414582,14.594438008073459],[109.07576780600387,14.594029836406204],[109.07588224652464,14.593827657446893],[109.07625608749787,14.59257452905661],[109.07763700790578,14.589614323941722],[109.0776675257248,14.589456967405477],[109.07778196695062,14.58927958390813],[109.07840757658649,14.587381772254487],[109.07840757682176,14.58715098316351],[109.07857542322716,14.586575917099447],[109.07895689250428,14.58574908174187],[109.07973509139582,14.583443097048109],[109.07974272066586,14.583084514490395],[109.07988767927642,14.582578114076636],[109.07997160230504,14.582406453016997],[109.0800555255454,14.582366398314308],[109.08067350630711,14.582332065832434],[109.08143644646427,14.581855228513703],[109.08174162154918,14.581816128853136],[109.08187895176098,14.581688335806863],[109.0819552441605,14.581550053776375],[109.08197050325212,14.581250599531764],[109.08183317455263,14.581230572193421],[109.08178739825938,14.581073215571266],[109.08214597969209,14.580798557544737],[109.08217649728425,14.580758503839787],[109.08216123871938,14.580625942235994],[109.08187895117214,14.580233028907204],[109.08171873317397,14.58012907837437],[109.0814669634087,14.580041340798271],[109.08139066933349,14.579947881008565],[109.08134489325779,14.579765728583556],[109.08141355705978,14.579490116285607],[109.08170347426666,14.57941191575889],[109.08190183981698,14.57919543163815],[109.08190946870809,14.578944614238278],[109.08177213929176,14.579047611392856],[109.0817492513631,14.578998974178855],[109.08199339137356,14.57871859371612],[109.08206205676254,14.578536442479326],[109.0820086504312,14.578433445685507],[109.08184843373935,14.578403881699849],[109.08183317418926,14.578354290824915],[109.08195524418689,14.578196934718086],[109.08225279167567,14.578206470396692],[109.08236723204394,14.578089168707368],[109.08241300860831,14.577863148454616],[109.08236723220206,14.577744892737572],[109.08212309110337,14.577931812252737],[109.08145170425362,14.578596523739295],[109.0794146564602,14.57981913439664],[109.07700376769765,14.580556324933065],[109.07563047634655,14.58093588680156],[109.07408170925966,14.581061771790994],[109.07392149207057,14.581116131516477],[109.0733340297482,14.581844739109295],[109.07257871948612,14.582447461462012],[109.07207517934582,14.582637241806394],[109.0702212367753,14.584698132131084],[109.06867246897095,14.586539678254542],[109.06737547138373,14.588301114151642],[109.06645994400613,14.58897059330276],[109.06354551558019,14.59012358653011],[109.06265287621396,14.590379170696924],[109.06221037153274,14.590320043985297],[109.0608523398255,14.590018681903612],[109.06048612851843,14.589978627521534],[109.06011991745508,14.590059689813705],[109.05976896579604,14.590197020028418],[109.05892973277138,14.591358594805351],[109.0582430860637,14.592943602461956],[109.05703001372898,14.595481329154897],[109.05678587223274,14.596668652971111],[109.0556338333721,14.59818404260907],[109.05552702218397,14.598370008418632],[109.0553744342073,14.598883085892812],[109.05531340006556,14.599255018590094],[109.05545072858486,14.600076132902593],[109.05428343109008,14.601787025037407],[109.0540621787028,14.601972990980586],[109.05383329634246,14.602043562810723],[109.05377226159005,14.603225164921046],[109.04897337299238,14.603347236083517],[109.0483630207703,14.603574209884936],[109.04842405562447,14.60458510523356],[109.04831724480927,14.60591357287008],[109.04782133399084,14.60687869177228],[109.04698210113767,14.607300216252563],[109.04631071408815,14.607433730262043],[109.04531126377645,14.607507163147211],[109.04486112895432,14.60766928866554],[109.04447202986306,14.608178550660071],[109.04420500122872,14.609075957099583],[109.04419737223843,14.609588080559833],[109.0442889252893,14.610252791273032],[109.04471617059195,14.611157828193766],[109.04501371703728,14.611759597430092],[109.04509001113117,14.612532073305102],[109.04491453521189,14.613177711412348],[109.04491453487361,14.613365584341876],[109.04623442035542,14.614929610239331],[109.04650144880594,14.615505630307455],[109.04656248445595,14.616239005198953],[109.0462115322757,14.617056304537961],[109.04534178098407,14.618733817323927],[109.04382353233564,14.621190482654956],[109.04290800432143,14.622282440255963],[109.04246549974587,14.623156006119697],[109.04241972304388,14.623697692657567],[109.04256468186598,14.624283248789874],[109.04286222873499,14.62461989642938],[109.04313688655452,14.624788696478234],[109.04360990947995,14.624855454380048],[109.04510527075517,14.62465899745501],[109.0452883759572,14.624765807770816],[109.0454562227079,14.625079566745052],[109.04542570463576,14.6256222079701],[109.04597502197525,14.62767165381367],[109.04595213341071,14.627984459336288],[109.04579191611371,14.628401215466566],[109.04405241358701,14.631038124663895],[109.0434115450981,14.633307869120951],[109.04296904006382,14.634619171281798],[109.04173307827722,14.63579886651365],[109.03987150589246,14.637975151677523],[109.0391772306069,14.63863700177627],[109.03855162093198,14.638944084658267],[109.03726225307298,14.639199670426144],[109.03665953118582,14.639428552090797],[109.03605680891003,14.639903482137063],[109.03590422069516,14.640133316858098],[109.03588133305838,14.640320237236029],[109.03615599104275,14.64053195296429],[109.03819303889954,14.640507156739277],[109.03855924961645,14.640634950140907],[109.03860502680878,14.640880044139221],[109.03851347387163,14.641177590138186],[109.03727751237726,14.642315323873719],[109.0371478124409,14.642544205873447],[109.03694181958572,14.643676217177823],[109.03588896191178,14.644306596276046],[109.03536253405308,14.64482539549825],[109.03507261716057,14.64617865964948],[109.03472166537097,14.647032197093404],[109.03450041199656,14.647238191344334],[109.03414183080078,14.647298272610454],[109.0336535501725,14.647042688234201],[109.03302793879458,14.647037919320136],[109.03234129385876,14.647470887915311],[109.03184538349896,14.647508081309018],[109.03152494916613,14.647359307356407],[109.03133421372328,14.647128518625982],[109.03080778618094,14.645870622916462],[109.03031950448,14.64534514751291],[109.02977781663142,14.645404275250208],[109.02718382277452,14.645965989674282],[109.02698545865199,14.646151956333041],[109.02712278806747,14.647197183608293],[109.0276949931328,14.648496088014108],[109.02790098606143,14.64929145275028],[109.02757292248636,14.64974730858892],[109.0267565768718,14.65022033128073],[109.02565031488254,14.651171145341404],[109.02540617427972,14.652714190281497],[109.02520781030034,14.6533798544996],[109.02494078137353,14.65383761845677],[109.02305632174121,14.655699190013719],[109.02175932424714,14.65673202084127],[109.02125578430076,14.658231196785806],[109.01910429456558,14.658503946581408],[109.01830320844485,14.658716616767721],[109.0176623396394,14.659014162255389],[109.01753263905998,14.659305033317516],[109.01748686316459,14.659805712478239],[109.01753263925121,14.66130393479156],[109.01761656222325,14.661639628804547],[109.01789122171029,14.662105021840876],[109.01791410911176,14.662502704146034],[109.0172579818076,14.663742480289628],[109.01703672835599,14.664795336956391],[109.01662474158846,14.664881167754471],[109.01621275462159,14.665068088116646],[109.01576261919723,14.665044245901182],[109.01467161684343,14.664763866030764],[109.01432829357205,14.664781032130891],[109.01396208253557,14.665028032650874],[109.0135958714412,14.665442881726843],[109.01314573740032,14.666259227422628],[109.01245909235385,14.666921076942053],[109.01059751998399,14.668096004210106],[109.00963621677103,14.668552814819249],[109.00786619677027,14.669118343550908],[109.00712614577574,14.669112621434982],[109.00624113508222,14.668872295956067],[109.00443296959885,14.667578159979305],[109.00339537104027,14.666931567896466],[109.00300627277558,14.666869579362181],[109.00259428525979,14.666953502302055],[109.00151091146803,14.667408405471871],[109.00006132618262,14.667690692433606],[108.99892454609429,14.668034969426293],[108.99774199050528,14.668968617299004],[108.99536161913063,14.67152255674238],[108.99446897919509,14.672778546616549],[108.9926684420135,14.672165333201844],[108.99109678703451,14.671886860677551],[108.98856382855372,14.670594630962619],[108.98698454355149,14.67039054506439],[108.98658018476422,14.670427738001678],[108.9856875460019,14.670650898111667],[108.98529081816936,14.670661389697134],[108.98393278610469,14.670261799552872],[108.98314695821206,14.670241772868543],[108.98168211374255,14.670405804718316],[108.98121672108533,14.670285641620621],[108.97998075945094,14.669378697743717],[108.97957640111564,14.669266163434955],[108.97923307817912,14.669235647066433],[108.97893553220777,14.669274746200987],[108.97850065722649,14.669419705227769],[108.97778349405951,14.669800221292043],[108.97511320520567,14.671503483583379],[108.97373228536877,14.671826780078048],[108.97369413806292,14.674107014790831],[108.9733126683995,14.6746124621648],[108.9719470069623,14.676013410439458],[108.97148161397067,14.676268041681308],[108.97093229690326,14.676495015392602],[108.97038298144327,14.676889837730984],[108.96963530030052,14.677630842439697],[108.9692843482862,14.678103864348993],[108.96894865527653,14.678804815239944],[108.96880369580803,14.679323613307698],[108.96853666724708,14.679718435681055],[108.96738462877147,14.680392682851373],[108.96569853277823,14.681823194680614],[108.96555357388246,14.681904256541076],[108.96526365735087,14.681974828942],[108.964477829551,14.682083548177706],[108.96424131855,14.682259024156606],[108.96392851352536,14.682798803932695],[108.96363859648547,14.683163107175236],[108.96260862826917,14.68357604815703],[108.96146421933075,14.683959425441548],[108.96137266644914,14.68427413792562],[108.96115904306232,14.684603154904451],[108.9609759373028,14.68475669704499],[108.96081572025162,14.684778632335084],[108.96050291483348,14.684718549867599],[108.96020536964436,14.684744299316337],[108.96000700468393,14.684851111456924],[108.95944242923306,14.685528220543603],[108.95924406512447,14.685304106425058],[108.9590991062904,14.684911192377939],[108.9590838483657,14.683413923859684],[108.95898466469468,14.683176458855815],[108.9586337129412,14.68269294584549],[108.958351425705,14.682472646730917],[108.9577563334043,14.682261884978624],[108.95735197528471,14.682204664737169],[108.9571764994346,14.682106436199836],[108.95672636545375,14.681555211647009],[108.95656614672592,14.681210935647568],[108.956344894824,14.681348264811344],[108.9561007541375,14.68136829198785],[108.95585661430604,14.681300580714868],[108.95548277259198,14.680609166721668],[108.95527677965997,14.680381239103594],[108.95511656202753,14.68030494485695],[108.95495634513094,14.680282056875908],[108.9548342749275,14.680334509467123],[108.95475798083129,14.680451811552802],[108.95471983405515,14.680682599830746],[108.95477323977798,14.681069791723656],[108.95497923314927,14.681726873740576],[108.95500975098967,14.681995810189914],[108.95489530980777,14.682429732604017],[108.95477323989216,14.682589949579786],[108.95436888209925,14.68280071120656],[108.95382719523376,14.682946623539346],[108.95306425491567,14.682982863163192],[108.95232420357488,14.68313163600754],[108.95152311816074,14.6834797272276],[108.95053129572413,14.683835448858684],[108.95029478466788,14.684059561769097],[108.95034056073305,14.684656561134688],[108.95066862524979,14.685579718309896],[108.95072203138514,14.685981215398359],[108.95069914272429,14.686109961831212],[108.95037870800176,14.686617316261213],[108.95015745631869,14.686850966619314],[108.9499896087782,14.686935843919475],[108.94877653628939,14.687011183676832],[108.94841032520505,14.686986388208398],[108.94781523166033,14.686600150051257],[108.94754057362238,14.686521948416873],[108.94731169163106,14.6865629566248],[108.94702940390685,14.686774672416721],[108.94668608098874,14.68725627788146],[108.946441941367,14.687715949145021],[108.94622831848913,14.687992515212619],[108.94590025436842,14.688193739648003],[108.94551878409723,14.688233794965107],[108.94519071969584,14.688085974573141],[108.94477873307359,14.687728347121235],[108.94454222244399,14.687735977068433],[108.94389372346981,14.688085021183703],[108.94310026561926,14.68827098762296],[108.94245939656554,14.688807906940987],[108.94197874497212,14.689512671966998],[108.9418414157579,14.690515936812249],[108.94108610605511,14.691831053982307],[108.94004087897561,14.693835678098909],[108.9337466283693,14.696677627223815],[108.93192320335542,14.697127761425248],[108.93033628928521,14.697084846498917],[108.92929106208457,14.696103515385417],[108.92914610264611,14.69655555804528],[108.92764311309884,14.698222580017529],[108.92751341307633,14.698451461979838],[108.92742186053822,14.698948326591566],[108.927437119034,14.699367942988912],[108.92739897259885,14.699800910865827],[108.92860441642884,14.700407448071768],[108.92885618658279,14.7011141209666],[108.92874937572616,14.702679100176061],[108.92849760501811,14.702915611765532],[108.92800169435968,14.702701034719453],[108.9273150488353,14.70173591753331],[108.92540769990954,14.700021210428146],[108.92534666512663,14.699699822447295],[108.925812058148,14.698885384121734],[108.92557554727293,14.698456231373694],[108.91963224740167,14.69583934800747],[108.91882353250685,14.694876137071004],[108.91833525078768,14.693839492855764],[108.91772489969046,14.693243447160077],[108.91644316034947,14.6927008061148],[108.9160693205915,14.692671242569139],[108.915382675508,14.692494812536932],[108.91506224102993,14.692307892418912],[108.9143221895829,14.69225448702925],[108.91356687933867,14.692369880836603],[108.91312437457857,14.692247811304235],[108.91291075121381,14.691887321861945],[108.91180448921642,14.691661300871022],[108.91120176678575,14.691431465961475],[108.91052275083133,14.690692368081034],[108.90932493492323,14.690287056086296],[108.90833311420683,14.6902784734268],[108.9079592744595,14.690200272331095],[108.90762357991717,14.690046730216961],[108.9072344815034,14.68978637731652],[108.90650968924402,14.688570443586192],[108.90598326079522,14.687771264453977],[108.90597563108543,14.68754047469628],[108.90617399488612,14.686781349989964],[108.90616636568272,14.686481896426978],[108.90608244351024,14.686236802195044],[108.9059451140092,14.686086121596533],[108.90557127322235,14.685885848973136],[108.90406828327465,14.685395661070398],[108.90194731072977,14.685044709238595],[108.90073423689218,14.684708062826443],[108.90021543749374,14.684715691326735],[108.89952879322698,14.684791985638011],[108.89817076064575,14.685384217354613],[108.8977816612103,14.685421410368422],[108.89465360988021,14.68497890581619],[108.89267759636577,14.68451160533801],[108.89096098302984,14.682765427355266],[108.8903048546598,14.681528511483766],[108.8900836013936,14.68135112865089],[108.88962583858583,14.681128922601129],[108.8886645348085,14.681357805146883],[108.88736753711089,14.681951943826492],[108.88591032392834,14.682420197546548],[108.88475828423081,14.68298000458258],[108.88368253944347,14.683018151730138],[108.8824236899266,14.682993355702488],[108.88152342181303,14.683391991853616],[108.88111906328801,14.68349689596544],[108.87989073073038,14.68353599711168],[108.87889128025043,14.683931772274772],[108.87806730579754,14.684072915890242],[108.87747984277374,14.684747163042346],[108.8769152663385,14.685271684422927],[108.87643461557562,14.685450975839004],[108.87482481259354,14.685749475642586],[108.87480955419204,14.686129037927953],[108.87500028863981,14.686483804094786],[108.87503843531181,14.687136117570525],[108.87401609687088,14.688845102836524],[108.8736651450017,14.689087335761108],[108.87274198886962,14.689391557354586],[108.87242918275699,14.68937439216129],[108.87138395586418,14.68913978800643],[108.8705447221034,14.689214174717524],[108.87025480586927,14.689334338026265],[108.86985807672913,14.68960231965207],[108.86950712416893,14.690209810793576],[108.86933164882157,14.690466348507847],[108.86921720708429,14.690544550243898],[108.86822538634449,14.690551225956046],[108.86770658792574,14.690865939240032],[108.86600523206451,14.69203228227981],[108.86480741783481,14.692579691075816],[108.86146574200323,14.692663615396],[108.86116056730518,14.691838687317299],[108.86055021524052,14.691207354307549],[108.85919981235635,14.69080776574565],[108.85834532016689,14.690351908439101],[108.85707121148045,14.690122073392109],[108.85672025896011,14.690133517558486],[108.85483579892428,14.690713351409904],[108.85435514726122,14.69074196180185],[108.85401945331579,14.69054931964086],[108.85312681433714,14.689726298111955],[108.8525317212246,14.688609545265736],[108.85235624474855,14.687160914055994],[108.85213499332593,14.686628764309209],[108.85214262240218,14.686106150161844],[108.85199003355369,14.685426180678302],[108.85087614306696,14.684569781300153],[108.85086851268362,14.684451525321853],[108.85171537556917,14.683826869100008],[108.85195951689435,14.683367197933006],[108.85194425760791,14.683014338660675],[108.85186796378237,14.682754939546202],[108.85168485913468,14.68246788302232],[108.85113554154599,14.681865160964467],[108.8507006671406,14.681724970247696],[108.84998350402495,14.682086413626598],[108.84984617483207,14.682015841721608],[108.84875517114078,14.681156580295525],[108.84845762501567,14.681044047725004],[108.84810667223965,14.681011622123561],[108.847763349822,14.681065028508373],[108.8468935986425,14.681397860138313],[108.84614591800663,14.682246630419751],[108.84601621824228,14.6824840953693],[108.8460085886234,14.68297333034104],[108.8463290240459,14.683288043279122],[108.84692411671418,14.683484499190747],[108.84760313301433,14.684114878641829],[108.84773283166531,14.684503024875099],[108.84771757410135,14.68463844523951],[108.84719114487723,14.684946482965824],[108.84624510027216,14.685902064748333],[108.84410887009746,14.688890879724681],[108.84323911910758,14.690560763879828],[108.8423388500075,14.69146294025921],[108.84210996916016,14.691800541426925],[108.84198026942289,14.691867298035783],[108.84097318882718,14.691987460727011],[108.8402178789547,14.69242805821333],[108.8395541211792,14.693115656965873],[108.83916502166339,14.693084186231813],[108.83773832604872,14.691976970507506],[108.83609037586176,14.690386242519866],[108.83541135956027,14.689883655154224],[108.83477049064201,14.688329166156796],[108.83478574987977,14.686719364374143],[108.83378629869418,14.68499035209325],[108.83215360813294,14.682783549710622],[108.83136778033531,14.680221026924695],[108.82912473796286,14.677436298028843],[108.82858305147171,14.676510279882773],[108.82608061013407,14.674506609532738],[108.82491331231314,14.67499203108809],[108.82331876867703,14.675507014981234],[108.82306699876305,14.675559466977475],[108.82278471065685,14.675502246435286],[108.82201414229431,14.674665874105992],[108.82177763124697,14.673990673322276],[108.82153349103416,14.673857158218436],[108.82060270402,14.673823780069096],[108.82003050020539,14.673227733443463],[108.81913023033547,14.672838634189455],[108.81855039630996,14.672840540807325],[108.81783323407026,14.672588771343756],[108.81723051183091,14.672231144525156],[108.81674223080721,14.671369976455509],[108.81523161016439,14.671212619300388],[108.81491117586758,14.671060984961365],[108.8144610419201,14.670418209377713],[108.81433897088968,14.669656222685026],[108.81406431205214,14.669369167308037],[108.81341581432679,14.668853228707054],[108.81290464466642,14.669214671832934],[108.81228666354272,14.669386332948163],[108.81153135296164,14.669718212301518],[108.81075315562181,14.66965622353755],[108.81033353864412,14.669832653659462],[108.80988340462908,14.669451183123787],[108.80942564048667,14.669464534491683],[108.80895261867461,14.669022029618585],[108.80876188342533,14.668626255751946],[108.80767850953531,14.667909092208566],[108.80730466939183,14.667918628067742],[108.80538206148324,14.668640560790973],[108.80509214383407,14.668719715032678],[108.80435209281859,14.668739742301694],[108.80221586308775,14.669447368329369],[108.80209379174761,14.66943210967758],[108.80078916592184,14.668509906350321],[108.799873638094,14.668262905637002],[108.79967527400672,14.66813892759621],[108.79895811087178,14.667262500635855],[108.79786710834813,14.66775459664593],[108.79716520301288,14.66785091812198],[108.79565458295757,14.667823261862724],[108.79473142716134,14.667991108751993],[108.79367094103732,14.66830009901618],[108.79231290756627,14.668163723695004],[108.7914355281161,14.66791195378717],[108.79029111917964,14.667974896273304],[108.78878049850209,14.668449826303256],[108.78701047913827,14.669554180811327],[108.78664426814993,14.669577069636134],[108.7862551687833,14.669492192512145],[108.7859805108223,14.669299549967148],[108.78405790417567,14.668778844324336],[108.78173856799825,14.668776935941922],[108.78141813256197,14.668857999764086],[108.78007535964376,14.670357175693978],[108.77966337191879,14.671019025866467],[108.77905302072365,14.671555943200858],[108.7784350398448,14.671958394532236],[108.7777712815037,14.672528691991094],[108.77743558925232,14.672674603463017],[108.77601652156746,14.673007435681022],[108.77539854085896,14.673863835883546],[108.77441434908309,14.674636311833376],[108.77344541618297,14.67496628394104],[108.77283506397862,14.675676771471503],[108.77189664848603,14.676093527323497],[108.77082090357784,14.676136441968534],[108.77009611224456,14.675938078332402],[108.76902036699586,14.675980039318514],[108.76814298642175,14.674759336610425],[108.76783018070816,14.673894354420938],[108.76770048163417,14.672628828120793],[108.76762418803257,14.672411389721747],[108.76680784250871,14.671789594064567],[108.76466398233912,14.671783871751432],[108.76347379614549,14.669491239224795],[108.76213865180881,14.667197653274496],[108.76182584706055,14.666887707990105],[108.7597506521063,14.665948338838048],[108.76006345701724,14.665073819633808],[108.76029233864145,14.663701481900805],[108.76042203819634,14.663349576980327],[108.76111631298393,14.66239494883778],[108.76158170557903,14.661889501086975],[108.76165037094955,14.66159577008214],[108.76163511156365,14.660890050881244],[108.76171140574728,14.659902043772039],[108.7619326582575,14.659156270371371],[108.76200132327627,14.658725209688942],[108.76183347598028,14.657399602601501],[108.76223020460449,14.655957646629377],[108.76213865164047,14.655225224422635],[108.76219968714098,14.654814191727205],[108.76242856829822,14.654324956260316],[108.76345090800382,14.652824825930706],[108.76359586528027,14.652462430562855],[108.76366453033162,14.651560254333143],[108.76380948879232,14.651144452129234],[108.76441221120706,14.65014976887085],[108.76455716932612,14.649486966032972],[108.76481656977457,14.64692348909348],[108.76470975782287,14.646517224195902],[108.76426725256881,14.645632213873153],[108.76405362953638,14.644653743912308],[108.76416807031217,14.644159740554468],[108.76429014053252,14.64398426496071],[108.7652819619668,14.643032497691985],[108.76549558504868,14.642504161922686],[108.76551847349648,14.642191356944833],[108.76540403221281,14.641542858781946],[108.7649844156366,14.640636867866169],[108.76495389823764,14.640018886677137],[108.76531247951107,14.638648456663608],[108.76519040926244,14.638156360989449],[108.76461820431018,14.637346691877037],[108.76451902224947,14.636933751013865],[108.76451902228763,14.63657612222723],[108.76518277991916,14.63344234885977],[108.76635007714997,14.629456943147833],[108.76686124584002,14.626836245988045],[108.76682309903961,14.626273578179664],[108.76612119419794,14.62437290465217],[108.76601438335938,14.622901386254746],[108.76612119410598,14.621011202722595],[108.76358060639093,14.620004122450768],[108.76213865009346,14.619264071691235],[108.76185636174999,14.618830149834196],[108.76202420873102,14.616869396114803],[108.76199369243457,14.615485613599864],[108.76183347435214,14.615210003184096],[108.76133756441665,14.61481327355602],[108.76127652889639,14.614595835320284],[108.76158933386351,14.613460963265483],[108.76168088581598,14.610412066574368],[108.76204709717216,14.607972567770403],[108.76205472703303,14.607579653798211],[108.76165036885928,14.606066172003862],[108.76174192136064,14.604566042071019],[108.76188687978215,14.603900378395702],[108.7627490011667,14.602712099785357],[108.7635653462095,14.601914828442572],[108.76371030407911,14.60132736417374],[108.7637942282634,14.598670428049255],[108.76235227247886,14.598303262886386],[108.76112394042372,14.598317568241733],[108.76059751164732,14.59816879547018],[108.76015500732758,14.597752992683443],[108.75935392002933,14.595694964019852],[108.75841550487776,14.594489519583002],[108.75649289703675,14.593293612422253],[108.75319699858585,14.591801112471495],[108.74840573851257,14.590560380868386],[108.74602536789321,14.590726321609598],[108.74418668340638,14.590425913442267],[108.74382810125789,14.590773051255557],[108.74282865128991,14.593120997546025],[108.74206571168395,14.593860095279261],[108.74169950114951,14.593996470544116],[108.74084500836766,14.593684619813859],[108.74045590923701,14.593203013283143],[108.73986081692601,14.591748660790369],[108.74009732745361,14.589954798546394],[108.73814420273065,14.588054125465895],[108.7371981575953,14.587687914088843],[108.73661069414499,14.587681239426415],[108.73564939035353,14.587962573502974],[108.7336962652536,14.588011210651796],[108.73316983735678,14.588244860284927],[108.73233060421259,14.589821284529044],[108.73014859696445,14.591273730633024],[108.728439612828,14.593038982266991],[108.72687558760884,14.59333080629594],[108.72650937651856,14.593595928356317],[108.72601346512832,14.594823307008433],[108.72573117724829,14.595276302244526],[108.72522763714919,14.59531731069588],[108.72422055754397,14.594316906603357],[108.72386197621795,14.594131893408788],[108.72280911906937,14.59455532402277],[108.72196988624964,14.59517712046608],[108.72113828273763,14.59607166610008],[108.71958951525036,14.596476978377135],[108.7184451059402,14.59709877460406],[108.71831540666244,14.598128742998805],[108.71817807734129,14.59880775897869],[108.71762876044312,14.599635547774461],[108.71644620448225,14.600522464451068],[108.71395902226872,14.601245349669682],[108.71153287430002,14.602500386391455],[108.7088091808138,14.603494115664056],[108.70851163440878,14.603782123999938],[108.70826749355143,14.604173131354168],[108.70811490507006,14.604823537070418],[108.70687131457491,14.60618919894711],[108.7069323495508,14.607646413655088],[108.70677213232852,14.608018345328308],[108.70655088029089,14.608190961255826],[108.70607022874952,14.608295865303454],[108.70580319956856,14.60844749994184],[108.7057345349658,14.608643002389067],[108.70600156317819,14.60972733065434],[108.70752744298437,14.611632771579625],[108.70687131465104,14.612501569177834],[108.70500211234318,14.613598295312334],[108.70402555056866,14.613379904303939],[108.7031100239779,14.612565466392741],[108.70235471348677,14.611830182526932],[108.70198850231372,14.611180730696047],[108.70178250873401,14.610392041726312],[108.70179776775683,14.610094494886459],[108.70230130736908,14.608882374744054],[108.70235471327402,14.608278699697351],[108.70204953708031,14.606316037920081],[108.70233945445223,14.605886883750975],[108.70249204256042,14.604826398792557],[108.7023547136105,14.604249425550487],[108.70211057195696,14.603983349180014],[108.70190457863663,14.603946156295866],[108.70158414462922,14.604082532371676],[108.70120267452052,14.60410256006338],[108.70076016953892,14.603573270689845],[108.70092801581127,14.602267689448725],[108.70072202212778,14.601565785305674],[108.70069150520342,14.600724644649432],[108.70056943411552,14.600427098276281],[108.70023374064603,14.600214429498193],[108.6992648076688,14.600085683795056],[108.69943265447114,14.599403805382341],[108.69939450679132,14.598915524843909],[108.69915799616396,14.59857506291487],[108.69821195139336,14.59835953232725],[108.69782285221032,14.59787888060108],[108.69768552257909,14.596436925794096],[108.69808988126778,14.595495648505375],[108.69695310103829,14.594948239052856],[108.69530515182747,14.594571538836579],[108.69402341399883,14.593146748740839],[108.69227628171626,14.592060513217957],[108.69019345773324,14.5914473015275],[108.6893542234042,14.591308064099492],[108.68892697704071,14.591326184450988],[108.68696622326593,14.591941304613645],[108.6865008307494,14.592247433701715],[108.68608884233785,14.593139120193351],[108.68460874009516,14.594369359845727],[108.68164853553675,14.59578747301595],[108.68045072078188,14.595977255503865],[108.67996243985547,14.59549374233396],[108.67843655993067,14.592021413776475],[108.67794064942454,14.591223188094126],[108.67549161271732,14.588760801116926],[108.6763003294737,14.588207669959607],[108.67691830987914,14.587498135794025],[108.67712430364278,14.586979337186895],[108.67719296781453,14.584098286981606],[108.67700986291293,14.583623356655245],[108.67534665440868,14.581699795717585],[108.67370633438053,14.58017200958121],[108.67250851931121,14.579562611766463],[108.67080716424853,14.578143544997724],[108.67016629507222,14.578017659733908],[108.66885403983477,14.57853073641063],[108.66762570731404,14.578753895448846],[108.66680936145225,14.578058667714425],[108.66635159804478,14.577726788758719],[108.66047696432902,14.575295872773287],[108.65844754517902,14.573304600882958],[108.65542630531375,14.571364828341698],[108.65272549864913,14.569229550721282],[108.65248898765738,14.567994542545824],[108.65222958793298,14.567591139049545],[108.65142087282429,14.566979832569237],[108.65104703209968,14.56688828060328],[108.65052823227478,14.567071386171651],[108.6492312358948,14.567990728511829],[108.64792660952267,14.568170973238454],[108.64712552326455,14.568064161481084],[108.6457140852302,14.567295500168358],[108.64543179790589,14.566988416243406],[108.6450655866544,14.565875478366994],[108.64403561846817,14.56541199324427],[108.64341763784994,14.56481117836664],[108.64069394305463,14.564176984096262],[108.64014462735891,14.563843198031202],[108.6400225563447,14.563454099505657],[108.64015225664217,14.562978216379278],[108.64243344556614,14.560238309800624],[108.64344052473943,14.558014340595678],[108.64366177740791,14.557061619395341],[108.6435854829769,14.555535741864677],[108.64292172566557,14.55362362515925],[108.64223508090747,14.552324720058358],[108.6426012919219,14.55154652162282],[108.64293698485186,14.549073643656566],[108.64282254348046,14.548266835189219],[108.64173916924575,14.546644635381877],[108.64012936763211,14.54731030093711],[108.63700131593194,14.548864789779376],[108.63372830551263,14.551172682120884],[108.63317898839699,14.551347203821162],[108.6314928921157,14.55103153767469],[108.63058499487597,14.550667234043821],[108.6279375941213,14.549147077042303],[108.62798337144163,14.548474736841454],[108.62774685972647,14.547727056097258],[108.62722043087038,14.546665617045122],[108.62732724370873,14.546230740962955],[108.62818936398354,14.545446821152394],[108.62756375454464,14.54372734578161],[108.62692288468845,14.543457455628587],[108.626243868873,14.543310590232837],[108.62564114718562,14.543076939549454],[108.62509945982487,14.542644925702827],[108.62323788661402,14.541999288021053],[108.62240628285723,14.541341252990087],[108.62187222549665,14.541021771785209],[108.62162045592486,14.54102272639467],[108.62126187412116,14.5411724530467],[108.62072018715484,14.541798063062421],[108.6204226405843,14.541888661818223],[108.61994198863462,14.541818090268931],[108.61855343853108,14.540876813755336],[108.6182177461993,14.540489621762342],[108.61809567476676,14.540032812468922],[108.61797360468508,14.537109799572509],[108.61776761080425,14.536165662181558],[108.61664608920321,14.53467793134972],[108.6158678915385,14.534237333223212],[108.61533383423888,14.533687063058636],[108.61475400056324,14.53270382469575],[108.61436490070292,14.532284207542704],[108.61315945623991,14.531596608802449],[108.6129992397899,14.531614729314652],[108.6126101403091,14.5327810716454],[108.6122286702668,14.533297963735938],[108.61180142396886,14.533488699418493],[108.61036709834842,14.533523984839462],[108.6079638378562,14.532793470155907],[108.6075747396425,14.532858320020644],[108.60641507170425,14.53349346762502],[108.60567502030544,14.534150549075939],[108.60410336508782,14.535153814878074],[108.60368374820804,14.535583921615991],[108.60363797203613,14.536632009438549],[108.60291317966278,14.538079687879607],[108.60260037474688,14.538917013942275],[108.60248593357898,14.539473005709812],[108.60234097528203,14.539735265421392],[108.60198239386612,14.540079542946385],[108.60145596533052,14.540370413875996],[108.60102108947667,14.540750929657543],[108.59956387596661,14.542611547676433],[108.59865597753,14.543178983912245],[108.59682492270325,14.544810721530919],[108.5961535362564,14.545621344538763],[108.59558896054752,14.546453901994827],[108.59556607264477,14.546838233448328],[108.59597806088456,14.547844358950643],[108.59613827733202,14.549172827100898],[108.59595517169637,14.550009200126809],[108.59593228400648,14.550565192386202],[108.5960848714043,14.551554152923682],[108.59659604194502,14.552746245510365],[108.59671811230801,14.553220221867509],[108.59669522401302,14.553622672605044],[108.5964587119426,14.554427573388203],[108.59598569027554,14.555368850240113],[108.59555844430952,14.556865166088835],[108.59504727365676,14.558104941389537],[108.59378079516165,14.559942673016224],[108.5936510954519,14.560272644150347],[108.59368161332436,14.56101364893356],[108.59406308361396,14.562694023009154],[108.59399441800161,14.563620041128342],[108.59332303166379,14.564308593966114],[108.59159115977029,14.564963768641674],[108.59026364473274,14.56536907916626],[108.58868435941939,14.565720985738455],[108.5870364100902,14.566285560264909],[108.58640317008015,14.566612671652846],[108.58581570695576,14.566745231389552],[108.58455685686008,14.566870163301859],[108.58374814121977,14.56714386750597],[108.58315304806163,14.567592094427372],[108.58185605117775,14.569172333434771],[108.58124570036787,14.569567154677435],[108.57989529696657,14.570063065118562],[108.57913998698574,14.570178459721614],[108.57769803110882,14.570154618300913],[108.57640866397935,14.570329141025457],[108.57559994789911,14.57056660542077],[108.57485989724235,14.570907067607418],[108.57332638794459,14.572095345262307],[108.57295254841502,14.57262463538651],[108.57276944243006,14.573266457770664],[108.57281521965994,14.576122712112427],[108.57260159678951,14.576470803649874],[108.570984164305,14.577989054077516],[108.57026700119047,14.578329514770846],[108.56965664960934,14.578516435474677],[108.56690243816392,14.578775835169235],[108.56629208667889,14.578976106522624],[108.56394223301324,14.581511927113949],[108.56275204731664,14.582581949051502],[108.56153897464749,14.583542298947831],[108.56024197716921,14.584160279989879],[108.5595553310443,14.58422989849308],[108.55846432861917,14.584218454521462],[108.5578310886002,14.584387255518761],[108.55639676242843,14.585036707833629],[108.55513028246995,14.585397196696494],[108.55435971331875,14.585353328031228],[108.55353573916528,14.585120630799452],[108.5523226653345,14.58451314031532],[108.55171994369505,14.584365321080478],[108.55128506750785,14.584398700020987],[108.55094174577057,14.58470673658203],[108.55027798764068,14.586072398268186],[108.54912594917768,14.587665988109459],[108.54755429461919,14.589043093852835],[108.54662350705188,14.5883631238427],[108.54370144914029,14.586760950933819],[108.54244259895755,14.58594651275406],[108.54113797281545,14.584946108748923],[108.5373461637604,14.581683589506877],[108.53649930073273,14.580786181520562],[108.53309659025379,14.578331424325999],[108.53231076301402,14.577546549947952],[108.53202847579804,14.576874209108393],[108.53178433484646,14.575844241315634],[108.5297701741123,14.56900258154042],[108.52984646817579,14.56840176694917],[108.53006009117165,14.56810326672642],[108.53067807176991,14.567871523918932],[108.53092984195877,14.567603540461034],[108.53125027586306,14.566501093466213],[108.53131131218655,14.56595845272509],[108.53125790619433,14.565511179283444],[108.53102139540033,14.565086794711595],[108.53064755389143,14.56484360732081],[108.53016690212252,14.564180803855333],[108.52965573283606,14.562911463910764],[108.52954129224482,14.562343073352894],[108.52956417963081,14.560485315458333],[108.52933529785865,14.55847497059528],[108.52892331079435,14.557269525282566],[108.52854184088106,14.555648279434966],[108.52823666596765,14.555283022242183],[108.52667263985043,14.554726076320227],[108.52605465873204,14.55474991861434],[108.52528408918356,14.55492348780811],[108.52464322017585,14.55482525832049],[108.52430752608075,14.554672670794677],[108.52384976336421,14.554307413237424],[108.52326992912201,14.553491068656479],[108.52281216520913,14.553157282761855],[108.52195767354165,14.552789163729924],[108.51983670143053,14.552256060227778],[108.51842526317667,14.552150202610367],[108.51720456028427,14.551570368222682],[108.513428010545,14.550480318929317],[108.51214627118371,14.549837541549882],[108.5095522772787,14.54803986552604],[108.5052187807301,14.544818354906337],[108.50466946496847,14.544660997506897],[108.50046566774635,14.544327211853112],[108.49729946928268,14.543732118860582],[108.49411038272262,14.543594789847187],[108.48901394649587,14.544052554046427],[108.48403195246937,14.545074893560853],[108.47918728591681,14.545975161518921],[108.47547940014098,14.546886875073353],[108.47448757940602,14.547296001194278],[108.47052029391493,14.548618747967684],[108.4652789004541,14.550264790522174],[108.4616015320921,14.551659062058183],[108.46054867474199,14.552149250526968],[108.45836666819811,14.552867368056061],[108.45563534506462,14.553338483242836],[108.45356015039957,14.553807691151784],[108.45175961318957,14.553892568266615],[108.45083645596341,14.554029897347897],[108.44204739408568,14.554317907136127],[108.44129971300445,14.554427579500663],[108.43834713721625,14.5553631341955],[108.43799618432502,14.555410817971147],[108.43380764718822,14.55950780317828],[108.43277767854174,14.559997991971061],[108.43096951243882,14.561094717246782],[108.42840603615484,14.563702064052356],[108.42710140975431,14.564911322986802],[108.42311123639185,14.566893057832536],[108.4188082579582,14.56875749144667],[108.4163592217528,14.570018249078286],[108.41551235852583,14.570802169621752],[108.41499356121163,14.571611839035642],[108.41453579673914,14.57253404243548],[108.41407803334518,14.575165229645602],[108.41389492774333,14.576950507537049],[108.41329220655018,14.580024200682882],[108.4121249084921,14.583641487392738],[108.41101101784122,14.586209732198682],[108.4092486270766,14.589624840253121],[108.40889004574707,14.589941460217414],[108.406585969113,14.591482599198564],[108.40586880575187,14.592206436531727],[108.4046938785119,14.593858200952797],[108.40260342467403,14.597210365838503],[108.40040615882447,14.598772485037474],[108.39810208170361,14.600779016825134],[108.3962862855336,14.601780374615057],[108.39375332710638,14.602381189404955],[108.39317349275322,14.601541955449129],[108.39285305835395,14.60067506549561],[108.39252499496047,14.600282151369811],[108.39207485999236,14.600008447311943],[108.39173153789082,14.60014291602466],[108.38993099978632,14.601471384281938],[108.38957241840308,14.601564844369495],[108.38899258501613,14.601616342889711],[108.38870266731172,14.601693589900142],[108.38808468650429,14.60195203569467],[108.38774136381781,14.602247675415924],[108.38748959330671,14.602371652855824],[108.387207307156,14.602414567602878],[108.38654354831344,14.602401217382507],[108.38587216256359,14.602209527945146],[108.38520077614699,14.601775606341397],[108.38480404644623,14.601436098399379],[108.38443783567512,14.601028879451379],[108.38390377816529,14.6002449588375],[108.38289669808289,14.598591288367436],[108.38259152215652,14.598415812313526],[108.38243130574976,14.598413904499404],[108.38189724787128,14.598672349999568],[108.38028744509816,14.599576433520157],[108.37969235207721,14.599852045525557],[108.37934140004316,14.59997506923533],[108.37867764374806,14.600048502712617],[108.37802151508885,14.600179155939475],[108.37725094607534,14.60042425059434],[108.37639645403463,14.601149042120458],[108.3754122620855,14.601169070344854],[108.37493161086867,14.600907763668955],[108.37445095808265,14.599995096300358],[108.37442807046563,14.59869809903529],[108.37158993499692,14.59482618227015],[108.37008694430801,14.592672785692402],[108.36940029878913,14.591196497392732],[108.36923245145934,14.589813669151956],[108.36832455409522,14.587989291418598],[108.3677447197584,14.58662076835157],[108.3670504448242,14.585623225533766],[108.36573818886055,14.584396798896424],[108.35978726127492,14.581825693664095],[108.35871151609322,14.580801447351904],[108.35823086378886,14.580061396493678],[108.35730770717201,14.574156244763955],[108.3569643850882,14.569751222815203],[108.3574374066041,14.568959673052534],[108.3585589274438,14.567416627680236],[108.35943630886997,14.565612275395251],[108.3592303147361,14.563321550202337],[108.35932949619077,14.562810380156233],[108.36138180330614,14.56154676263701],[108.36212185468473,14.560700852962457],[108.3630221233949,14.559415300126116],[108.36391476259224,14.55869146142305],[108.36667660375801,14.557209451274948],[108.36763790734626,14.556421715671824],[108.36934689164679,14.554326492717955],[108.37226131981787,14.551208931222545],[108.37355068741456,14.549390274279961],[108.3739092689418,14.548549133551308],[108.37406948589802,14.546718079178666],[108.37391689795106,14.544210869073394],[108.37344387592759,14.54112001098486],[108.37223843164017,14.538217025473346],[108.37178066788078,14.537539916470795],[108.37148312195792,14.536894280162677],[108.37281063566984,14.535586791296762],[108.37390926827224,14.534323173848188],[108.37474087235695,14.533705192713342],[108.37528255975323,14.532975631218363],[108.37650326241659,14.530017332982164],[108.37697628573272,14.529663520261442],[108.37784603673016,14.528433280574841],[108.38202694470874,14.526754812656785],[108.3830111365776,14.5261158516262],[108.38384274037293,14.524894194357568],[108.38407925167259,14.523687796905797],[108.38401058587374,14.52217812929523],[108.38327816456938,14.520358519482677],[108.38159969761752,14.51657433988784],[108.3799975244369,14.513752417300593],[108.3784716455182,14.511879400473287],[108.37644985554967,14.509998755664824],[108.3754427757664,14.509209112451357],[108.36893490205584,14.5035481025097],[108.36823299703616,14.502849058721841],[108.36682155904471,14.500826315289528],[108.36581447886792,14.499006704283037],[108.36551693281224,14.498085455499309],[108.36398342422932,14.494748549425225],[108.36322811499265,14.49426217555931],[108.3320391476198,14.463023618878333],[108.33200100049798,14.461929754473498],[108.33185604179985,14.46120686899907],[108.33123043148089,14.459924176829796],[108.33028438592915,14.458754972838678],[108.32910183028413,14.458133177445166],[108.32776668607839,14.457832769239003],[108.327003745886,14.45777936382007],[108.32669094083212,14.457689718352075],[108.32582882044463,14.455725149070796],[108.32473018706158,14.454447226283895],[108.32428768221149,14.453458264737586],[108.32355525935262,14.448723271956835],[108.32382991788901,14.4469246429017],[108.32381465832427,14.443792775328037],[108.32357051891181,14.441891149567464],[108.31890132779937,14.43813271849207],[108.31819179550025,14.43714375829008],[108.31713893791445,14.434827283250444],[108.31651332823743,14.43414540611945],[108.31536128908797,14.433564618135893],[108.3138048926938,14.433119252198573],[108.31301143609885,14.432631926021363],[108.3124773779682,14.432076886246548],[108.31153896229463,14.430080846788208],[108.31005886003696,14.427389577368299],[108.30914333290846,14.425307706534742],[108.30772426395389,14.423357442618048],[108.3061983858194,14.421831563113631],[108.30425288989632,14.420487836590567],[108.30117824434942,14.419167951437407],[108.29977443471992,14.418798879865653],[108.29831722118878,14.418010190303807],[108.29759242798934,14.417039350855818],[108.29565456188132,14.413489774557414],[108.29480769827526,14.411059812792113],[108.29367854873118,14.408981755112075],[108.2927782806263,14.407926038288966],[108.29183223557159,14.406625226260418],[108.29169490599116,14.40574021656769],[108.29183986423396,14.404496624917329],[108.29222896337969,14.403760387997506],[108.29367854820366,14.402859166333956],[108.29464748080967,14.400862172358098],[108.29526546175148,14.400553181596987],[108.29557826695778,14.400276615908837],[108.29583003693354,14.399917080417174],[108.29625728300819,14.398391201798233],[108.2966082360525,14.397586300472494],[108.296409870792,14.395204975209552],[108.29686763487938,14.393627598616922],[108.2968065995791,14.392642452585479],[108.29654719993708,14.391982510243329],[108.29595210782492,14.391300632274449],[108.29407527681518,14.390219166908926],[108.2915346878902,14.38938184047463],[108.28992488579865,14.388971760408726],[108.28828456518737,14.388811542284934],[108.28730037341487,14.38838334344699],[108.2861635936523,14.388108685528463],[108.2848437086001,14.388246014808049],[108.28177669233358,14.388923122785968],[108.28121974636068,14.388828710257211],[108.28037288347132,14.388423397716979],[108.27768733623247,14.386537984172188],[108.27560451066041,14.38602490663198],[108.27501704811445,14.386016323746208],[108.27446010253902,14.386098340367182],[108.27285029991137,14.38758702638948],[108.27215602527858,14.387795879841725],[108.2700045359192,14.388041928375292],[108.26937129576417,14.387775853706168],[108.26828029330267,14.386887029710978],[108.26718928897776,14.38635106461414],[108.26656367873078,14.38634724983142],[108.26464107090227,14.387009099536918],[108.2622072950942,14.388774350667585],[108.25989558826653,14.39010949506718],[108.25884273200599,14.39035935817606],[108.2573626286156,14.390080885435765],[108.25515010448522,14.389879660035746],[108.25244929874528,14.390014128468923],[108.25193049971908,14.39048905814748],[108.25126674300236,14.391569570883478],[108.25045802656622,14.392148451121269],[108.24991633997566,14.3924116651119],[108.24884059518624,14.39379067866688],[108.24679591750346,14.395533041429442],[108.24514033931953,14.396419958777168],[108.24414851806313,14.397049384049732],[108.24348475992166,14.397362188591952],[108.24310329118798,14.39735837445404],[108.24223353999987,14.396653609110633],[108.24126460685673,14.39525361620155],[108.2404558909105,14.393962339444405],[108.23970058091894,14.392937141149954],[108.23894527023312,14.39228768794669],[108.23826625493777,14.391985373687483],[108.23750331450972,14.391764121284313],[108.23510768408205,14.390669302485229],[108.23396327566108,14.389960722896893],[108.23236873203497,14.389324621790502],[108.23165919794963,14.390464263422777],[108.23055293665254,14.391414123394782],[108.22933986230655,14.391935783078935],[108.22835566994183,14.391922431253517],[108.22712733862392,14.39134545794295],[108.22596004010217,14.390587286971039],[108.2252199896356,14.390312629666818],[108.22198512623335,14.391074615068398],[108.2206118349745,14.391004043884415],[108.21952846133377,14.39045758759886],[108.21790339961737,14.388941245153037],[108.21629359690434,14.38809724347057],[108.21368434404208,14.386567550766436],[108.21281459259727,14.386451202549333],[108.21199824816199,14.386696296902782],[108.21046473984993,14.386891800197455],[108.20999934672562,14.386914687939681],[108.20934321885235,14.386743026465448],[108.2088015317861,14.386179404931292],[108.20813014450238,14.385289626436503],[108.20740535305525,14.38412900550742],[108.20655848914247,14.383063750507857],[108.20566585054556,14.38165517341667],[108.20488002260616,14.381335694049941],[108.20424678235584,14.380731063561559],[108.20417048819941,14.380301911116206],[108.20444514707292,14.379872756456091],[108.20460536455687,14.379465537880385],[108.20458247628066,14.37839742291715],[108.20413234089321,14.377671676511685],[108.20412471249337,14.377121407019871],[108.20400264229627,14.376845794807519],[108.20378138912008,14.376801925341052],[108.20301082034385,14.377109962428918],[108.20269038600473,14.376988845302078],[108.20265223947932,14.37673612167067],[108.20291163821138,14.376428084314227],[108.2033007371998,14.375613647663734],[108.20338466097158,14.375282722569889],[108.20332362662565,14.375073867726709],[108.20304133785812,14.374743896867075],[108.20280482705525,14.37477727452664],[108.20243861638004,14.375095801856135],[108.20163752928201,14.37535996980514],[108.20026423827763,14.375613647408782],[108.1994555235669,14.375954109089262],[108.19882991218437,14.376428084875547],[108.19840266602073,14.376548248117778],[108.19822719019216,14.376416641090076],[108.19825007802773,14.37616391744049],[108.19872310070924,14.375536399818658],[108.19887568884486,14.37390752369243],[108.1987765071024,14.373301940832993],[108.19862391864325,14.372993903891102],[108.19758632051098,14.372938590334766],[108.1962359178255,14.37313695500592],[108.19530513179431,14.372828918571534],[108.1948015921913,14.37284036287409],[108.19322993681013,14.373852211289096],[108.19285609585148,14.373907523667588],[108.19253566210546,14.373863655348606],[108.192146562639,14.373466926577777],[108.19181086854147,14.37254281581061],[108.19166591080352,14.371651130905118],[108.1896517501801,14.368943648886804],[108.18922450449827,14.368701415914355],[108.18894984584017,14.368734794690981],[108.18862941178602,14.36909814477235],[108.18836238304115,14.369328933710396],[108.18817927748697,14.369328934326475],[108.1878817309934,14.368800597924507],[108.18758418448378,14.367997604569423],[108.18749263181584,14.367964225660172],[108.18715693848382,14.368581253085358],[108.18698909171218,14.368625122025534],[108.18669154533877,14.368569809363363],[108.18600489910844,14.368855911098722],[108.18529536543073,14.368877846384462],[108.18415095640673,14.368261771752103],[108.18355586305104,14.368129211954813],[108.18313624726768,14.368129212397976],[108.18296077127728,14.368360954096614],[108.18273951851053,14.369131523242379],[108.18223597840725,14.369372803505142],[108.18202235578585,14.369362311796744],[108.18136622746206,14.368955094176824],[108.18069484014926,14.368030983084022],[108.18058040046506,14.368008094759144],[108.18030574171905,14.368206459189254],[108.17998530764183,14.368272263196042],[108.17893245065065,14.36796422588016],[108.17840602275948,14.367964226532065],[108.17788722352368,14.368129212307066],[108.1774828650011,14.368151146267085],[108.17714717213637,14.36807485199642],[108.17678859036222,14.367689568629183],[108.17633845669724,14.366863686299657],[108.17599513329142,14.366567093182695],[108.17574336340839,14.36659951833351],[108.17547633501525,14.366853195471625],[108.17525508225859,14.367149788015121],[108.17509486500622,14.367161232763848],[108.17458369567224,14.367006737762246],[108.1725924231413,14.366952377407772],[108.17195155378754,14.367183167913163],[108.17015864676449,14.368096787262207],[108.16980769417412,14.36819596929802],[108.16908290207718,14.367600876271856],[108.1675341349136,14.365873772171396],[108.16597010898249,14.364487129711815],[108.16540553361247,14.364420372222833],[108.16468837081688,14.364420372220101],[108.16433741875845,14.364739853795747],[108.1640322429906,14.36481710192031],[108.16344477855347,14.364608246784764],[108.16318537999156,14.364354569661876],[108.1630327914549,14.36351819624432],[108.16308619744977,14.363055664738416],[108.16273524626965,14.36268182478113],[108.16251399305717,14.361867387027887],[108.16207148735069,14.361812073810118],[108.16175105329295,14.361889321329501],[108.16124751353543,14.362417656964707],[108.16089656183927,14.362858255119743],[108.16057612676103,14.36304517472433],[108.16040065097702,14.363055664443145],[108.15990473994268,14.362659889869656],[108.1595080114617,14.361768204781947],[108.15876796036338,14.360810715970619],[108.15836360303969,14.359809357670128],[108.15809657400774,14.359028299089047],[108.15768458616863,14.358643014109832],[108.15724971035748,14.3580050054489],[108.15726496978805,14.357740837999385],[108.1576693277487,14.357101875551598],[108.15772273368935,14.356849152280422],[108.15771510314589,14.356419998966022],[108.15751673931133,14.356309372758949],[108.15722682227472,14.356276947313761],[108.15644099419266,14.355242211513415],[108.15631892411852,14.354614693446438],[108.15543391438665,14.353591400206819],[108.1550829626689,14.353448349458585],[108.1546404574762,14.353448349695066],[108.15371729998354,14.353316742661308],[108.15263392666569,14.353426416008542],[108.15219142227,14.353553253781545],[108.15174891742734,14.353529411303255],[108.15165736380725,14.353414971549585],[108.15159632870275,14.352874237611818],[108.15138270578367,14.352667290709078],[108.15124537723057,14.352431732697234],[108.15113093569609,14.352040726251559],[108.15117671247054,14.351781326639452],[108.15154292313882,14.351028877882092],[108.15180232227758,14.350758034423222],[108.15200068747299,14.350620705819036],[108.1522982326841,14.350522476498016],[108.15262629681277,14.350488144243316],[108.15327479570718,14.350522476560988],[108.15364863633798,14.35041661922335],[108.15393092332918,14.350205856620832],[108.15405299393517,14.349930245425737],[108.1540911409223,14.349666077492218],[108.15404536396571,14.349315125129422],[108.15393092289362,14.34907384507779],[108.15360285867476,14.348780113309248],[108.15300013695388,14.348578888419478],[108.15211512781956,14.34853311217734],[108.14937617462174,14.348975617563154],[108.14888026401388,14.348958450866354],[108.14865138170883,14.348906952935991],[108.14844538850487,14.348762948084525],[108.14800288418017,14.347975212254182],[108.14772059605932,14.347733933791767],[108.14737727398658,14.347555596194294],[108.14695765666364,14.347464043754158],[108.14653041100861,14.347498375235766],[108.14601924126713,14.34766526902355],[108.14572932385688,14.347855049828894],[108.14531733703112,14.348618942916309],[108.1452715607057,14.348844010540711],[108.14528681869724,14.34942479799029],[108.14524867149036,14.349613625919275],[108.14515711986736,14.349930245543854],[108.14496638463295,14.350321252294954],[108.14428736868823,14.350936371907189],[108.14373042265862,14.35192533184589],[108.14235713203543,14.353001076968212],[108.14221217321273,14.353167970515685],[108.14215876822426,14.353357750863236],[108.14216639725373,14.353540857115684],[108.14225794978238,14.353724916023392],[108.14246394300494,14.353961427286986],[108.14309718334214,14.35448976287895],[108.14379145849708,14.354731041835299],[108.14459254524255,14.354673821883228],[108.14492823847124,14.354690988030752],[108.14515711998529,14.35478349439805],[108.1453173375718,14.354933221091116],[108.14550044250613,14.35560556060323],[108.14604975924382,14.356099565299097],[108.14632441703861,14.356214958677736],[108.14653804047131,14.356226403312817],[108.14734675649721,14.355761010033603],[108.14779689049895,14.355651338051215],[108.1480028838892,14.355662781891699],[108.14811732553939,14.355818230886639],[108.14811732535638,14.356123406582574],[108.14753749153252,14.357095200633491],[108.14751460319185,14.357330757846169],[108.14754511992125,14.357514817448536],[108.14836909526181,14.358107049213514],[108.14877345374488,14.35852666614606],[108.14961268611758,14.359578568863535],[108.14968135180239,14.359872300267353],[108.14964320428157,14.360102135740533],[108.14957453968313,14.360251862818018],[108.14943721077422,14.360343414828325],[108.14912440535728,14.360372026466438],[108.14837672403347,14.360349137813483],[108.14756037980447,14.36026330757661],[108.14643885847087,14.360032518532028],[108.14489771991626,14.359532792112974],[108.1429980015449,14.359417398140208],[108.1418764800937,14.359504182089402],[108.14073969997747,14.359992463799369],[108.1403277135977,14.360119302805831],[108.13980891427134,14.360210855906393],[108.13959529132492,14.360182245607461],[108.13945796254946,14.360107858371883],[108.139251967753,14.359262902334132],[108.13934352069907,14.358486612074],[108.13967158539728,14.357302148027063],[108.1396410673919,14.357095200957303],[108.13952662678997,14.35692258612218],[108.13899256948521,14.356577356239784],[108.13862635821346,14.356393296527674],[108.138405106354,14.356381852075373],[108.13800074804341,14.356534440289325],[108.13759639027644,14.356580217794335],[108.13675715626518,14.356614549185176],[108.13650538557347,14.356534440368108],[108.13599421669423,14.355682809736784],[108.13514735376087,14.355303247061709],[108.13460566734967,14.355338533707645],[108.13372065679593,14.355775316585706],[108.1329272002261,14.35609670414265],[108.12702967751093,14.35667176962306],[108.12581660484365,14.35716672713067],[108.12417628463606,14.358051736790816],[108.12164332570845,14.359903773315732],[108.11969783006703,14.36198469051849],[108.1182863923823,14.363008936722355],[108.11753871170328,14.363295992100031],[108.11685969513942,14.363411387115537],[108.11597468570925,14.363411387382456],[108.11545588667062,14.36330743651457],[108.11405207780994,14.362329920733265],[108.11288478046936,14.361260851356786],[108.11253382885658,14.360593279534877],[108.11225917056362,14.359190424163957],[108.11200740093517,14.358374079333567],[108.11103083755826,14.356832941401658],[108.10851313773107,14.353475054738565],[108.1084749905923,14.352911433798536],[108.10871150093669,14.351728875980143],[108.109230300433,14.350722750581461],[108.10982539336271,14.350371798404812],[108.11035945065743,14.349920710641456],[108.11082484330909,14.349461993639258],[108.11215998743,14.347609957378243],[108.112388869524,14.346943338962564],[108.11239649945902,14.346276720124791],[108.11220576414321,14.345517596234771],[108.11137416014603,14.344747027267072],[108.11068751361238,14.344429452562082],[108.11016871482995,14.34441038038093],[108.10876490712589,14.345021684892755],[108.10845210225669,14.345401247536781],[108.10792567319706,14.345491846205675],[108.10731532198005,14.345292528101464],[108.1069719987037,14.345335443980147],[108.10676600472783,14.345263917838192],[108.10638453620926,14.344903428822816],[108.10575892533754,14.34441514853663],[108.10458399877052,14.343636950237185],[108.10423304553844,14.343148669030473],[108.10385920564597,14.342371424103867],[108.1037676525698,14.341864069546618],[108.10433222865959,14.340577563317497],[108.10435511633003,14.339908083493723],[108.10453822123712,14.339395959820207],[108.10462977457514,14.338710268077602],[108.1045305930194,14.338009317780406],[108.10435511687393,14.337639291826765],[108.10389735254455,14.33736367967863],[108.10353114172835,14.337331255380159],[108.10306574854097,14.33759923775436],[108.10276057226245,14.337680300262534],[108.10249354442571,14.337557276235119],[108.10195185773821,14.336996516367565],[108.10028101901239,14.335864504051283],[108.10003687834511,14.335604150811806],[108.0993731212167,14.335305650958295],[108.09796931368619,14.335098704292523],[108.09693934442333,14.335029085087369],[108.09617640509308,14.334753473773668],[108.09555079541984,14.334672411048563],[108.09402491663961,14.3347878064868],[108.09201075562045,14.334626635350507],[108.08525111211192,14.334328135835781],[108.08197047171475,14.33424039727012],[108.0804903701119,14.334051569665093],[108.07965113561066,14.333718737874408],[108.0790407844549,14.333132228189822],[108.07852961435148,14.332476099894043],[108.07811762818075,14.331545314005686],[108.07800318690553,14.330602129803786],[108.07802607440296,14.329877338022232],[108.07829310388408,14.32917638647668],[108.07878138459462,14.328497370350203],[108.08054377497072,14.327002009168247],[108.08162714895477,14.326358279754974],[108.082741040145,14.32599016027279],[108.08629633820951,14.324978312459569],[108.08702876058503,14.32456441723978],[108.08753992980606,14.32409330197884],[108.08775355243657,14.32359834534228],[108.08811976312761,14.320849855772101],[108.08798243441298,14.319746454409614],[108.08740260025768,14.317767580095577],[108.08861567426646,14.316723306247948],[108.08889796134562,14.316149194440568],[108.08905817905354,14.315579850775515],[108.08911921415903,14.315151651640743],[108.0890276614226,14.314817865413316],[108.08889033203549,14.314688165666814],[108.08795954584791,14.3145422533482],[108.08589197998592,14.313476045265224],[108.08457209493858,14.312970597821389],[108.08401514915649,14.312912424018956],[108.08193232410957,14.313739259666841],[108.08106257347735,14.313600023450057],[108.08056666326601,14.31315275012069],[108.08073450870964,14.312248666401516],[108.08126093816145,14.31062646639679],[108.08120753183516,14.31034131815617],[108.08021571013202,14.309528787944087],[108.07302882027064,14.305377443652734],[108.0723726926291,14.303068597389574],[108.0730517079445,14.301676233705482],[108.07318903686553,14.301215608254672],[108.0731737780834,14.30056901782748],[108.07283808541868,14.299968202811032],[108.07159449443549,14.299332101938155],[108.07125879990966,14.299042185061651],[108.0708697012347,14.298495729553148],[108.07087733140987,14.298138101626991],[108.07098414182008,14.297898729459876],[108.07119776488233,14.2975773406551],[108.0715334590091,14.29729219247717],[108.07186915189317,14.296679933902602],[108.07204462841378,14.296017129258479],[108.072075146081,14.295458276420128],[108.0720751457748,14.294992882998674],[108.07195307474949,14.294446428612282],[108.07156397580786,14.293718774416991],[108.07043482600047,14.292720277748467],[108.06983973257009,14.291758020005132],[108.06925226963347,14.29022165051005],[108.06839777689308,14.288739639877095],[108.06787134859253,14.288138826327124],[108.06691767471047,14.286263902115405],[108.06700922752138,14.285463769438323],[108.06861902987521,14.283723313928265],[108.0686495460373,14.283515413431331],[108.0665285752838,14.281523186985003],[108.06519343166207,14.279879052063762],[108.06460596703361,14.278293092039048],[108.06443049068623,14.27748819093581],[108.06447626809104,14.276273209537855],[108.0617373144261,14.272617775789664],[108.0609057107093,14.271316010754884],[108.05957819558616,14.269590813630233],[108.05864740996219,14.26776929559309],[108.0600130717695,14.265515762488468],[108.05893732601858,14.265486199880916],[108.05667139651914,14.26621194604523],[108.05445887231531,14.267743546578336],[108.05022455889396,14.271310289281809],[108.04881312078292,14.272227723562047],[108.04564692134736,14.272964914962047],[108.04355646754948,14.276512582684068],[108.04299952123306,14.27688737723008],[108.03974177050362,14.276743372108044],[108.03730036363484,14.274800737640227],[108.03474451615709,14.273549517276802],[108.03489710448306,14.271742303890422],[108.03478266326607,14.270498712960585],[108.03438593542205,14.268556077467375],[108.03381373007862,14.267589051839353],[108.03337122463022,14.267168482200377],[108.0309450776258,14.26605268310843],[108.02960230373931,14.263296563580687],[108.02896143426491,14.26171060405922],[108.027580514145,14.259830911588702],[108.02439142772874,14.256324250985367],[108.02420832112225,14.254588564020134],[108.02371241137378,14.25385709556944],[108.02237726716898,14.252650697439027],[108.01964594289396,14.25080629212773],[108.01748682528607,14.24943300052831],[108.01723505530941,14.24868245840706],[108.0173189777006,14.246432740297415],[108.01725031241118,14.245320756110697],[108.0170748369928,14.244462449325829],[108.01567102814332,14.242477853074464],[108.01425959042481,14.241244752450552],[108.01225305940265,14.240548570515504],[108.00992609427611,14.240128953292439],[108.00727869449496,14.239762743158892],[108.00456262965676,14.242727716649139],[108.00328089171855,14.243694741820132],[108.00045801515695,14.245095689937575],[107.99967981723044,14.245307406289152],[107.99528528635653,14.245041331691482],[107.99279810291777,14.245578249918035],[107.98940302191228,14.24593587806492],[107.9874117499024,14.245442827638055],[107.98403955773135,14.244353731724255],[107.98183466336889,14.243838747809418],[107.97995020272555,14.243155916745499],[107.97628809267032,14.239160976232762],[107.97504450156262,14.238555393325091],[107.97292352926178,14.237181147589508],[107.97150446224555,14.237692317182718],[107.9644320134724,14.239922008431849],[107.96232630004849,14.240764102494731],[107.95824457459076,14.240889987357173],[107.9564364087642,14.241100749505657],[107.95500971105388,14.241352520245483],[107.95121790208442,14.242699108492065],[107.95024896888154,14.242909871469887],[107.94940973571752,14.242993793880194],[107.94815088552741,14.242951832323042],[107.94734979958633,14.242657147292135],[107.94681574089536,14.242296658203797],[107.94157434700716,14.240988217245079],[107.93332697216887,14.24092146065477],[107.93244959110469,14.241255246555252],[107.93160272776313,14.241709195508731],[107.93125177570944,14.242113552938612],[107.93094659982843,14.242611371394233],[107.93080927072195,14.242770634793903],[107.93040491321644,14.243120634485447],[107.93025995479935,14.243195019728695],[107.92968775024683,14.24363847886714],[107.92950464499343,14.243883572766803],[107.92946649842115,14.244149648508833],[107.92917658100902,14.244476757768668],[107.92903925162304,14.244850599232798],[107.92885614630084,14.24498315912957],[107.92817712992927,14.245755635875383],[107.92813499470785,14.24610325044952],[107.92810846560864,14.246322118479746],[107.92796350744109,14.24665971889156],[107.92784906635113,14.246793233116065],[107.92786432480737,14.247095548164124],[107.92765070187747,14.24734731814209],[107.9276812199081,14.24766012344982],[107.9277651430441,14.24780317441845],[107.92765833070948,14.248098813546168],[107.92771936729358,14.248370611571872],[107.92740656077942,14.248534643702158],[107.9268953920638,14.248914205816252],[107.926811469011,14.249083005511006],[107.92684198653028,14.24934049713041],[107.92681909843772,14.249507390215621],[107.92663599355346,14.249727689020736],[107.92654444031554,14.249921285290396],[107.92637659361722,14.250068151757636],[107.92617059992136,14.250380956510776],[107.92584253596632,14.250550710711833],[107.9257280951926,14.250717603437929],[107.92566705957334,14.250743352446774],[107.92544580727754,14.250722372690698],[107.92518640846437,14.250874006687253],[107.92489649118697,14.251183950974445],[107.92471338489179,14.251492940909625],[107.92413355120024,14.251955472743854],[107.92390466883606,14.252235853601254],[107.92378259904794,14.252301656946633],[107.92357660485531,14.25232073048901],[107.92347742329623,14.252413236364722],[107.923454535,14.252619230367115],[107.9232714298576,14.252805196915494],[107.92314172980687,14.253004514886712],[107.92286707221865,14.253780805750472],[107.92268396598449,14.254062139969967],[107.92258478436116,14.254119359481692],[107.92240167972537,14.254356824810776],[107.92250086144305,14.254902326837732],[107.92247034353842,14.25507303469119],[107.92235590273759,14.255206548992525],[107.92229486771221,14.255374395791907],[107.92224909092916,14.25586267694593],[107.92206598522733,14.256082976123995],[107.92176843926138,14.256035292260806],[107.92164636951676,14.256067716548323],[107.92135645278907,14.256327116221156],[107.92124964026576,14.256375753583225],[107.92118097537377,14.256475889628328],[107.92105890540273,14.25686117431117],[107.92089105806981,14.256990873685835],[107.92071558192244,14.257290328017222],[107.92007471351987,14.257582152028183],[107.91932703341587,14.259940588576669],[107.91772486068355,14.261002028690998],[107.91496301921474,14.262238944468525],[107.91351343440746,14.262744391153415],[107.9123766540515,14.263860190582475],[107.91033197643378,14.265631163818519],[107.90413690853896,14.272873367310538],[107.90286279974545,14.274558509301205],[107.90139032684476,14.275719131519024],[107.89988733577255,14.27646395127331],[107.89707971847125,14.278212037307032],[107.8939135202645,14.279018844919436],[107.89115930903804,14.279270615278538],[107.88924433078874,14.279546227694922],[107.88719965302737,14.280190911101215],[107.88574243831071,14.280384507566131],[107.88491083458418,14.280271020657372],[107.8835070253764,14.28024813160443],[107.88003565193043,14.281918015424798],[107.8785479200203,14.282350983538944],[107.8768236770634,14.282354798606194],[107.8755495675969,14.280998673789437],[107.87480188650507,14.280103173474513],[107.87408472358658,14.27888723868798],[107.87374903000024,14.2776217130488],[107.87317682490863,14.276527848984264],[107.87279535499356,14.276242699497573],[107.87227655739433,14.276143517907274],[107.87168146428483,14.276174988826893],[107.8704149841729,14.27638670470295],[107.86892725217595,14.276819672744907],[107.8678438783831,14.276706185658528],[107.86681391055725,14.276452508922908],[107.8646853093204,14.2756333021979],[107.86276270240371,14.274206606535392],[107.86218286822083,14.273923363712022],[107.8607256530161,14.273353066785464],[107.86029077776405,14.273278679888719],[107.86003137793793,14.273742166515946],[107.85943628552818,14.274150339595119],[107.85871912221653,14.274418320942965],[107.85750604936385,14.274788347443177],[107.85653711609527,14.275379625519612],[107.85549188881211,14.275681940905336],[107.85369898120025,14.275662866427702],[107.85012842378327,14.275385348059332],[107.84953333029937,14.27377745301693],[107.84899927330157,14.272926776111277],[107.84763361136496,14.272301164938293],[107.84555841686742,14.271916835007072],[107.84334589176214,14.271652666822412],[107.84015680579114,14.27050348860347],[107.83844019148997,14.269511667696062],[107.83689905302981,14.268335787267054],[107.83616663113635,14.267195192512055],[107.835487615188,14.265839068180208],[107.83520532811328,14.26441141779809],[107.83532739784638,14.262773958709468],[107.83590723149808,14.26001021098278],[107.83651758255989,14.257372347734488],[107.83683038893075,14.254805055246914],[107.83721948747106,14.252433266945207],[107.83746362737199,14.249997582863745],[107.83770013948609,14.246839967180316],[107.83775354395253,14.245064225993065],[107.83792902041762,14.242432084453727],[107.83821130783052,14.240308251520762],[107.83828760150493,14.238138642477564],[107.8378298375705,14.234593834071998],[107.8369600869814,14.233104195075812],[107.83564783092297,14.232214417121543],[107.834472904259,14.231819596385847],[107.83397699345532,14.231796708471144],[107.83296228500035,14.232012238852262],[107.83132959355481,14.232587304668908],[107.8290865513311,14.233255829831931],[107.82881189365332,14.23323008071708],[107.82830835346728,14.23288580470259],[107.82791925412786,14.232062783538755],[107.82714868504958,14.229089226933828],[107.8268435088819,14.228336777878345],[107.8266298858109,14.227248635470598],[107.82507348978496,14.226173844251491],[107.82395959819505,14.224775757721327],[107.82353235206631,14.224316087032681],[107.82331109879034,14.224264588854401],[107.82318902872241,14.224305596959022],[107.82301355298532,14.224514452104506],[107.82263208349403,14.224848238157533],[107.82230401863353,14.224921670475865],[107.82180047937932,14.224900689525409],[107.82147241477925,14.224754777486723],[107.82120538736284,14.224347558477538],[107.82061029355718,14.222907509514606],[107.81989313101202,14.221759286439758],[107.81983972438569,14.221509423737869],[107.81995416616374,14.22124811649517],[107.82066369999903,14.220110383929992],[107.8210451689317,14.219421830790813],[107.8211519804953,14.218921151848445],[107.82111383398727,14.218503441737912],[107.82089258031655,14.217876877681489],[107.81987024232357,14.216823067131399],[107.8192217433198,14.215748276166838],[107.81788659936355,14.214029755087385],[107.81748987001657,14.213744607247543],[107.81711603000282,14.213692154680205],[107.81660486104347,14.213827576770889],[107.81562829808874,14.21422430517287],[107.81511712943323,14.214359726138989],[107.81473565919819,14.214328255726638],[107.81432367258843,14.21416136279166],[107.81338525609121,14.213118043562012],[107.81121850873103,14.212856736490316],[107.80850244441062,14.212470498800435],[107.80778528131773,14.21243998061682],[107.8073427766303,14.212470498498561],[107.80686212378393,14.21262785482025],[107.80648828416295,14.212805237762216],[107.80614496084648,14.213118043789008],[107.80596948494814,14.213379349653874],[107.80574823255024,14.213838067794645],[107.80554986801292,14.214099374242634],[107.8050310695957,14.214589563398317],[107.80427575901456,14.215226617295617],[107.80281854520376,14.21659323334265],[107.80133081315766,14.217823473176834],[107.80102092944755,14.218187059456287],[107.80065942624016,14.218611207915677],[107.800140627695,14.219150034374739],[107.79964471778563,14.219525781220499],[107.79920221262421,14.219797578265746],[107.79871393008005,14.219974962203223],[107.79747033965701,14.219880548663662],[107.79704309364257,14.219953981215987],[107.79660821792704,14.22019430718255],[107.79599786639157,14.220736948442251],[107.7953188505577,14.221216647025805],[107.79454828153935,14.221602885139731],[107.79408288801027,14.221738306599487],[107.79370141872694,14.221748796715097],[107.79184747499944,14.221081224641772],[107.7907106962958,14.220830409042145],[107.7902529321165,14.220830408696376],[107.7897417635071,14.22097632084685],[107.78883386560031,14.221404520674168],[107.78847528359302,14.221655336625473],[107.78788782029274,14.223199335725068],[107.78768945536525,14.223606555477835],[107.7873995382611,14.224066226279012],[107.78708673340398,14.224389521128492],[107.78620172355049,14.224995104583689],[107.78533197221932,14.225370851909974],[107.78469873361007,14.22556921597462],[107.78427148698655,14.225599734507345],[107.7836458759367,14.225474803732192],[107.7831957424518,14.22517248850235],[107.78266168403403,14.224326579036012],[107.78180719184776,14.222385852023654],[107.78146386939294,14.220935313103292],[107.78106714055842,14.219692675378809],[107.78067804181008,14.219109027335008],[107.77989984377133,14.218430009999459],[107.77939630363392,14.217866389442388],[107.77911401620733,14.217073886222659],[107.7788240984519,14.21654078254637],[107.77849603510118,14.216145007275736],[107.77818322974397,14.21596762306735],[107.77785516617388,14.215946642920171],[107.7775576185207,14.216029612195095],[107.77719140889496,14.216405359815965],[107.7767260150682,14.217251269521045],[107.77593255773006,14.218159167602414],[107.77508569619185,14.218774287003269],[107.77442956805221,14.219004122690723],[107.7738421040371,14.219098536112513],[107.77326989973255,14.219098536758489],[107.77249933089556,14.218816249587798],[107.77121759264205,14.21726175960292],[107.77080560474342,14.215748278483888],[107.77048517061655,14.215216128231434],[107.77004266538164,14.214798419288613],[107.76959253172926,14.214589564310899],[107.76733423082977,14.214391200168599],[107.76663995577152,14.21425577828293],[107.76602960354272,14.213848559469891],[107.76556421039702,14.213316409803761],[107.76526666401936,14.213232485155723],[107.76416803175624,14.213274447635408],[107.76381707908658,14.213170497707459],[107.76340509190503,14.212689845264338],[107.7630770284351,14.211834399641718],[107.76297784520781,14.21108290477022],[107.76360345588475,14.208745448516794],[107.76383233770625,14.207023112427963],[107.76374078471298,14.205457179329162],[107.76362634439732,14.20434138001711],[107.76338983309833,14.203735797503969],[107.76302362220495,14.20323511803763],[107.76265741090597,14.202889887705997],[107.76189447083001,14.202503649542878],[107.76084924421032,14.202211825511156],[107.76004815756717,14.202211825475924],[107.75943017709803,14.20231577680056],[107.75896478392603,14.202503649064235],[107.75828576791415,14.202868907673787],[107.75760675153721,14.203140704515791],[107.75617242575345,14.203339068443592],[107.75469232311563,14.203955142219682],[107.7532808850565,14.204434840652553],[107.75270868025527,14.204800097740899],[107.75068689048116,14.205853908310672],[107.74971795822943,14.206240146327113],[107.74851251257768,14.206919162402125],[107.74788690281848,14.207221476690385],[107.74685693450988,14.207492321441679],[107.74443078659723,14.207899540611265],[107.74334741263931,14.207951992021297],[107.74132562330969,14.207951991995056],[107.74050164904165,14.20817133715609],[107.73947930963811,14.208682506862575],[107.73776269685847,14.209256618959001],[107.73715997350162,14.209558933308413],[107.7368013930103,14.209820240381104],[107.73616052360023,14.210456341322562],[107.73562646573914,14.210895031847466],[107.73526025451399,14.211124866947747],[107.73370385870125,14.211739986908375],[107.73242211992135,14.212638347863791],[107.73138452263677,14.213201969818353],[107.73091913006381,14.213389844311372],[107.72826409973514,14.213838071612113],[107.72738671933334,14.21419856039465],[107.72648645031812,14.214762181151176],[107.7258608412109,14.215012044296701],[107.72381616259081,14.215450734291144],[107.72339654698428,14.21570059722207],[107.72304559485929,14.21572157731797],[107.72126794563876,14.21538779184887],[107.71983361909083,14.214908093983711],[107.71933007874155,14.214469403369309],[107.71824670435083,14.21409365558428],[107.7155916752468,14.213509053992016],[107.71402764916164,14.21359297640442],[107.7127993175913,14.213926762411447],[107.71102166803794,14.21474120086463],[107.70895410214456,14.215993376121821],[107.70805383318904,14.216619940019847],[107.70707727172937,14.21680781273376],[107.70407128901567,14.216619940504417],[107.701103455718,14.215784521015406],[107.6995394294465,14.215513677798153],[107.69808221505524,14.215847463116365],[107.69655633626867,14.216452093154345],[107.69511438061853,14.217308492393494],[107.6932756961429,14.219333143422716],[107.69177270529619,14.220460387268702],[107.69066644335776,14.220961065847204],[107.68931604069776,14.22133681377425],[107.68847680701728,14.221357795405705],[107.68776727355248,14.221127959245873],[107.6871416636141,14.220481368081266],[107.6868517465319,14.219791861570641],[107.68680596955339,14.21876952306527],[107.68710351595419,14.216160270321717],[107.68640924106792,14.213843795010565],[107.68463922088739,14.210337133943536],[107.68363977058735,14.206412763797589],[107.68292260771396,14.205682249589023],[107.68135858104812,14.204637976507723],[107.68016839521606,14.203636617545717],[107.67914605647523,14.202133627914701],[107.67820764085211,14.19996306444469],[107.67800164690907,14.198835821873113],[107.67820764112568,14.196999044273374],[107.67889428616746,14.194366903368039],[107.67915368585952,14.192080946636086],[107.67879510342993,14.190386267663243],[107.67816949340533,14.188435048924319],[107.67717767291408,14.186542959415972],[107.67540765198692,14.18461176878957],[107.67388940348796,14.182424992781016],[107.6720354599484,14.17832610142176],[107.67079949774892,14.175803632776873],[107.66938042942677,14.17436549169297],[107.66584802032199,14.172434300826904],[107.66252160417886,14.170167417499894],[107.66078210211485,14.168453665021865],[107.6594240699039,14.166600674639392],[107.65877557094826,14.165103406702332],[107.65837884245668,14.163643331005654],[107.6587984593736,14.162078351450457],[107.6598207978208,14.160053700949737],[107.66090417237187,14.157695264328746],[107.66107201866795,14.155732602415977],[107.66061425484205,14.152601689586222],[107.66042352000491,14.149972409744041],[107.66063714284267,14.147592038602497],[107.66144585802088,14.145358532659916],[107.66397118846308,14.14147707785967],[107.6647646450068,14.140370815618224],[107.66506219160411,14.139117687591792],[107.66516137333493,14.137553661237465],[107.66468072084072,14.135477512615708],[107.663963557761,14.134239643747199],[107.66282677780504,14.133381336251281],[107.6618044397421,14.132043331180265],[107.66108727632448,14.130706279482423],[107.66075158273935,14.128849476472219],[107.66055321885791,14.127152889163039],[107.6605532185917,14.121622531804253],[107.66033196536918,14.120265452644606],[107.6593325151541,14.118388621651913],[107.65855431718525,14.116692034744453],[107.65807366452734,14.114975421503352],[107.657852411459,14.112160174903453],[107.65771508254987,14.107328860267218],[107.6578981886767,14.105692355548245],[107.65795159330935,14.104195086270716],[107.65763878798542,14.103415934055468],[107.6568758497355,14.102697817045375],[107.65593743337551,14.102358309110542],[107.65438103771356,14.102158991682616],[107.6529467114881,14.102138964462904],[107.65136742655298,14.102058856906806],[107.65039086316737,14.101918666919339],[107.6498491762732,14.101560084378493],[107.64904809061646,14.100681750553534],[107.6485292912623,14.099144427882056],[107.64833092739718,14.097926585815625],[107.64847588453718,14.097187487717084],[107.64897179549683,14.096349208369748],[107.65156578982861,14.093594041956226],[107.65483880017547,14.090600459243795],[107.65608239144179,14.088743655047354],[107.6572802065307,14.086487260969534],[107.65735650086387,14.085010019524415],[107.65725731797389,14.08367296860102],[107.65673851950751,14.082634416232787],[107.65596032019155,14.081736055537883],[107.65408348929449,14.080119577230185],[107.65272545682987,14.078662363749343],[107.65168785943591,14.077444521890255],[107.650909660959,14.07606646195782],[107.65076470335491,14.075128999854906],[107.65081047877806,14.073651758460496],[107.65103173219336,14.07079645719361],[107.65082573806919,14.069159952153555],[107.65046715597192,14.067582573839655],[107.64997124527127,14.066544023534336],[107.64899468297081,14.065606561164014],[107.64857506548955,14.065307108493236],[107.64629387715308,14.064467874344583],[107.64434075284703,14.064109293506172],[107.64294457195797,14.06347033169407],[107.64186119787664,14.06265207840795],[107.6384737471214,14.059098688327492],[107.6358797524376,14.05506559925719],[107.63463616190096,14.054028000994654],[107.63342308793452,14.053688493646781],[107.63228630774539,14.053668466813638],[107.63106560481198,14.053967920158666],[107.62821221042492,14.055045572925952],[107.62567162233334,14.05590388015562],[107.62417626206334,14.056882349594725],[107.6226580116219,14.058639018205675],[107.62168145012373,14.0599569961574],[107.62062096427053,14.060753314675836],[107.61849999148455,14.061674563615902],[107.61703514855593,14.06297060674136],[107.61617302660567,14.063673464597507],[107.61523461124165,14.063849894954679],[107.61459374155616,14.063769787055772],[107.61397576097312,14.063410250232534],[107.61396929981863,14.063401123255593],[107.61359429192791,14.062871424999196],[107.61333489194405,14.060735194433775],[107.61351799710351,14.056982484989524],[107.61338066801989,14.055284945017078],[107.61280083469886,14.053608386363795],[107.6115572421903,14.051911799127879],[107.60998558747345,14.05051371359122],[107.60551476225295,14.048957316516324],[107.60399651218904,14.048118083547875]]],[[[108.95423920312794,15.192766631538694],[108.95402558002698,15.19301554034987],[108.95382721626717,15.19306989934026],[108.95364411008272,15.193045104695296],[108.95359070469326,15.192978346533916],[108.95359070473349,15.192888701827192],[108.95368988741295,15.192306960896838],[108.95365173990862,15.192195380081143],[108.95353729916289,15.192160094394827],[108.95308716477125,15.19222303671931],[108.95295746535731,15.192334616394186],[108.95288117089733,15.19249006508721],[108.95282776514641,15.193181479508832],[108.95263703028176,15.19344850896131],[108.95265991846082,15.193567717774297],[108.95294983543003,15.193928206889002],[108.95311768220986,15.194044554672544],[108.9532244944404,15.194075072255927],[108.95330841752666,15.194046462603364],[108.95333130536213,15.193986380926857],[108.95329315854309,15.193811858223928],[108.95307190610066,15.193576300574861],[108.95307190674575,15.193497145983091],[108.95321686473176,15.193463767725294],[108.95336945214932,15.193484747919157],[108.9536212225755,15.193765128314665],[108.95377381026863,15.19382616338228],[108.95417816878498,15.193481886550822],[108.95459015551711,15.193431342852902],[108.95465119052491,15.19325300527131],[108.95462830252764,15.192894423485438],[108.9544757145475,15.192723715341794],[108.95433838539695,15.192707503529903],[108.95423920312794,15.192766631538694]]],[[[108.93241150738413,15.252544848275695],[108.93215210879532,15.252479998407146],[108.93189270829953,15.252530543447937],[108.93163330907169,15.252778497772445],[108.93129761610477,15.253291574707497],[108.93121369231307,15.25356718694136],[108.93121369272538,15.253665415169122],[108.93125946905411,15.25374552408088],[108.93141968647825,15.253756968340111],[108.93154175678683,15.253713098766749],[108.93183167375955,15.253902880446251],[108.93197663268295,15.253806559016633],[108.93206818404825,15.253182855646937],[108.93223603102501,15.25319334708905],[108.93226654980812,15.253318278339371],[108.93247254257973,15.253320185459792],[108.93253357873166,15.253267732680191],[108.9326327604297,15.253277270128251],[108.93297608265424,15.253529994423587],[108.93309052338019,15.253530946658318],[108.93314392953523,15.253415552915591],[108.93281586556643,15.252967325744336],[108.93241150738413,15.252544848275695]]],[[[109.11803468544088,15.369695153046845],[109.11723359893435,15.37009378938823],[109.11697419919882,15.370143380769276],[109.11644014217369,15.370104279883748],[109.11622651874038,15.370283570155504],[109.11584504940048,15.370444741663048],[109.11541017317946,15.370738473722449],[109.11513551530341,15.371197190408674],[109.11502107405565,15.371827569674831],[109.11493715116835,15.372062172280401],[109.11454805245363,15.372455086355323],[109.11418947036496,15.372531380283602],[109.11273988495059,15.372638192876924],[109.10872682365687,15.373346772665755],[109.1071246511826,15.373534646657385],[109.10590394797049,15.373881784437735],[109.10430940385204,15.374434914819956],[109.10305055367003,15.374979463067625],[109.1022418393839,15.375129190327343],[109.10177644476998,15.375328508557182],[109.10160096879785,15.375338045702394],[109.10142549271993,15.375233141100654],[109.10021242029039,15.375643221746433],[109.09981569113224,15.37566706216071],[109.09957917957452,15.375615564718245],[109.09854158150222,15.375188318105058],[109.0978396781675,15.374770609114469],[109.09760316660878,15.374738184301034],[109.09735902550666,15.374756303351525],[109.09712251466065,15.374873605601849],[109.09707673806943,15.375014749794907],[109.0971759209978,15.375359026607889],[109.09714540284887,15.375588861757539],[109.09703859065192,15.375833002309172],[109.09687837346961,15.376041856728234],[109.09639772212242,15.377822366486157],[109.09634431714352,15.379000154703782],[109.09609254739054,15.379591432598444],[109.09482606725078,15.381993738770774],[109.09433015601614,15.382621256672861],[109.09396394494743,15.383370844764814],[109.09388002175656,15.383825747294656],[109.09386476326162,15.384280649595226],[109.09398683377165,15.38440272036298],[109.09452089115382,15.384656397088653],[109.0955127132671,15.384839502785292],[109.09624513390003,15.38507887519653],[109.09642824002842,15.385247676152883],[109.09696992719377,15.386152713093864],[109.09815248355477,15.387907472760526],[109.09890016468536,15.389103380948175],[109.09896119991204,15.389348474983914],[109.09893068183906,15.389544931694028],[109.09895356968042,15.389667002077315],[109.09914430458149,15.38983103412654],[109.09932741068376,15.389915910932492],[109.09985383808664,15.389905421438348],[109.10079225441943,15.390120951259169],[109.10189851677673,15.390177218009876],[109.10354646602751,15.390327898922408],[109.10726961108662,15.390834299732312],[109.1108706844123,15.391641107910658],[109.11205324121981,15.391857591412478],[109.11320527930536,15.391913858547142],[109.114837969788,15.391819444514127],[109.11814149753263,15.391435114043775],[109.1193927180536,15.39108797626565],[109.12023958120122,15.390496698503233],[109.12101777879353,15.390064684521573],[109.12170442458518,15.38978335010108],[109.12236055325468,15.38962408643684],[109.12294038682369,15.389773813591713],[109.12334474528994,15.390102830855675],[109.12368806826026,15.39050623544958],[109.12377199147487,15.390900102524107],[109.12400087278084,15.391219583105105],[109.12425264281396,15.39126631320926],[109.12469514852408,15.391068902834474],[109.12510713464638,15.391022173522115],[109.1256030462798,15.391313043063235],[109.12711366577459,15.391200510382495],[109.12799867533133,15.391266312628265],[109.12902101456442,15.390937296310033],[109.1301730535233,15.390271631268547],[109.13093599186513,15.389675583838612],[109.1317065612225,15.389296975772458],[109.132156694976,15.389154878267878],[109.1327365289073,15.389196840194826],[109.13329347523035,15.388880219742251],[109.13362153893517,15.388780083925043],[109.13406404460285,15.388812508465122],[109.13433107353276,15.388626542995935],[109.13524660028129,15.388469185920245],[109.13583406444438,15.388532128642206],[109.13687166101252,15.388349976887964],[109.13824495217375,15.388266053893613],[109.1398166083059,15.3886446614122],[109.14053377091615,15.388773408305255],[109.14112886297303,15.388802018036298],[109.14166292098005,15.388437714121888],[109.1419680973442,15.388157334216714],[109.14237245553218,15.388157334199086],[109.1426089659215,15.38809439176072],[109.14270051910415,15.387821641246623],[109.14270051956139,15.38751265043182],[109.14289125424573,15.387260880627377],[109.14298280667023,15.387001481015531],[109.14289125422943,15.386777367248134],[109.14286073628286,15.386350121001215],[109.14305147138393,15.385880913441271],[109.1430667306621,15.385558570841551],[109.14299806536322,15.385191407349133],[109.14287599534958,15.384850944775758],[109.14263185425322,15.384592498966006],[109.14152559208492,15.384080376554358],[109.14047273573726,15.38337370410785],[109.14013704243824,15.382967437881485],[109.13987764266336,15.382525886810893],[109.13966402016294,15.381958451450792],[109.13964876100142,15.381342377311853],[109.13973268384927,15.38083788428727],[109.1398242369598,15.380531753817651],[109.14009126610259,15.37993379985949],[109.14025911195561,15.379738297061907],[109.1404803648846,15.379744972772718],[109.14098390535969,15.378806556755276],[109.14095338677663,15.378568138726914],[109.14073213495253,15.37802549800835],[109.1407397641217,15.377877677810151],[109.14060243471744,15.377709831938594],[109.13993104741876,15.377590622381716],[109.13825258217499,15.377387489914389],[109.13691743781412,15.377296890748502],[109.13655885577418,15.377437080684782],[109.13623842212259,15.377661193732726],[109.1356433286561,15.37787100348616],[109.1352618590853,15.377948250598422],[109.13477357816788,15.37785002217994],[109.13418611415267,15.377521004021691],[109.1338809388479,15.377205337894882],[109.1324923884513,15.376141037819481],[109.1319659608472,15.375678505109086],[109.1310199155029,15.37546869702112],[109.13059266921813,15.37552496414305],[109.12989076465712,15.375257935087445],[109.12941011273666,15.374865974984138],[109.12892946112935,15.374285187214971],[109.12792238015976,15.372660126178216],[109.12748750527132,15.37216898432753],[109.12635072524563,15.371272529802196],[109.12552675109784,15.370708909350167],[109.12258943418276,15.369609322168667],[109.1217196831181,15.3694204955663],[109.12120088414481,15.369356598701321],[109.1207583792191,15.369343247466757],[109.11998018138704,15.369433846178772],[109.11976655805968,15.369343247653829],[109.11943086434225,15.369125809234188],[109.11905702371621,15.36928698002556],[109.11918672444222,15.369504418222473],[109.11919435293807,15.369686570606257],[109.11904939476928,15.369847741388886],[109.11878236564957,15.369923081401861],[109.11837800770262,15.369898285000811],[109.11828645542057,15.369842019070902],[109.11839326671517,15.369656052195468],[109.11833223190179,15.369586434277467],[109.11803468544088,15.369695153046845]]],[[[108.7731631581948,15.392424087456495],[108.77339966900779,15.392425994436643],[108.77371247525282,15.39226005515364],[108.77370484476846,15.392043571348761],[108.77333863358626,15.391774635084587],[108.7729495346722,15.391374091774018],[108.77265961783213,15.391145210772558],[108.77186616064736,15.390910606237625],[108.77155335542713,15.390926818664392],[108.77133973239376,15.391019325138718],[108.77114136830464,15.39120624524406],[108.7711032215851,15.39135597243853],[108.771179515937,15.391451339598216],[108.77139313905656,15.391547660273922],[108.7719958610857,15.39164779614546],[108.77246888287924,15.391870002325039],[108.77269776495538,15.392155151295446],[108.7731631581948,15.392424087456495]]],[[[108.780151684097,15.39316795332156],[108.78035767728417,15.393256643717976],[108.78053315337807,15.393220405140706],[108.7805026363659,15.39246509509612],[108.78046448931293,15.392408828107465],[108.78035004823253,15.392388801402491],[108.78022797840137,15.392594794820397],[108.780151684097,15.39316795332156]]],[[[108.78366120492446,15.392611960685462],[108.78357728245007,15.392400244852164],[108.78335602906057,15.392327765729064],[108.78324921784056,15.39240406035465],[108.78322632980586,15.39254711104161],[108.7833407699313,15.392835119822255],[108.78332551232714,15.393002967205092],[108.78323395886346,15.393072584705502],[108.78317292381226,15.393255690933614],[108.78324158854628,15.393396835011007],[108.78340180628292,15.393342475291343],[108.7835849114442,15.393146972249982],[108.78366120516252,15.39289424793283],[108.78366120492446,15.392611960685462]]],[[[109.08714326851408,15.431945294778258],[109.08719667366651,15.431455106776387],[109.08703645661141,15.431189030442976],[109.08687624033381,15.43101546236503],[109.08682283359347,15.430796117737877],[109.08674653996069,15.429554433253966],[109.08659395136445,15.428933591362751],[109.08617433589708,15.428517789313034],[109.08596071287198,15.428236455010762],[109.08595308268748,15.427956074016183],[109.08586152936371,15.4277920435142],[109.08531221402028,15.427572696951009],[109.0841220272686,15.426732510530563],[109.08347352960067,15.426528424355242],[109.08302339572167,15.426461667460742],[109.08235200847008,15.426635236593597],[109.08162721543331,15.426513165738008],[109.08078798275177,15.426514119689429],[109.07951387393331,15.426739186095384],[109.0791400334029,15.426634282230568],[109.07859834648697,15.426590413215116],[109.07801088271944,15.426695317751774],[109.07737764400655,15.427144498573137],[109.0770953560101,15.427645178011478],[109.0771640202707,15.428268880326046],[109.07736238499311,15.42877528124632],[109.07751497244496,15.429443806594],[109.07719453746063,15.430046530148006],[109.07716402086281,15.4303946204312],[109.07734712576197,15.430796117370015],[109.07775911272043,15.431227178067404],[109.07833894675358,15.431611509047736],[109.07858308783227,15.431956738525912],[109.07890352268812,15.432099789879551],[109.07923158648174,15.431987256928952],[109.07971986740826,15.432140797932288],[109.0805896185052,15.43253943395654],[109.08107790026263,15.43268248447029],[109.08158907016848,15.433095426090821],[109.08249696663655,15.433187932754679],[109.08275636691464,15.433075398770681],[109.08287080821324,15.43286082146226],[109.08316835360033,15.43271300269095],[109.08356508328666,15.432906599000994],[109.08378633487548,15.43294665245509],[109.08422883992371,15.432835072736442],[109.08448823895706,15.432830305049048],[109.08464845647795,15.432876080478843],[109.08479341532835,15.432999104367084],[109.08536561988528,15.433116406581936],[109.08628877734458,15.432781667299079],[109.08680757537942,15.432383031380066],[109.08714326851408,15.431945294778258]]]]}}]}