warn: Microsoft.EntityFrameworkCore.Model.Validation[10400]
      Sensitive data logging is enabled. Log entries and exception messages may include sensitive application data; this mode should only be enabled during development.
info: Microsoft.EntityFrameworkCore.Database.Command[20101]
      Executed DbCommand (67ms) [Parameters=[], CommandType='Text', CommandTimeout='30']
      SELECT [a].[Id], [a].[CreatedTime], [a].[CreatedUser], [a].[IsDeleted], [a].[ModifiedTime], [a].[ModifiedUser], [a].[Module], [a].[Name], [a].[Path], [a].[PathKey], [a].[PermitAccess]
      FROM [AuthDashboards] AS [a]
      WHERE [a].[IsDeleted] = CAST(0 AS bit)
info: Microsoft.EntityFrameworkCore.Database.Command[20101]
      Executed DbCommand (285ms) [Parameters=[], CommandType='Text', CommandTimeout='30']
      SELECT [a].[Id], [a].[Description], [a].[PermitCode], [a].[PermitName]
      FROM [AuthFunctions] AS [a]
      WHERE ([a].[PermitCode] IS NOT NULL) AND NOT ([a].[PermitCode] LIKE N'')
warn: Microsoft.AspNetCore.DataProtection.Repositories.EphemeralXmlRepository[50]
      Using an in-memory repository. Keys will not be persisted to storage.
warn: Microsoft.AspNetCore.DataProtection.KeyManagement.XmlKeyManager[59]
      Neither user profile nor HKLM registry available. Using an ephemeral key repository. Protected data will be unavailable when application exits.
warn: Microsoft.AspNetCore.DataProtection.KeyManagement.XmlKeyManager[35]
      No XML encryptor configured. Key {973dc984-3029-491e-8301-1e346352baab} may be persisted to storage in unencrypted form.
info: Microsoft.Hosting.Lifetime[0]
      Application started. Press Ctrl+C to shut down.
info: Microsoft.Hosting.Lifetime[0]
      Hosting environment: Production
info: Microsoft.Hosting.Lifetime[0]
      Content root path: C:\Users\Administrator\Documents\deploy\publish-project\api
info: Microsoft.EntityFrameworkCore.Database.Command[20101]
      Executed DbCommand (67ms) [Parameters=[@__normalizedUserName_0='ADMIN' (Size = 256)], CommandType='Text', CommandTimeout='30']
      SELECT TOP(1) [a].[Id], [a].[AccessFailedCount], [a].[ConcurrencyStamp], [a].[CreatedTime], [a].[CreatedUser], [a].[Email], [a].[EmailConfirmed], [a].[FullName], [a].[IdHuyen], [a].[IsDeleted], [a].[LockoutEnabled], [a].[LockoutEnd], [a].[ModifiedTime], [a].[ModifiedUser], [a].[NormalizedEmail], [a].[NormalizedUserName], [a].[PasswordHash], [a].[PasswordSalt], [a].[PhoneNumber], [a].[PhoneNumberConfirmed], [a].[SecurityStamp], [a].[TwoFactorEnabled], [a].[UserName]
      FROM [AspNetUsers] AS [a]
      WHERE [a].[NormalizedUserName] = @__normalizedUserName_0
info: Microsoft.EntityFrameworkCore.Database.Command[20101]
      Executed DbCommand (21ms) [Parameters=[@__normalizedUserName_0='ADMIN' (Size = 256)], CommandType='Text', CommandTimeout='30']
      SELECT TOP(1) [a].[Id], [a].[AccessFailedCount], [a].[ConcurrencyStamp], [a].[CreatedTime], [a].[CreatedUser], [a].[Email], [a].[EmailConfirmed], [a].[FullName], [a].[IdHuyen], [a].[IsDeleted], [a].[LockoutEnabled], [a].[LockoutEnd], [a].[ModifiedTime], [a].[ModifiedUser], [a].[NormalizedEmail], [a].[NormalizedUserName], [a].[PasswordHash], [a].[PasswordSalt], [a].[PhoneNumber], [a].[PhoneNumberConfirmed], [a].[SecurityStamp], [a].[TwoFactorEnabled], [a].[UserName]
      FROM [AspNetUsers] AS [a]
      WHERE [a].[NormalizedUserName] = @__normalizedUserName_0
info: Microsoft.EntityFrameworkCore.Database.Command[20101]
      Executed DbCommand (16ms) [Parameters=[@__user_Id_0='725e2617-76a2-445a-9001-c729ebd56929' (Size = 450)], CommandType='Text', CommandTimeout='30']
      SELECT [a].[Id], [a].[ClaimType], [a].[ClaimValue], [a].[UserId]
      FROM [AspNetUserClaims] AS [a]
      WHERE [a].[UserId] = @__user_Id_0
info: Microsoft.EntityFrameworkCore.Database.Command[20101]
      Executed DbCommand (20ms) [Parameters=[@__userId_0='725e2617-76a2-445a-9001-c729ebd56929' (Size = 450)], CommandType='Text', CommandTimeout='30']
      SELECT [a0].[Name]
      FROM [AspNetUserRoles] AS [a]
      INNER JOIN [AspNetRoles] AS [a0] ON [a].[RoleId] = [a0].[Id]
      WHERE [a].[UserId] = @__userId_0
info: Microsoft.EntityFrameworkCore.Database.Command[20101]
      Executed DbCommand (17ms) [Parameters=[@__normalizedName_0='ADMINISTRATOR' (Size = 256)], CommandType='Text', CommandTimeout='30']
      SELECT TOP(1) [a].[Id], [a].[ConcurrencyStamp], [a].[CreatedTime], [a].[CreatedUser], [a].[Description], [a].[IsDefault], [a].[IsDeleted], [a].[ModifiedTime], [a].[ModifiedUser], [a].[Name], [a].[NormalizedName]
      FROM [AspNetRoles] AS [a]
      WHERE [a].[NormalizedName] = @__normalizedName_0
info: Microsoft.EntityFrameworkCore.Database.Command[20101]
      Executed DbCommand (15ms) [Parameters=[@__role_Id_0='73c5116f-252e-4300-ba0c-1c42910a5ed2' (Size = 450)], CommandType='Text', CommandTimeout='30']
      SELECT [a].[ClaimType], [a].[ClaimValue]
      FROM [AspNetRoleClaims] AS [a]
      WHERE [a].[RoleId] = @__role_Id_0
info: Microsoft.EntityFrameworkCore.Database.Command[20101]
      Executed DbCommand (18ms) [Parameters=[@__normalizedUserName_0='ADMIN' (Size = 256)], CommandType='Text', CommandTimeout='30']
      SELECT TOP(1) [a].[Id], [a].[AccessFailedCount], [a].[ConcurrencyStamp], [a].[CreatedTime], [a].[CreatedUser], [a].[Email], [a].[EmailConfirmed], [a].[FullName], [a].[IdHuyen], [a].[IsDeleted], [a].[LockoutEnabled], [a].[LockoutEnd], [a].[ModifiedTime], [a].[ModifiedUser], [a].[NormalizedEmail], [a].[NormalizedUserName], [a].[PasswordHash], [a].[PasswordSalt], [a].[PhoneNumber], [a].[PhoneNumberConfirmed], [a].[SecurityStamp], [a].[TwoFactorEnabled], [a].[UserName]
      FROM [AspNetUsers] AS [a]
      WHERE [a].[NormalizedUserName] = @__normalizedUserName_0
info: Microsoft.EntityFrameworkCore.Database.Command[20101]
      Executed DbCommand (16ms) [Parameters=[@__userId_0='725e2617-76a2-445a-9001-c729ebd56929' (Size = 450)], CommandType='Text', CommandTimeout='30']
      SELECT [a0].[Name]
      FROM [AspNetUserRoles] AS [a]
      INNER JOIN [AspNetRoles] AS [a0] ON [a].[RoleId] = [a0].[Id]
      WHERE [a].[UserId] = @__userId_0
info: Microsoft.EntityFrameworkCore.Database.Command[20101]
      Executed DbCommand (16ms) [Parameters=[@__normalizedName_0='ADMINISTRATOR' (Size = 256)], CommandType='Text', CommandTimeout='30']
      SELECT TOP(1) [a].[Id], [a].[ConcurrencyStamp], [a].[CreatedTime], [a].[CreatedUser], [a].[Description], [a].[IsDefault], [a].[IsDeleted], [a].[ModifiedTime], [a].[ModifiedUser], [a].[Name], [a].[NormalizedName]
      FROM [AspNetRoles] AS [a]
      WHERE [a].[NormalizedName] = @__normalizedName_0
info: Microsoft.EntityFrameworkCore.Database.Command[20101]
      Executed DbCommand (17ms) [Parameters=[@__8__locals2_roleEntity_Id_0='73c5116f-252e-4300-ba0c-1c42910a5ed2' (Size = 4000)], CommandType='Text', CommandTimeout='30']
      SELECT [a].[DashboardId]
      FROM [AuthRoleDashboards] AS [a]
      WHERE [a].[RoleId] = @__8__locals2_roleEntity_Id_0
info: Microsoft.EntityFrameworkCore.Database.Command[20101]
      Executed DbCommand (17ms) [Parameters=[], CommandType='Text', CommandTimeout='30']
      SELECT [a].[Id], [a].[CreatedTime], [a].[CreatedUser], [a].[IsDeleted], [a].[ModifiedTime], [a].[ModifiedUser], [a].[Module], [a].[Name], [a].[Path], [a].[PathKey], [a].[PermitAccess]
      FROM [AuthDashboards] AS [a]
      WHERE [a].[IsDeleted] = CAST(0 AS bit) AND [a].[Id] IN (98, 99, 100, 101, 102, 105, 106, 107, 103, 104, 108, 109, 110, 112, 111)
info: Microsoft.EntityFrameworkCore.Database.Command[20101]
      Executed DbCommand (16ms) [Parameters=[], CommandType='Text', CommandTimeout='30']
      SELECT [a].[Id], [a].[Description], [a].[PermitCode], [a].[PermitName]
      FROM [AuthFunctions] AS [a]
      WHERE [a].[Id] > 0
info: Microsoft.EntityFrameworkCore.Database.Command[20101]
      Executed DbCommand (16ms) [Parameters=[@__f_Id_0='1' (Nullable = true), @__dash_Id_1='99' (Nullable = true), @__8__locals2_roleEntity_Id_2='73c5116f-252e-4300-ba0c-1c42910a5ed2' (Size = 4000)], CommandType='Text', CommandTimeout='30']
      SELECT CASE
          WHEN EXISTS (
              SELECT 1
              FROM [AuthPermissions] AS [a]
              WHERE [a].[FunctionId] = @__f_Id_0 AND [a].[DashboardId] = @__dash_Id_1 AND [a].[RoleId] = @__8__locals2_roleEntity_Id_2) THEN CAST(1 AS bit)
          ELSE CAST(0 AS bit)
      END
info: Microsoft.EntityFrameworkCore.Database.Command[20101]
      Executed DbCommand (16ms) [Parameters=[@__f_Id_0='2' (Nullable = true), @__dash_Id_1='99' (Nullable = true), @__8__locals2_roleEntity_Id_2='73c5116f-252e-4300-ba0c-1c42910a5ed2' (Size = 4000)], CommandType='Text', CommandTimeout='30']
      SELECT CASE
          WHEN EXISTS (
              SELECT 1
              FROM [AuthPermissions] AS [a]
              WHERE [a].[FunctionId] = @__f_Id_0 AND [a].[DashboardId] = @__dash_Id_1 AND [a].[RoleId] = @__8__locals2_roleEntity_Id_2) THEN CAST(1 AS bit)
          ELSE CAST(0 AS bit)
      END
info: Microsoft.EntityFrameworkCore.Database.Command[20101]
      Executed DbCommand (15ms) [Parameters=[@__f_Id_0='3' (Nullable = true), @__dash_Id_1='99' (Nullable = true), @__8__locals2_roleEntity_Id_2='73c5116f-252e-4300-ba0c-1c42910a5ed2' (Size = 4000)], CommandType='Text', CommandTimeout='30']
      SELECT CASE
          WHEN EXISTS (
              SELECT 1
              FROM [AuthPermissions] AS [a]
              WHERE [a].[FunctionId] = @__f_Id_0 AND [a].[DashboardId] = @__dash_Id_1 AND [a].[RoleId] = @__8__locals2_roleEntity_Id_2) THEN CAST(1 AS bit)
          ELSE CAST(0 AS bit)
      END
info: Microsoft.EntityFrameworkCore.Database.Command[20101]
      Executed DbCommand (16ms) [Parameters=[@__f_Id_0='4' (Nullable = true), @__dash_Id_1='99' (Nullable = true), @__8__locals2_roleEntity_Id_2='73c5116f-252e-4300-ba0c-1c42910a5ed2' (Size = 4000)], CommandType='Text', CommandTimeout='30']
      SELECT CASE
          WHEN EXISTS (
              SELECT 1
              FROM [AuthPermissions] AS [a]
              WHERE [a].[FunctionId] = @__f_Id_0 AND [a].[DashboardId] = @__dash_Id_1 AND [a].[RoleId] = @__8__locals2_roleEntity_Id_2) THEN CAST(1 AS bit)
          ELSE CAST(0 AS bit)
      END
info: Microsoft.EntityFrameworkCore.Database.Command[20101]
      Executed DbCommand (17ms) [Parameters=[@__f_Id_0='5' (Nullable = true), @__dash_Id_1='99' (Nullable = true), @__8__locals2_roleEntity_Id_2='73c5116f-252e-4300-ba0c-1c42910a5ed2' (Size = 4000)], CommandType='Text', CommandTimeout='30']
      SELECT CASE
          WHEN EXISTS (
              SELECT 1
              FROM [AuthPermissions] AS [a]
              WHERE [a].[FunctionId] = @__f_Id_0 AND [a].[DashboardId] = @__dash_Id_1 AND [a].[RoleId] = @__8__locals2_roleEntity_Id_2) THEN CAST(1 AS bit)
          ELSE CAST(0 AS bit)
      END
info: Microsoft.EntityFrameworkCore.Database.Command[20101]
      Executed DbCommand (16ms) [Parameters=[], CommandType='Text', CommandTimeout='30']
      SELECT [a].[Id], [a].[Description], [a].[PermitCode], [a].[PermitName]
      FROM [AuthFunctions] AS [a]
      WHERE [a].[Id] > 0
info: Microsoft.EntityFrameworkCore.Database.Command[20101]
      Executed DbCommand (16ms) [Parameters=[@__f_Id_0='1' (Nullable = true), @__dash_Id_1='101' (Nullable = true), @__8__locals2_roleEntity_Id_2='73c5116f-252e-4300-ba0c-1c42910a5ed2' (Size = 4000)], CommandType='Text', CommandTimeout='30']
      SELECT CASE
          WHEN EXISTS (
              SELECT 1
              FROM [AuthPermissions] AS [a]
              WHERE [a].[FunctionId] = @__f_Id_0 AND [a].[DashboardId] = @__dash_Id_1 AND [a].[RoleId] = @__8__locals2_roleEntity_Id_2) THEN CAST(1 AS bit)
          ELSE CAST(0 AS bit)
      END
info: Microsoft.EntityFrameworkCore.Database.Command[20101]
      Executed DbCommand (15ms) [Parameters=[@__f_Id_0='2' (Nullable = true), @__dash_Id_1='101' (Nullable = true), @__8__locals2_roleEntity_Id_2='73c5116f-252e-4300-ba0c-1c42910a5ed2' (Size = 4000)], CommandType='Text', CommandTimeout='30']
      SELECT CASE
          WHEN EXISTS (
              SELECT 1
              FROM [AuthPermissions] AS [a]
              WHERE [a].[FunctionId] = @__f_Id_0 AND [a].[DashboardId] = @__dash_Id_1 AND [a].[RoleId] = @__8__locals2_roleEntity_Id_2) THEN CAST(1 AS bit)
          ELSE CAST(0 AS bit)
      END
info: Microsoft.EntityFrameworkCore.Database.Command[20101]
      Executed DbCommand (15ms) [Parameters=[@__f_Id_0='3' (Nullable = true), @__dash_Id_1='101' (Nullable = true), @__8__locals2_roleEntity_Id_2='73c5116f-252e-4300-ba0c-1c42910a5ed2' (Size = 4000)], CommandType='Text', CommandTimeout='30']
      SELECT CASE
          WHEN EXISTS (
              SELECT 1
              FROM [AuthPermissions] AS [a]
              WHERE [a].[FunctionId] = @__f_Id_0 AND [a].[DashboardId] = @__dash_Id_1 AND [a].[RoleId] = @__8__locals2_roleEntity_Id_2) THEN CAST(1 AS bit)
          ELSE CAST(0 AS bit)
      END
info: Microsoft.EntityFrameworkCore.Database.Command[20101]
      Executed DbCommand (16ms) [Parameters=[@__f_Id_0='4' (Nullable = true), @__dash_Id_1='101' (Nullable = true), @__8__locals2_roleEntity_Id_2='73c5116f-252e-4300-ba0c-1c42910a5ed2' (Size = 4000)], CommandType='Text', CommandTimeout='30']
      SELECT CASE
          WHEN EXISTS (
              SELECT 1
              FROM [AuthPermissions] AS [a]
              WHERE [a].[FunctionId] = @__f_Id_0 AND [a].[DashboardId] = @__dash_Id_1 AND [a].[RoleId] = @__8__locals2_roleEntity_Id_2) THEN CAST(1 AS bit)
          ELSE CAST(0 AS bit)
      END
info: Microsoft.EntityFrameworkCore.Database.Command[20101]
      Executed DbCommand (15ms) [Parameters=[@__f_Id_0='5' (Nullable = true), @__dash_Id_1='101' (Nullable = true), @__8__locals2_roleEntity_Id_2='73c5116f-252e-4300-ba0c-1c42910a5ed2' (Size = 4000)], CommandType='Text', CommandTimeout='30']
      SELECT CASE
          WHEN EXISTS (
              SELECT 1
              FROM [AuthPermissions] AS [a]
              WHERE [a].[FunctionId] = @__f_Id_0 AND [a].[DashboardId] = @__dash_Id_1 AND [a].[RoleId] = @__8__locals2_roleEntity_Id_2) THEN CAST(1 AS bit)
          ELSE CAST(0 AS bit)
      END
info: Microsoft.EntityFrameworkCore.Database.Command[20101]
      Executed DbCommand (16ms) [Parameters=[], CommandType='Text', CommandTimeout='30']
      SELECT [a].[Id], [a].[Description], [a].[PermitCode], [a].[PermitName]
      FROM [AuthFunctions] AS [a]
      WHERE [a].[Id] > 0
info: Microsoft.EntityFrameworkCore.Database.Command[20101]
      Executed DbCommand (15ms) [Parameters=[@__f_Id_0='1' (Nullable = true), @__dash_Id_1='102' (Nullable = true), @__8__locals2_roleEntity_Id_2='73c5116f-252e-4300-ba0c-1c42910a5ed2' (Size = 4000)], CommandType='Text', CommandTimeout='30']
      SELECT CASE
          WHEN EXISTS (
              SELECT 1
              FROM [AuthPermissions] AS [a]
              WHERE [a].[FunctionId] = @__f_Id_0 AND [a].[DashboardId] = @__dash_Id_1 AND [a].[RoleId] = @__8__locals2_roleEntity_Id_2) THEN CAST(1 AS bit)
          ELSE CAST(0 AS bit)
      END
info: Microsoft.EntityFrameworkCore.Database.Command[20101]
      Executed DbCommand (15ms) [Parameters=[@__f_Id_0='2' (Nullable = true), @__dash_Id_1='102' (Nullable = true), @__8__locals2_roleEntity_Id_2='73c5116f-252e-4300-ba0c-1c42910a5ed2' (Size = 4000)], CommandType='Text', CommandTimeout='30']
      SELECT CASE
          WHEN EXISTS (
              SELECT 1
              FROM [AuthPermissions] AS [a]
              WHERE [a].[FunctionId] = @__f_Id_0 AND [a].[DashboardId] = @__dash_Id_1 AND [a].[RoleId] = @__8__locals2_roleEntity_Id_2) THEN CAST(1 AS bit)
          ELSE CAST(0 AS bit)
      END
info: Microsoft.EntityFrameworkCore.Database.Command[20101]
      Executed DbCommand (15ms) [Parameters=[@__f_Id_0='3' (Nullable = true), @__dash_Id_1='102' (Nullable = true), @__8__locals2_roleEntity_Id_2='73c5116f-252e-4300-ba0c-1c42910a5ed2' (Size = 4000)], CommandType='Text', CommandTimeout='30']
      SELECT CASE
          WHEN EXISTS (
              SELECT 1
              FROM [AuthPermissions] AS [a]
              WHERE [a].[FunctionId] = @__f_Id_0 AND [a].[DashboardId] = @__dash_Id_1 AND [a].[RoleId] = @__8__locals2_roleEntity_Id_2) THEN CAST(1 AS bit)
          ELSE CAST(0 AS bit)
      END
info: Microsoft.EntityFrameworkCore.Database.Command[20101]
      Executed DbCommand (17ms) [Parameters=[@__f_Id_0='4' (Nullable = true), @__dash_Id_1='102' (Nullable = true), @__8__locals2_roleEntity_Id_2='73c5116f-252e-4300-ba0c-1c42910a5ed2' (Size = 4000)], CommandType='Text', CommandTimeout='30']
      SELECT CASE
          WHEN EXISTS (
              SELECT 1
              FROM [AuthPermissions] AS [a]
              WHERE [a].[FunctionId] = @__f_Id_0 AND [a].[DashboardId] = @__dash_Id_1 AND [a].[RoleId] = @__8__locals2_roleEntity_Id_2) THEN CAST(1 AS bit)
          ELSE CAST(0 AS bit)
      END
info: Microsoft.EntityFrameworkCore.Database.Command[20101]
      Executed DbCommand (15ms) [Parameters=[@__f_Id_0='5' (Nullable = true), @__dash_Id_1='102' (Nullable = true), @__8__locals2_roleEntity_Id_2='73c5116f-252e-4300-ba0c-1c42910a5ed2' (Size = 4000)], CommandType='Text', CommandTimeout='30']
      SELECT CASE
          WHEN EXISTS (
              SELECT 1
              FROM [AuthPermissions] AS [a]
              WHERE [a].[FunctionId] = @__f_Id_0 AND [a].[DashboardId] = @__dash_Id_1 AND [a].[RoleId] = @__8__locals2_roleEntity_Id_2) THEN CAST(1 AS bit)
          ELSE CAST(0 AS bit)
      END
info: Microsoft.EntityFrameworkCore.Database.Command[20101]
      Executed DbCommand (15ms) [Parameters=[], CommandType='Text', CommandTimeout='30']
      SELECT [a].[Id], [a].[Description], [a].[PermitCode], [a].[PermitName]
      FROM [AuthFunctions] AS [a]
      WHERE [a].[Id] > 0
info: Microsoft.EntityFrameworkCore.Database.Command[20101]
      Executed DbCommand (16ms) [Parameters=[@__f_Id_0='1' (Nullable = true), @__dash_Id_1='103' (Nullable = true), @__8__locals2_roleEntity_Id_2='73c5116f-252e-4300-ba0c-1c42910a5ed2' (Size = 4000)], CommandType='Text', CommandTimeout='30']
      SELECT CASE
          WHEN EXISTS (
              SELECT 1
              FROM [AuthPermissions] AS [a]
              WHERE [a].[FunctionId] = @__f_Id_0 AND [a].[DashboardId] = @__dash_Id_1 AND [a].[RoleId] = @__8__locals2_roleEntity_Id_2) THEN CAST(1 AS bit)
          ELSE CAST(0 AS bit)
      END
info: Microsoft.EntityFrameworkCore.Database.Command[20101]
      Executed DbCommand (16ms) [Parameters=[@__f_Id_0='2' (Nullable = true), @__dash_Id_1='103' (Nullable = true), @__8__locals2_roleEntity_Id_2='73c5116f-252e-4300-ba0c-1c42910a5ed2' (Size = 4000)], CommandType='Text', CommandTimeout='30']
      SELECT CASE
          WHEN EXISTS (
              SELECT 1
              FROM [AuthPermissions] AS [a]
              WHERE [a].[FunctionId] = @__f_Id_0 AND [a].[DashboardId] = @__dash_Id_1 AND [a].[RoleId] = @__8__locals2_roleEntity_Id_2) THEN CAST(1 AS bit)
          ELSE CAST(0 AS bit)
      END
info: Microsoft.EntityFrameworkCore.Database.Command[20101]
      Executed DbCommand (17ms) [Parameters=[@__f_Id_0='3' (Nullable = true), @__dash_Id_1='103' (Nullable = true), @__8__locals2_roleEntity_Id_2='73c5116f-252e-4300-ba0c-1c42910a5ed2' (Size = 4000)], CommandType='Text', CommandTimeout='30']
      SELECT CASE
          WHEN EXISTS (
              SELECT 1
              FROM [AuthPermissions] AS [a]
              WHERE [a].[FunctionId] = @__f_Id_0 AND [a].[DashboardId] = @__dash_Id_1 AND [a].[RoleId] = @__8__locals2_roleEntity_Id_2) THEN CAST(1 AS bit)
          ELSE CAST(0 AS bit)
      END
info: Microsoft.EntityFrameworkCore.Database.Command[20101]
      Executed DbCommand (16ms) [Parameters=[@__f_Id_0='4' (Nullable = true), @__dash_Id_1='103' (Nullable = true), @__8__locals2_roleEntity_Id_2='73c5116f-252e-4300-ba0c-1c42910a5ed2' (Size = 4000)], CommandType='Text', CommandTimeout='30']
      SELECT CASE
          WHEN EXISTS (
              SELECT 1
              FROM [AuthPermissions] AS [a]
              WHERE [a].[FunctionId] = @__f_Id_0 AND [a].[DashboardId] = @__dash_Id_1 AND [a].[RoleId] = @__8__locals2_roleEntity_Id_2) THEN CAST(1 AS bit)
          ELSE CAST(0 AS bit)
      END
info: Microsoft.EntityFrameworkCore.Database.Command[20101]
      Executed DbCommand (17ms) [Parameters=[@__f_Id_0='5' (Nullable = true), @__dash_Id_1='103' (Nullable = true), @__8__locals2_roleEntity_Id_2='73c5116f-252e-4300-ba0c-1c42910a5ed2' (Size = 4000)], CommandType='Text', CommandTimeout='30']
      SELECT CASE
          WHEN EXISTS (
              SELECT 1
              FROM [AuthPermissions] AS [a]
              WHERE [a].[FunctionId] = @__f_Id_0 AND [a].[DashboardId] = @__dash_Id_1 AND [a].[RoleId] = @__8__locals2_roleEntity_Id_2) THEN CAST(1 AS bit)
          ELSE CAST(0 AS bit)
      END
info: Microsoft.EntityFrameworkCore.Database.Command[20101]
      Executed DbCommand (15ms) [Parameters=[], CommandType='Text', CommandTimeout='30']
      SELECT [a].[Id], [a].[Description], [a].[PermitCode], [a].[PermitName]
      FROM [AuthFunctions] AS [a]
      WHERE [a].[Id] > 0
info: Microsoft.EntityFrameworkCore.Database.Command[20101]
      Executed DbCommand (15ms) [Parameters=[@__f_Id_0='1' (Nullable = true), @__dash_Id_1='104' (Nullable = true), @__8__locals2_roleEntity_Id_2='73c5116f-252e-4300-ba0c-1c42910a5ed2' (Size = 4000)], CommandType='Text', CommandTimeout='30']
      SELECT CASE
          WHEN EXISTS (
              SELECT 1
              FROM [AuthPermissions] AS [a]
              WHERE [a].[FunctionId] = @__f_Id_0 AND [a].[DashboardId] = @__dash_Id_1 AND [a].[RoleId] = @__8__locals2_roleEntity_Id_2) THEN CAST(1 AS bit)
          ELSE CAST(0 AS bit)
      END
info: Microsoft.EntityFrameworkCore.Database.Command[20101]
      Executed DbCommand (15ms) [Parameters=[@__f_Id_0='2' (Nullable = true), @__dash_Id_1='104' (Nullable = true), @__8__locals2_roleEntity_Id_2='73c5116f-252e-4300-ba0c-1c42910a5ed2' (Size = 4000)], CommandType='Text', CommandTimeout='30']
      SELECT CASE
          WHEN EXISTS (
              SELECT 1
              FROM [AuthPermissions] AS [a]
              WHERE [a].[FunctionId] = @__f_Id_0 AND [a].[DashboardId] = @__dash_Id_1 AND [a].[RoleId] = @__8__locals2_roleEntity_Id_2) THEN CAST(1 AS bit)
          ELSE CAST(0 AS bit)
      END
info: Microsoft.EntityFrameworkCore.Database.Command[20101]
      Executed DbCommand (15ms) [Parameters=[@__f_Id_0='3' (Nullable = true), @__dash_Id_1='104' (Nullable = true), @__8__locals2_roleEntity_Id_2='73c5116f-252e-4300-ba0c-1c42910a5ed2' (Size = 4000)], CommandType='Text', CommandTimeout='30']
      SELECT CASE
          WHEN EXISTS (
              SELECT 1
              FROM [AuthPermissions] AS [a]
              WHERE [a].[FunctionId] = @__f_Id_0 AND [a].[DashboardId] = @__dash_Id_1 AND [a].[RoleId] = @__8__locals2_roleEntity_Id_2) THEN CAST(1 AS bit)
          ELSE CAST(0 AS bit)
      END
info: Microsoft.EntityFrameworkCore.Database.Command[20101]
      Executed DbCommand (16ms) [Parameters=[@__f_Id_0='4' (Nullable = true), @__dash_Id_1='104' (Nullable = true), @__8__locals2_roleEntity_Id_2='73c5116f-252e-4300-ba0c-1c42910a5ed2' (Size = 4000)], CommandType='Text', CommandTimeout='30']
      SELECT CASE
          WHEN EXISTS (
              SELECT 1
              FROM [AuthPermissions] AS [a]
              WHERE [a].[FunctionId] = @__f_Id_0 AND [a].[DashboardId] = @__dash_Id_1 AND [a].[RoleId] = @__8__locals2_roleEntity_Id_2) THEN CAST(1 AS bit)
          ELSE CAST(0 AS bit)
      END
info: Microsoft.EntityFrameworkCore.Database.Command[20101]
      Executed DbCommand (17ms) [Parameters=[@__f_Id_0='5' (Nullable = true), @__dash_Id_1='104' (Nullable = true), @__8__locals2_roleEntity_Id_2='73c5116f-252e-4300-ba0c-1c42910a5ed2' (Size = 4000)], CommandType='Text', CommandTimeout='30']
      SELECT CASE
          WHEN EXISTS (
              SELECT 1
              FROM [AuthPermissions] AS [a]
              WHERE [a].[FunctionId] = @__f_Id_0 AND [a].[DashboardId] = @__dash_Id_1 AND [a].[RoleId] = @__8__locals2_roleEntity_Id_2) THEN CAST(1 AS bit)
          ELSE CAST(0 AS bit)
      END
info: Microsoft.EntityFrameworkCore.Database.Command[20101]
      Executed DbCommand (15ms) [Parameters=[], CommandType='Text', CommandTimeout='30']
      SELECT [a].[Id], [a].[Description], [a].[PermitCode], [a].[PermitName]
      FROM [AuthFunctions] AS [a]
      WHERE [a].[Id] > 0
info: Microsoft.EntityFrameworkCore.Database.Command[20101]
      Executed DbCommand (16ms) [Parameters=[@__f_Id_0='1' (Nullable = true), @__dash_Id_1='105' (Nullable = true), @__8__locals2_roleEntity_Id_2='73c5116f-252e-4300-ba0c-1c42910a5ed2' (Size = 4000)], CommandType='Text', CommandTimeout='30']
      SELECT CASE
          WHEN EXISTS (
              SELECT 1
              FROM [AuthPermissions] AS [a]
              WHERE [a].[FunctionId] = @__f_Id_0 AND [a].[DashboardId] = @__dash_Id_1 AND [a].[RoleId] = @__8__locals2_roleEntity_Id_2) THEN CAST(1 AS bit)
          ELSE CAST(0 AS bit)
      END
info: Microsoft.EntityFrameworkCore.Database.Command[20101]
      Executed DbCommand (16ms) [Parameters=[@__f_Id_0='2' (Nullable = true), @__dash_Id_1='105' (Nullable = true), @__8__locals2_roleEntity_Id_2='73c5116f-252e-4300-ba0c-1c42910a5ed2' (Size = 4000)], CommandType='Text', CommandTimeout='30']
      SELECT CASE
          WHEN EXISTS (
              SELECT 1
              FROM [AuthPermissions] AS [a]
              WHERE [a].[FunctionId] = @__f_Id_0 AND [a].[DashboardId] = @__dash_Id_1 AND [a].[RoleId] = @__8__locals2_roleEntity_Id_2) THEN CAST(1 AS bit)
          ELSE CAST(0 AS bit)
      END
info: Microsoft.EntityFrameworkCore.Database.Command[20101]
      Executed DbCommand (16ms) [Parameters=[@__f_Id_0='3' (Nullable = true), @__dash_Id_1='105' (Nullable = true), @__8__locals2_roleEntity_Id_2='73c5116f-252e-4300-ba0c-1c42910a5ed2' (Size = 4000)], CommandType='Text', CommandTimeout='30']
      SELECT CASE
          WHEN EXISTS (
              SELECT 1
              FROM [AuthPermissions] AS [a]
              WHERE [a].[FunctionId] = @__f_Id_0 AND [a].[DashboardId] = @__dash_Id_1 AND [a].[RoleId] = @__8__locals2_roleEntity_Id_2) THEN CAST(1 AS bit)
          ELSE CAST(0 AS bit)
      END
info: Microsoft.EntityFrameworkCore.Database.Command[20101]
      Executed DbCommand (15ms) [Parameters=[@__f_Id_0='4' (Nullable = true), @__dash_Id_1='105' (Nullable = true), @__8__locals2_roleEntity_Id_2='73c5116f-252e-4300-ba0c-1c42910a5ed2' (Size = 4000)], CommandType='Text', CommandTimeout='30']
      SELECT CASE
          WHEN EXISTS (
              SELECT 1
              FROM [AuthPermissions] AS [a]
              WHERE [a].[FunctionId] = @__f_Id_0 AND [a].[DashboardId] = @__dash_Id_1 AND [a].[RoleId] = @__8__locals2_roleEntity_Id_2) THEN CAST(1 AS bit)
          ELSE CAST(0 AS bit)
      END
info: Microsoft.EntityFrameworkCore.Database.Command[20101]
      Executed DbCommand (15ms) [Parameters=[@__f_Id_0='5' (Nullable = true), @__dash_Id_1='105' (Nullable = true), @__8__locals2_roleEntity_Id_2='73c5116f-252e-4300-ba0c-1c42910a5ed2' (Size = 4000)], CommandType='Text', CommandTimeout='30']
      SELECT CASE
          WHEN EXISTS (
              SELECT 1
              FROM [AuthPermissions] AS [a]
              WHERE [a].[FunctionId] = @__f_Id_0 AND [a].[DashboardId] = @__dash_Id_1 AND [a].[RoleId] = @__8__locals2_roleEntity_Id_2) THEN CAST(1 AS bit)
          ELSE CAST(0 AS bit)
      END
info: Microsoft.EntityFrameworkCore.Database.Command[20101]
      Executed DbCommand (15ms) [Parameters=[], CommandType='Text', CommandTimeout='30']
      SELECT [a].[Id], [a].[Description], [a].[PermitCode], [a].[PermitName]
      FROM [AuthFunctions] AS [a]
      WHERE [a].[Id] > 0
info: Microsoft.EntityFrameworkCore.Database.Command[20101]
      Executed DbCommand (15ms) [Parameters=[@__f_Id_0='1' (Nullable = true), @__dash_Id_1='106' (Nullable = true), @__8__locals2_roleEntity_Id_2='73c5116f-252e-4300-ba0c-1c42910a5ed2' (Size = 4000)], CommandType='Text', CommandTimeout='30']
      SELECT CASE
          WHEN EXISTS (
              SELECT 1
              FROM [AuthPermissions] AS [a]
              WHERE [a].[FunctionId] = @__f_Id_0 AND [a].[DashboardId] = @__dash_Id_1 AND [a].[RoleId] = @__8__locals2_roleEntity_Id_2) THEN CAST(1 AS bit)
          ELSE CAST(0 AS bit)
      END
info: Microsoft.EntityFrameworkCore.Database.Command[20101]
      Executed DbCommand (15ms) [Parameters=[@__f_Id_0='2' (Nullable = true), @__dash_Id_1='106' (Nullable = true), @__8__locals2_roleEntity_Id_2='73c5116f-252e-4300-ba0c-1c42910a5ed2' (Size = 4000)], CommandType='Text', CommandTimeout='30']
      SELECT CASE
          WHEN EXISTS (
              SELECT 1
              FROM [AuthPermissions] AS [a]
              WHERE [a].[FunctionId] = @__f_Id_0 AND [a].[DashboardId] = @__dash_Id_1 AND [a].[RoleId] = @__8__locals2_roleEntity_Id_2) THEN CAST(1 AS bit)
          ELSE CAST(0 AS bit)
      END
info: Microsoft.EntityFrameworkCore.Database.Command[20101]
      Executed DbCommand (15ms) [Parameters=[@__f_Id_0='3' (Nullable = true), @__dash_Id_1='106' (Nullable = true), @__8__locals2_roleEntity_Id_2='73c5116f-252e-4300-ba0c-1c42910a5ed2' (Size = 4000)], CommandType='Text', CommandTimeout='30']
      SELECT CASE
          WHEN EXISTS (
              SELECT 1
              FROM [AuthPermissions] AS [a]
              WHERE [a].[FunctionId] = @__f_Id_0 AND [a].[DashboardId] = @__dash_Id_1 AND [a].[RoleId] = @__8__locals2_roleEntity_Id_2) THEN CAST(1 AS bit)
          ELSE CAST(0 AS bit)
      END
info: Microsoft.EntityFrameworkCore.Database.Command[20101]
      Executed DbCommand (15ms) [Parameters=[@__f_Id_0='4' (Nullable = true), @__dash_Id_1='106' (Nullable = true), @__8__locals2_roleEntity_Id_2='73c5116f-252e-4300-ba0c-1c42910a5ed2' (Size = 4000)], CommandType='Text', CommandTimeout='30']
      SELECT CASE
          WHEN EXISTS (
              SELECT 1
              FROM [AuthPermissions] AS [a]
              WHERE [a].[FunctionId] = @__f_Id_0 AND [a].[DashboardId] = @__dash_Id_1 AND [a].[RoleId] = @__8__locals2_roleEntity_Id_2) THEN CAST(1 AS bit)
          ELSE CAST(0 AS bit)
      END
info: Microsoft.EntityFrameworkCore.Database.Command[20101]
      Executed DbCommand (18ms) [Parameters=[@__f_Id_0='5' (Nullable = true), @__dash_Id_1='106' (Nullable = true), @__8__locals2_roleEntity_Id_2='73c5116f-252e-4300-ba0c-1c42910a5ed2' (Size = 4000)], CommandType='Text', CommandTimeout='30']
      SELECT CASE
          WHEN EXISTS (
              SELECT 1
              FROM [AuthPermissions] AS [a]
              WHERE [a].[FunctionId] = @__f_Id_0 AND [a].[DashboardId] = @__dash_Id_1 AND [a].[RoleId] = @__8__locals2_roleEntity_Id_2) THEN CAST(1 AS bit)
          ELSE CAST(0 AS bit)
      END
info: Microsoft.EntityFrameworkCore.Database.Command[20101]
      Executed DbCommand (15ms) [Parameters=[], CommandType='Text', CommandTimeout='30']
      SELECT [a].[Id], [a].[Description], [a].[PermitCode], [a].[PermitName]
      FROM [AuthFunctions] AS [a]
      WHERE [a].[Id] > 0
info: Microsoft.EntityFrameworkCore.Database.Command[20101]
      Executed DbCommand (16ms) [Parameters=[@__f_Id_0='1' (Nullable = true), @__dash_Id_1='108' (Nullable = true), @__8__locals2_roleEntity_Id_2='73c5116f-252e-4300-ba0c-1c42910a5ed2' (Size = 4000)], CommandType='Text', CommandTimeout='30']
      SELECT CASE
          WHEN EXISTS (
              SELECT 1
              FROM [AuthPermissions] AS [a]
              WHERE [a].[FunctionId] = @__f_Id_0 AND [a].[DashboardId] = @__dash_Id_1 AND [a].[RoleId] = @__8__locals2_roleEntity_Id_2) THEN CAST(1 AS bit)
          ELSE CAST(0 AS bit)
      END
info: Microsoft.EntityFrameworkCore.Database.Command[20101]
      Executed DbCommand (16ms) [Parameters=[@__f_Id_0='2' (Nullable = true), @__dash_Id_1='108' (Nullable = true), @__8__locals2_roleEntity_Id_2='73c5116f-252e-4300-ba0c-1c42910a5ed2' (Size = 4000)], CommandType='Text', CommandTimeout='30']
      SELECT CASE
          WHEN EXISTS (
              SELECT 1
              FROM [AuthPermissions] AS [a]
              WHERE [a].[FunctionId] = @__f_Id_0 AND [a].[DashboardId] = @__dash_Id_1 AND [a].[RoleId] = @__8__locals2_roleEntity_Id_2) THEN CAST(1 AS bit)
          ELSE CAST(0 AS bit)
      END
info: Microsoft.EntityFrameworkCore.Database.Command[20101]
      Executed DbCommand (15ms) [Parameters=[@__f_Id_0='3' (Nullable = true), @__dash_Id_1='108' (Nullable = true), @__8__locals2_roleEntity_Id_2='73c5116f-252e-4300-ba0c-1c42910a5ed2' (Size = 4000)], CommandType='Text', CommandTimeout='30']
      SELECT CASE
          WHEN EXISTS (
              SELECT 1
              FROM [AuthPermissions] AS [a]
              WHERE [a].[FunctionId] = @__f_Id_0 AND [a].[DashboardId] = @__dash_Id_1 AND [a].[RoleId] = @__8__locals2_roleEntity_Id_2) THEN CAST(1 AS bit)
          ELSE CAST(0 AS bit)
      END
info: Microsoft.EntityFrameworkCore.Database.Command[20101]
      Executed DbCommand (15ms) [Parameters=[@__f_Id_0='4' (Nullable = true), @__dash_Id_1='108' (Nullable = true), @__8__locals2_roleEntity_Id_2='73c5116f-252e-4300-ba0c-1c42910a5ed2' (Size = 4000)], CommandType='Text', CommandTimeout='30']
      SELECT CASE
          WHEN EXISTS (
              SELECT 1
              FROM [AuthPermissions] AS [a]
              WHERE [a].[FunctionId] = @__f_Id_0 AND [a].[DashboardId] = @__dash_Id_1 AND [a].[RoleId] = @__8__locals2_roleEntity_Id_2) THEN CAST(1 AS bit)
          ELSE CAST(0 AS bit)
      END
info: Microsoft.EntityFrameworkCore.Database.Command[20101]
      Executed DbCommand (15ms) [Parameters=[@__f_Id_0='5' (Nullable = true), @__dash_Id_1='108' (Nullable = true), @__8__locals2_roleEntity_Id_2='73c5116f-252e-4300-ba0c-1c42910a5ed2' (Size = 4000)], CommandType='Text', CommandTimeout='30']
      SELECT CASE
          WHEN EXISTS (
              SELECT 1
              FROM [AuthPermissions] AS [a]
              WHERE [a].[FunctionId] = @__f_Id_0 AND [a].[DashboardId] = @__dash_Id_1 AND [a].[RoleId] = @__8__locals2_roleEntity_Id_2) THEN CAST(1 AS bit)
          ELSE CAST(0 AS bit)
      END
info: Microsoft.EntityFrameworkCore.Database.Command[20101]
      Executed DbCommand (16ms) [Parameters=[], CommandType='Text', CommandTimeout='30']
      SELECT [a].[Id], [a].[Description], [a].[PermitCode], [a].[PermitName]
      FROM [AuthFunctions] AS [a]
      WHERE [a].[Id] > 0
info: Microsoft.EntityFrameworkCore.Database.Command[20101]
      Executed DbCommand (16ms) [Parameters=[@__f_Id_0='1' (Nullable = true), @__dash_Id_1='109' (Nullable = true), @__8__locals2_roleEntity_Id_2='73c5116f-252e-4300-ba0c-1c42910a5ed2' (Size = 4000)], CommandType='Text', CommandTimeout='30']
      SELECT CASE
          WHEN EXISTS (
              SELECT 1
              FROM [AuthPermissions] AS [a]
              WHERE [a].[FunctionId] = @__f_Id_0 AND [a].[DashboardId] = @__dash_Id_1 AND [a].[RoleId] = @__8__locals2_roleEntity_Id_2) THEN CAST(1 AS bit)
          ELSE CAST(0 AS bit)
      END
info: Microsoft.EntityFrameworkCore.Database.Command[20101]
      Executed DbCommand (15ms) [Parameters=[@__f_Id_0='2' (Nullable = true), @__dash_Id_1='109' (Nullable = true), @__8__locals2_roleEntity_Id_2='73c5116f-252e-4300-ba0c-1c42910a5ed2' (Size = 4000)], CommandType='Text', CommandTimeout='30']
      SELECT CASE
          WHEN EXISTS (
              SELECT 1
              FROM [AuthPermissions] AS [a]
              WHERE [a].[FunctionId] = @__f_Id_0 AND [a].[DashboardId] = @__dash_Id_1 AND [a].[RoleId] = @__8__locals2_roleEntity_Id_2) THEN CAST(1 AS bit)
          ELSE CAST(0 AS bit)
      END
info: Microsoft.EntityFrameworkCore.Database.Command[20101]
      Executed DbCommand (16ms) [Parameters=[@__f_Id_0='3' (Nullable = true), @__dash_Id_1='109' (Nullable = true), @__8__locals2_roleEntity_Id_2='73c5116f-252e-4300-ba0c-1c42910a5ed2' (Size = 4000)], CommandType='Text', CommandTimeout='30']
      SELECT CASE
          WHEN EXISTS (
              SELECT 1
              FROM [AuthPermissions] AS [a]
              WHERE [a].[FunctionId] = @__f_Id_0 AND [a].[DashboardId] = @__dash_Id_1 AND [a].[RoleId] = @__8__locals2_roleEntity_Id_2) THEN CAST(1 AS bit)
          ELSE CAST(0 AS bit)
      END
info: Microsoft.EntityFrameworkCore.Database.Command[20101]
      Executed DbCommand (15ms) [Parameters=[@__f_Id_0='4' (Nullable = true), @__dash_Id_1='109' (Nullable = true), @__8__locals2_roleEntity_Id_2='73c5116f-252e-4300-ba0c-1c42910a5ed2' (Size = 4000)], CommandType='Text', CommandTimeout='30']
      SELECT CASE
          WHEN EXISTS (
              SELECT 1
              FROM [AuthPermissions] AS [a]
              WHERE [a].[FunctionId] = @__f_Id_0 AND [a].[DashboardId] = @__dash_Id_1 AND [a].[RoleId] = @__8__locals2_roleEntity_Id_2) THEN CAST(1 AS bit)
          ELSE CAST(0 AS bit)
      END
info: Microsoft.EntityFrameworkCore.Database.Command[20101]
      Executed DbCommand (16ms) [Parameters=[@__f_Id_0='5' (Nullable = true), @__dash_Id_1='109' (Nullable = true), @__8__locals2_roleEntity_Id_2='73c5116f-252e-4300-ba0c-1c42910a5ed2' (Size = 4000)], CommandType='Text', CommandTimeout='30']
      SELECT CASE
          WHEN EXISTS (
              SELECT 1
              FROM [AuthPermissions] AS [a]
              WHERE [a].[FunctionId] = @__f_Id_0 AND [a].[DashboardId] = @__dash_Id_1 AND [a].[RoleId] = @__8__locals2_roleEntity_Id_2) THEN CAST(1 AS bit)
          ELSE CAST(0 AS bit)
      END
info: Microsoft.EntityFrameworkCore.Database.Command[20101]
      Executed DbCommand (15ms) [Parameters=[], CommandType='Text', CommandTimeout='30']
      SELECT [a].[Id], [a].[Description], [a].[PermitCode], [a].[PermitName]
      FROM [AuthFunctions] AS [a]
      WHERE [a].[Id] > 0
info: Microsoft.EntityFrameworkCore.Database.Command[20101]
      Executed DbCommand (15ms) [Parameters=[@__f_Id_0='1' (Nullable = true), @__dash_Id_1='110' (Nullable = true), @__8__locals2_roleEntity_Id_2='73c5116f-252e-4300-ba0c-1c42910a5ed2' (Size = 4000)], CommandType='Text', CommandTimeout='30']
      SELECT CASE
          WHEN EXISTS (
              SELECT 1
              FROM [AuthPermissions] AS [a]
              WHERE [a].[FunctionId] = @__f_Id_0 AND [a].[DashboardId] = @__dash_Id_1 AND [a].[RoleId] = @__8__locals2_roleEntity_Id_2) THEN CAST(1 AS bit)
          ELSE CAST(0 AS bit)
      END
info: Microsoft.EntityFrameworkCore.Database.Command[20101]
      Executed DbCommand (16ms) [Parameters=[@__f_Id_0='2' (Nullable = true), @__dash_Id_1='110' (Nullable = true), @__8__locals2_roleEntity_Id_2='73c5116f-252e-4300-ba0c-1c42910a5ed2' (Size = 4000)], CommandType='Text', CommandTimeout='30']
      SELECT CASE
          WHEN EXISTS (
              SELECT 1
              FROM [AuthPermissions] AS [a]
              WHERE [a].[FunctionId] = @__f_Id_0 AND [a].[DashboardId] = @__dash_Id_1 AND [a].[RoleId] = @__8__locals2_roleEntity_Id_2) THEN CAST(1 AS bit)
          ELSE CAST(0 AS bit)
      END
info: Microsoft.EntityFrameworkCore.Database.Command[20101]
      Executed DbCommand (15ms) [Parameters=[@__f_Id_0='3' (Nullable = true), @__dash_Id_1='110' (Nullable = true), @__8__locals2_roleEntity_Id_2='73c5116f-252e-4300-ba0c-1c42910a5ed2' (Size = 4000)], CommandType='Text', CommandTimeout='30']
      SELECT CASE
          WHEN EXISTS (
              SELECT 1
              FROM [AuthPermissions] AS [a]
              WHERE [a].[FunctionId] = @__f_Id_0 AND [a].[DashboardId] = @__dash_Id_1 AND [a].[RoleId] = @__8__locals2_roleEntity_Id_2) THEN CAST(1 AS bit)
          ELSE CAST(0 AS bit)
      END
info: Microsoft.EntityFrameworkCore.Database.Command[20101]
      Executed DbCommand (15ms) [Parameters=[@__f_Id_0='4' (Nullable = true), @__dash_Id_1='110' (Nullable = true), @__8__locals2_roleEntity_Id_2='73c5116f-252e-4300-ba0c-1c42910a5ed2' (Size = 4000)], CommandType='Text', CommandTimeout='30']
      SELECT CASE
          WHEN EXISTS (
              SELECT 1
              FROM [AuthPermissions] AS [a]
              WHERE [a].[FunctionId] = @__f_Id_0 AND [a].[DashboardId] = @__dash_Id_1 AND [a].[RoleId] = @__8__locals2_roleEntity_Id_2) THEN CAST(1 AS bit)
          ELSE CAST(0 AS bit)
      END
info: Microsoft.EntityFrameworkCore.Database.Command[20101]
      Executed DbCommand (15ms) [Parameters=[@__f_Id_0='5' (Nullable = true), @__dash_Id_1='110' (Nullable = true), @__8__locals2_roleEntity_Id_2='73c5116f-252e-4300-ba0c-1c42910a5ed2' (Size = 4000)], CommandType='Text', CommandTimeout='30']
      SELECT CASE
          WHEN EXISTS (
              SELECT 1
              FROM [AuthPermissions] AS [a]
              WHERE [a].[FunctionId] = @__f_Id_0 AND [a].[DashboardId] = @__dash_Id_1 AND [a].[RoleId] = @__8__locals2_roleEntity_Id_2) THEN CAST(1 AS bit)
          ELSE CAST(0 AS bit)
      END
info: Microsoft.EntityFrameworkCore.Database.Command[20101]
      Executed DbCommand (15ms) [Parameters=[], CommandType='Text', CommandTimeout='30']
      SELECT [a].[Id], [a].[Description], [a].[PermitCode], [a].[PermitName]
      FROM [AuthFunctions] AS [a]
      WHERE [a].[Id] > 0
info: Microsoft.EntityFrameworkCore.Database.Command[20101]
      Executed DbCommand (15ms) [Parameters=[@__f_Id_0='1' (Nullable = true), @__dash_Id_1='111' (Nullable = true), @__8__locals2_roleEntity_Id_2='73c5116f-252e-4300-ba0c-1c42910a5ed2' (Size = 4000)], CommandType='Text', CommandTimeout='30']
      SELECT CASE
          WHEN EXISTS (
              SELECT 1
              FROM [AuthPermissions] AS [a]
              WHERE [a].[FunctionId] = @__f_Id_0 AND [a].[DashboardId] = @__dash_Id_1 AND [a].[RoleId] = @__8__locals2_roleEntity_Id_2) THEN CAST(1 AS bit)
          ELSE CAST(0 AS bit)
      END
info: Microsoft.EntityFrameworkCore.Database.Command[20101]
      Executed DbCommand (15ms) [Parameters=[@__f_Id_0='2' (Nullable = true), @__dash_Id_1='111' (Nullable = true), @__8__locals2_roleEntity_Id_2='73c5116f-252e-4300-ba0c-1c42910a5ed2' (Size = 4000)], CommandType='Text', CommandTimeout='30']
      SELECT CASE
          WHEN EXISTS (
              SELECT 1
              FROM [AuthPermissions] AS [a]
              WHERE [a].[FunctionId] = @__f_Id_0 AND [a].[DashboardId] = @__dash_Id_1 AND [a].[RoleId] = @__8__locals2_roleEntity_Id_2) THEN CAST(1 AS bit)
          ELSE CAST(0 AS bit)
      END
info: Microsoft.EntityFrameworkCore.Database.Command[20101]
      Executed DbCommand (15ms) [Parameters=[@__f_Id_0='3' (Nullable = true), @__dash_Id_1='111' (Nullable = true), @__8__locals2_roleEntity_Id_2='73c5116f-252e-4300-ba0c-1c42910a5ed2' (Size = 4000)], CommandType='Text', CommandTimeout='30']
      SELECT CASE
          WHEN EXISTS (
              SELECT 1
              FROM [AuthPermissions] AS [a]
              WHERE [a].[FunctionId] = @__f_Id_0 AND [a].[DashboardId] = @__dash_Id_1 AND [a].[RoleId] = @__8__locals2_roleEntity_Id_2) THEN CAST(1 AS bit)
          ELSE CAST(0 AS bit)
      END
info: Microsoft.EntityFrameworkCore.Database.Command[20101]
      Executed DbCommand (15ms) [Parameters=[@__f_Id_0='4' (Nullable = true), @__dash_Id_1='111' (Nullable = true), @__8__locals2_roleEntity_Id_2='73c5116f-252e-4300-ba0c-1c42910a5ed2' (Size = 4000)], CommandType='Text', CommandTimeout='30']
      SELECT CASE
          WHEN EXISTS (
              SELECT 1
              FROM [AuthPermissions] AS [a]
              WHERE [a].[FunctionId] = @__f_Id_0 AND [a].[DashboardId] = @__dash_Id_1 AND [a].[RoleId] = @__8__locals2_roleEntity_Id_2) THEN CAST(1 AS bit)
          ELSE CAST(0 AS bit)
      END
info: Microsoft.EntityFrameworkCore.Database.Command[20101]
      Executed DbCommand (17ms) [Parameters=[@__f_Id_0='5' (Nullable = true), @__dash_Id_1='111' (Nullable = true), @__8__locals2_roleEntity_Id_2='73c5116f-252e-4300-ba0c-1c42910a5ed2' (Size = 4000)], CommandType='Text', CommandTimeout='30']
      SELECT CASE
          WHEN EXISTS (
              SELECT 1
              FROM [AuthPermissions] AS [a]
              WHERE [a].[FunctionId] = @__f_Id_0 AND [a].[DashboardId] = @__dash_Id_1 AND [a].[RoleId] = @__8__locals2_roleEntity_Id_2) THEN CAST(1 AS bit)
          ELSE CAST(0 AS bit)
      END
info: Microsoft.EntityFrameworkCore.Database.Command[20101]
      Executed DbCommand (15ms) [Parameters=[@__user_Id_0='725e2617-76a2-445a-9001-c729ebd56929' (Size = 4000)], CommandType='Text', CommandTimeout='30']
      SELECT [a].[DashboardId]
      FROM [AuthUserDashboards] AS [a]
      WHERE [a].[UserId] = @__user_Id_0
info: Microsoft.EntityFrameworkCore.Database.Command[20101]
      Executed DbCommand (17ms) [Parameters=[@__normalizedUserName_0='ADMIN' (Size = 256)], CommandType='Text', CommandTimeout='30']
      SELECT TOP(1) [a].[Id], [a].[AccessFailedCount], [a].[ConcurrencyStamp], [a].[CreatedTime], [a].[CreatedUser], [a].[Email], [a].[EmailConfirmed], [a].[FullName], [a].[IdHuyen], [a].[IsDeleted], [a].[LockoutEnabled], [a].[LockoutEnd], [a].[ModifiedTime], [a].[ModifiedUser], [a].[NormalizedEmail], [a].[NormalizedUserName], [a].[PasswordHash], [a].[PasswordSalt], [a].[PhoneNumber], [a].[PhoneNumberConfirmed], [a].[SecurityStamp], [a].[TwoFactorEnabled], [a].[UserName]
      FROM [AspNetUsers] AS [a]
      WHERE [a].[NormalizedUserName] = @__normalizedUserName_0
info: Microsoft.EntityFrameworkCore.Database.Command[20101]
      Executed DbCommand (17ms) [Parameters=[], CommandType='Text', CommandTimeout='30']
      SELECT COUNT(*)
      FROM [GP_ThongTin] AS [g]
      WHERE [g].[DaXoa] = CAST(0 AS bit)
info: Microsoft.EntityFrameworkCore.Database.Command[20101]
      Executed DbCommand (19ms) [Parameters=[@__p_0='725e2617-76a2-445a-9001-c729ebd56929' (Size = 450)], CommandType='Text', CommandTimeout='120']
      SELECT TOP(1) [a].[Id], [a].[AccessFailedCount], [a].[ConcurrencyStamp], [a].[CreatedTime], [a].[CreatedUser], [a].[Email], [a].[EmailConfirmed], [a].[FullName], [a].[IdHuyen], [a].[IsDeleted], [a].[LockoutEnabled], [a].[LockoutEnd], [a].[ModifiedTime], [a].[ModifiedUser], [a].[NormalizedEmail], [a].[NormalizedUserName], [a].[PasswordHash], [a].[PasswordSalt], [a].[PhoneNumber], [a].[PhoneNumberConfirmed], [a].[SecurityStamp], [a].[TwoFactorEnabled], [a].[UserName]
      FROM [AspNetUsers] AS [a]
      WHERE [a].[Id] = @__p_0
info: Microsoft.EntityFrameworkCore.Database.Command[20101]
      Executed DbCommand (19ms) [Parameters=[], CommandType='Text', CommandTimeout='30']
      SELECT COUNT(*)
      FROM [GP_ThongTin] AS [g]
      WHERE [g].[DaXoa] = CAST(0 AS bit) AND LOWER([g].[CoQuanCapPhep]) = N'btnmt'
info: Microsoft.EntityFrameworkCore.Database.Command[20101]
      Executed DbCommand (18ms) [Parameters=[@__normalizedRoleName_0='CONSTRUCTION' (Size = 256)], CommandType='Text', CommandTimeout='120']
      SELECT TOP(2) [a].[Id], [a].[ConcurrencyStamp], [a].[CreatedTime], [a].[CreatedUser], [a].[Description], [a].[IsDefault], [a].[IsDeleted], [a].[ModifiedTime], [a].[ModifiedUser], [a].[Name], [a].[NormalizedName]
      FROM [AspNetRoles] AS [a]
      WHERE [a].[NormalizedName] = @__normalizedRoleName_0
info: Microsoft.EntityFrameworkCore.Database.Command[20101]
      Executed DbCommand (18ms) [Parameters=[], CommandType='Text', CommandTimeout='30']
      SELECT COUNT(*)
      FROM [GP_ThongTin] AS [g]
      WHERE [g].[DaXoa] = CAST(0 AS bit) AND LOWER([g].[CoQuanCapPhep]) = N'ubndt'
info: Microsoft.EntityFrameworkCore.Database.Command[20101]
      Executed DbCommand (24ms) [Parameters=[], CommandType='Text', CommandTimeout='30']
      SELECT [t].[Id], [t].[CoQuanCP], [t].[DaXoa], [t].[FilePDF], [t].[GhiChu], [t].[IdCon], [t].[NgayKy], [t].[SoQDTCQ], [t].[TaiKhoanSua], [t].[TaiKhoanTao], [t].[ThoiGianSua], [t].[ThoiGianTao], [t].[TongTienCQ], [g].[Id], [g].[IdGP], [g].[IdTCQ]
      FROM [TCQ_ThongTin] AS [t]
      LEFT JOIN [GP_TCQ] AS [g] ON [t].[Id] = [g].[IdTCQ]
      WHERE [t].[DaXoa] = CAST(0 AS bit)
      ORDER BY [t].[NgayKy] DESC, [t].[Id]
info: Microsoft.EntityFrameworkCore.Database.Command[20101]
      Executed DbCommand (20ms) [Parameters=[@__p_0='725e2617-76a2-445a-9001-c729ebd56929' (Size = 450), @__p_1='7bd48ecd-c328-4ada-8e05-9358b385597f' (Size = 450)], CommandType='Text', CommandTimeout='120']
      SELECT TOP(1) [a].[UserId], [a].[RoleId]
      FROM [AspNetUserRoles] AS [a]
      WHERE [a].[UserId] = @__p_0 AND [a].[RoleId] = @__p_1
info: Microsoft.EntityFrameworkCore.Database.Command[20101]
      Executed DbCommand (15ms) [Parameters=[@__normalizedRoleName_0='BUSINESS' (Size = 256)], CommandType='Text', CommandTimeout='120']
      SELECT TOP(2) [a].[Id], [a].[ConcurrencyStamp], [a].[CreatedTime], [a].[CreatedUser], [a].[Description], [a].[IsDefault], [a].[IsDeleted], [a].[ModifiedTime], [a].[ModifiedUser], [a].[Name], [a].[NormalizedName]
      FROM [AspNetRoles] AS [a]
      WHERE [a].[NormalizedName] = @__normalizedRoleName_0
info: Microsoft.EntityFrameworkCore.Database.Command[20101]
      Executed DbCommand (17ms) [Parameters=[@__p_0='725e2617-76a2-445a-9001-c729ebd56929' (Size = 450), @__p_1='11fdb212-da4d-40a1-90da-07f8bb9c3765' (Size = 450)], CommandType='Text', CommandTimeout='120']
      SELECT TOP(1) [a].[UserId], [a].[RoleId]
      FROM [AspNetUserRoles] AS [a]
      WHERE [a].[UserId] = @__p_0 AND [a].[RoleId] = @__p_1
info: Microsoft.EntityFrameworkCore.Database.Command[20101]
      Executed DbCommand (18ms) [Parameters=[], CommandType='Text', CommandTimeout='120']
      SELECT COUNT(*)
      FROM [CT_ThongTin] AS [c]
      WHERE [c].[DaXoa] = CAST(0 AS bit)
info: Microsoft.EntityFrameworkCore.Database.Command[20101]
      Executed DbCommand (20ms) [Parameters=[], CommandType='Text', CommandTimeout='30']
      SELECT [t].[Id], [t].[CoQuanCP], [t].[DaXoa], [t].[FilePDF], [t].[GhiChu], [t].[IdCon], [t].[NgayKy], [t].[SoQDTCQ], [t].[TaiKhoanSua], [t].[TaiKhoanTao], [t].[ThoiGianSua], [t].[ThoiGianTao], [t].[TongTienCQ], [g].[Id], [g].[IdGP], [g].[IdTCQ]
      FROM [TCQ_ThongTin] AS [t]
      LEFT JOIN [GP_TCQ] AS [g] ON [t].[Id] = [g].[IdTCQ]
      WHERE [t].[DaXoa] = CAST(0 AS bit)
      ORDER BY [t].[NgayKy] DESC, [t].[Id]
info: Microsoft.EntityFrameworkCore.Database.Command[20101]
      Executed DbCommand (26ms) [Parameters=[], CommandType='Text', CommandTimeout='30']
      SELECT [t].[Id], [t].[CoQuanCP], [t].[DaXoa], [t].[FilePDF], [t].[GhiChu], [t].[IdCon], [t].[NgayKy], [t].[SoQDTCQ], [t].[TaiKhoanSua], [t].[TaiKhoanTao], [t].[ThoiGianSua], [t].[ThoiGianTao], [t].[TongTienCQ], [g].[Id], [g].[IdGP], [g].[IdTCQ]
      FROM [TCQ_ThongTin] AS [t]
      LEFT JOIN [GP_TCQ] AS [g] ON [t].[Id] = [g].[IdTCQ]
      WHERE [t].[DaXoa] = CAST(0 AS bit) AND [t].[CoQuanCP] = N'UBNDT'
      ORDER BY [t].[NgayKy] DESC, [t].[Id]
warn: Microsoft.EntityFrameworkCore.Query[20504]
      Compiling a query which loads related collections for more than one collection navigation, either via 'Include' or through projection, but no 'QuerySplittingBehavior' has been configured. By default, Entity Framework will use 'QuerySplittingBehavior.SingleQuery', which can potentially result in slow query performance. See https://go.microsoft.com/fwlink/?linkid=2134277 for more information. To identify the query that's triggering this warning call 'ConfigureWarnings(w => w.Throw(RelationalEventId.MultipleCollectionIncludeWarning))'.
info: Microsoft.EntityFrameworkCore.Database.Command[20101]
      Executed DbCommand (20ms) [Parameters=[], CommandType='Text', CommandTimeout='30']
      SELECT [t].[Id], [t].[CoQuanCP], [t].[DaXoa], [t].[FilePDF], [t].[GhiChu], [t].[IdCon], [t].[NgayKy], [t].[SoQDTCQ], [t].[TaiKhoanSua], [t].[TaiKhoanTao], [t].[ThoiGianSua], [t].[ThoiGianTao], [t].[TongTienCQ], [g].[Id], [g].[IdGP], [g].[IdTCQ]
      FROM [TCQ_ThongTin] AS [t]
      LEFT JOIN [GP_TCQ] AS [g] ON [t].[Id] = [g].[IdTCQ]
      WHERE [t].[DaXoa] = CAST(0 AS bit) AND [t].[CoQuanCP] = N'UBNDT'
      ORDER BY [t].[NgayKy] DESC, [t].[Id]
info: Microsoft.EntityFrameworkCore.Database.Command[20101]
      Executed DbCommand (396ms) [Parameters=[@__p_0='0', @__p_1='1000'], CommandType='Text', CommandTimeout='120']
      SELECT [t].[Id], [t].[CapCT], [t].[ChuThich], [t].[DaXoa], [t].[IdLoaiCT], [t].[IdLuuVuc], [t].[IdSong], [t].[IdTangChuaNuoc], [t].[IdTieuLuuVuc], [t].[KhoiLuongCacHangMucTD], [t].[MaCT], [t].[MucDichHNK], [t].[MucDichKT], [t].[MucDichhTD], [t].[NamBatDauVanHanh], [t].[NguonNuocKT], [t].[PhuongThucKT], [t].[QKTThietKe], [t].[QKTThucTe], [t].[QuyMoHNK], [t].[SoDiemXaThai], [t].[SoLuongGieng], [t].[SoLuongGiengKT], [t].[SoLuongGiengQT], [t].[TaiKhoan], [t].[TaiKhoanSua], [t].[TaiKhoanTao], [t].[TenCT], [t].[ThoiGianHNK], [t].[ThoiGianKT], [t].[ThoiGianSua], [t].[ThoiGianTao], [t].[ThoiGianXD], [t].[ViTriCT], [t].[ViTriXT], [t].[X], [t].[Y], [c0].[Id], [c0].[ChuThich], [c0].[DaXoa], [c0].[IdCha], [c0].[MaLoaiCT], [c0].[TaiKhoanSua], [c0].[TaiKhoanTao], [c0].[TenLoaiCT], [c0].[ThoiGianSua], [c0].[ThoiGianTao], [t0].[Id], [t0].[DaXoa], [t0].[KyHieuTCN], [t0].[SoLuongGiengQT], [t0].[TaiKhoanSua], [t0].[TaiKhoanTao], [t0].[TenTCN], [t0].[ThoiGianSua], [t0].[ThoiGianTao], [c1].[Id], [l].[Id], [t1].[Id], [t1].[ChuThich], [t1].[DaXoa], [t1].[IdCT], [t1].[IdTangChuaNuoc], [t1].[TaiKhoanSua], [t1].[TaiKhoanTao], [t1].[TenHangMuc], [t1].[ThoiGianSua], [t1].[ThoiGianTao], [t1].[V?TriHangMuc], [t1].[X], [t1].[Y], [t1].[Id0], [t1].[CaoTrinhCong], [t1].[CaoTrinhDap], [t1].[CheDoKT], [t1].[CheDoXT], [t1].[ChieuCaoDap], [t1].[ChieuDaiCong], [t1].[ChieuDaiDap], [t1].[ChieuRongDap], [t1].[ChieuSauDoanThuNuocDen], [t1].[ChieuSauDoanThuNuocTu], [t1].[CongSuatBom], [t1].[CongSuatDamBao], [t1].[CongSuatLM], [t1].[DienTichLuuVuc], [t1].[DienTichTuoiThietKe], [t1].[DienTichTuoiThucTe], [t1].[DungTichChet], [t1].[DungTichHuuIch], [t1].[DungTichToanBo], [t1].[DuongKinhCong], [t1].[HBeHut], [t1].[HDatOngLocDen], [t1].[HDatOngLocTu], [t1].[HDoanThuNuocDen], [t1].[HDoanThuNuocTu], [t1].[HDong], [t1].[HGiengKT], [t1].[HHaLuu], [t1].[HHaThap], [t1].[HThuongLuu], [t1].[HTinh], [t1].[Hgieng], [t1].[Hlu], [t1].[Hmax], [t1].[Hmin], [t1].[HtoiThieu], [t1].[IdCT0], [t1].[IdHangMucCT], [t1].[KichThuocCong], [t1].[KqKf], [t1].[LuongNuocKT], [t1].[MNC], [t1].[MNDBT], [t1].[MNLKT], [t1].[MNLTK], [t1].[MuaTrungBinhNam], [t1].[MucNuocDong], [t1].[MucNuocTinh], [t1].[NguonNuocXT], [t1].[NguongTran], [t1].[PhuongThucXT], [t1].[QBomLonNhat], [t1].[QBomThietKe], [t1].[QDamBao], [t1].[QKTCapNuocSinhHoat], [t1].[QKTLonNhat], [t1].[QKhaiThac], [t1].[QLonNhatTruocLu], [t1].[QMaxKT], [t1].[QMaxXaThai], [t1].[QThietKe], [t1].[QThucTe], [t1].[QTrungBinhNam], [t1].[QXaThai], [t1].[QXaThaiLonNhat], [t1].[QXaThaiTB], [t1].[QXaTran], [t1].[QmaxNM], [t1].[Qtt], [t1].[SoLuongMayBom], [t1].[ThoiGianBomLonNhat], [t1].[ThoiGianBomNhoNhat], [t1].[ThoiGianBomTB], [c1].[CaoTrinhCong], [c1].[CaoTrinhDap], [c1].[CheDoKT], [c1].[CheDoXT], [c1].[ChieuCaoDap], [c1].[ChieuDaiCong], [c1].[ChieuDaiDap], [c1].[ChieuRongDap], [c1].[ChieuSauDoanThuNuocDen], [c1].[ChieuSauDoanThuNuocTu], [c1].[CongSuatBom], [c1].[CongSuatDamBao], [c1].[CongSuatLM], [c1].[DienTichLuuVuc], [c1].[DienTichTuoiThietKe], [c1].[DienTichTuoiThucTe], [c1].[DungTichChet], [c1].[DungTichHuuIch], [c1].[DungTichToanBo], [c1].[DuongKinhCong], [c1].[HBeHut], [c1].[HDatOngLocDen], [c1].[HDatOngLocTu], [c1].[HDoanThuNuocDen], [c1].[HDoanThuNuocTu], [c1].[HDong], [c1].[HGiengKT], [c1].[HHaLuu], [c1].[HHaThap], [c1].[HThuongLuu], [c1].[HTinh], [c1].[Hgieng], [c1].[Hlu], [c1].[Hmax], [c1].[Hmin], [c1].[HtoiThieu], [c1].[IdCT], [c1].[IdHangMucCT], [c1].[KichThuocCong], [c1].[KqKf], [c1].[LuongNuocKT], [c1].[MNC], [c1].[MNDBT], [c1].[MNLKT], [c1].[MNLTK], [c1].[MuaTrungBinhNam], [c1].[MucNuocDong], [c1].[MucNuocTinh], [c1].[NguonNuocXT], [c1].[NguongTran], [c1].[PhuongThucXT], [c1].[QBomLonNhat], [c1].[QBomThietKe], [c1].[QDamBao], [c1].[QKTCapNuocSinhHoat], [c1].[QKTLonNhat], [c1].[QKhaiThac], [c1].[QLonNhatTruocLu], [c1].[QMaxKT], [c1].[QMaxXaThai], [c1].[QThietKe], [c1].[QThucTe], [c1].[QTrungBinhNam], [c1].[QXaThai], [c1].[QXaThaiLonNhat], [c1].[QXaThaiTB], [c1].[QXaTran], [c1].[QmaxNM], [c1].[Qtt], [c1].[SoLuongMayBom], [c1].[ThoiGianBomLonNhat], [c1].[ThoiGianBomNhoNhat], [c1].[ThoiGianBomTB], [l].[BanDo], [l].[ChieuDaiSongChinh], [l].[ChuGiai], [l].[DaXoa], [l].[DienTich], [l].[FileKML], [l].[IdHuyen], [l].[IdXa], [l].[NgayBatDau], [l].[NgayKetThuc], [l].[SoQuyTrinh], [l].[TaiKhoanSua], [l].[TaiKhoanTao], [l].[TenLVS], [l].[ThoiGianSua], [l].[ThoiGianTao], [l].[ViTriQT], [t2].[Id], [t2].[IdCongTrinh], [t2].[IdHuyen], [t2].[IdXa], [t2].[IdXa0], [t2].[CapHanhChinh], [t2].[DaXoa], [t2].[IdHuyen0], [t2].[TaiKhoanSua], [t2].[TaiKhoanTao], [t2].[TenXa], [t2].[ThoiGianSua], [t2].[ThoiGianTao], [t2].[IdHuyen1], [t2].[CapHanhChinh0], [t2].[DaXoa0], [t2].[TaiKhoanSua0], [t2].[TaiKhoanTao0], [t2].[TenHuyen], [t2].[ThoiGianSua0], [t2].[ThoiGianTao0], [t3].[Id], [t3].[CoQuanCapPhep], [t3].[DaBiThuHoi], [t3].[DaXoa], [t3].[FileDonXinCP], [t3].[FileGiayPhep], [t3].[FileGiayToLienQuan], [t3].[IdCT], [t3].[IdCon], [t3].[IdLoaiGP], [t3].[IdTCCN], [t3].[NgayCoHieuLuc], [t3].[NgayHetHieuLuc], [t3].[NgayKy], [t3].[SoGP], [t3].[TaiKhoanSua], [t3].[TaiKhoanTao], [t3].[TenGP], [t3].[ThoiGianSua], [t3].[ThoiGianTao], [t3].[ThoiHan], [t3].[TrangThaiCapPhep], [t3].[Id0], [t3].[DaXoa0], [t3].[DiaChi], [t3].[Email], [t3].[Fax], [t3].[GiamDoc], [t3].[MaSoThue], [t3].[NguoiDaiDienPhapLuat], [t3].[NguoiDuocUyQuyen], [t3].[SDT], [t3].[TaiKhoan], [t3].[TaiKhoanSua0], [t3].[TaiKhoanTao0], [t3].[TenTCCN], [t3].[ThoiGianSua0], [t3].[ThoiGianTao0], [t3].[Id1], [t3].[IdGP], [t3].[IdTCQ], [t3].[Id00], [t3].[CoQuanCP], [t3].[DaXoa1], [t3].[FilePDF], [t3].[GhiChu], [t3].[IdCon0], [t3].[NgayKy0], [t3].[SoQDTCQ], [t3].[TaiKhoanSua1], [t3].[TaiKhoanTao1], [t3].[ThoiGianSua1], [t3].[ThoiGianTao1], [t3].[TongTienCQ], [t7].[Id], [t7].[DaXoa], [t7].[DonViDo], [t7].[GhiChu], [t7].[IdCT], [t7].[IdMucDich], [t7].[LuuLuong], [t7].[TaiKhoanSua], [t7].[TaiKhoanTao], [t7].[ThoiGianSua], [t7].[ThoiGianTao], [t7].[Id0], [t7].[DaXoa0], [t7].[MucDich], [t7].[TaiKhoanSua0], [t7].[TaiKhoanTao0], [t7].[ThoiGianSua0], [t7].[ThoiGianTao0]
      FROM (
          SELECT [c].[Id], [c].[CapCT], [c].[ChuThich], [c].[DaXoa], [c].[IdLoaiCT], [c].[IdLuuVuc], [c].[IdSong], [c].[IdTangChuaNuoc], [c].[IdTieuLuuVuc], [c].[KhoiLuongCacHangMucTD], [c].[MaCT], [c].[MucDichHNK], [c].[MucDichKT], [c].[MucDichhTD], [c].[NamBatDauVanHanh], [c].[NguonNuocKT], [c].[PhuongThucKT], [c].[QKTThietKe], [c].[QKTThucTe], [c].[QuyMoHNK], [c].[SoDiemXaThai], [c].[SoLuongGieng], [c].[SoLuongGiengKT], [c].[SoLuongGiengQT], [c].[TaiKhoan], [c].[TaiKhoanSua], [c].[TaiKhoanTao], [c].[TenCT], [c].[ThoiGianHNK], [c].[ThoiGianKT], [c].[ThoiGianSua], [c].[ThoiGianTao], [c].[ThoiGianXD], [c].[ViTriCT], [c].[ViTriXT], [c].[X], [c].[Y]
          FROM [CT_ThongTin] AS [c]
          WHERE [c].[DaXoa] = CAST(0 AS bit)
          ORDER BY [c].[IdLoaiCT]
          OFFSET @__p_0 ROWS FETCH NEXT @__p_1 ROWS ONLY
      ) AS [t]
      LEFT JOIN [CT_Loai] AS [c0] ON [t].[IdLoaiCT] = [c0].[Id]
      LEFT JOIN [TangChuaNuoc] AS [t0] ON [t].[IdTangChuaNuoc] = [t0].[Id]
      LEFT JOIN [CT_ThongSo] AS [c1] ON [t].[Id] = [c1].[IdCT]
      LEFT JOIN [LuuVucSong] AS [l] ON [t].[IdLuuVuc] = [l].[Id]
      LEFT JOIN (
          SELECT [c2].[Id], [c2].[ChuThich], [c2].[DaXoa], [c2].[IdCT], [c2].[IdTangChuaNuoc], [c2].[TaiKhoanSua], [c2].[TaiKhoanTao], [c2].[TenHangMuc], [c2].[ThoiGianSua], [c2].[ThoiGianTao], [c2].[V?TriHangMuc], [c2].[X], [c2].[Y], [c3].[Id] AS [Id0], [c3].[CaoTrinhCong], [c3].[CaoTrinhDap], [c3].[CheDoKT], [c3].[CheDoXT], [c3].[ChieuCaoDap], [c3].[ChieuDaiCong], [c3].[ChieuDaiDap], [c3].[ChieuRongDap], [c3].[ChieuSauDoanThuNuocDen], [c3].[ChieuSauDoanThuNuocTu], [c3].[CongSuatBom], [c3].[CongSuatDamBao], [c3].[CongSuatLM], [c3].[DienTichLuuVuc], [c3].[DienTichTuoiThietKe], [c3].[DienTichTuoiThucTe], [c3].[DungTichChet], [c3].[DungTichHuuIch], [c3].[DungTichToanBo], [c3].[DuongKinhCong], [c3].[HBeHut], [c3].[HDatOngLocDen], [c3].[HDatOngLocTu], [c3].[HDoanThuNuocDen], [c3].[HDoanThuNuocTu], [c3].[HDong], [c3].[HGiengKT], [c3].[HHaLuu], [c3].[HHaThap], [c3].[HThuongLuu], [c3].[HTinh], [c3].[Hgieng], [c3].[Hlu], [c3].[Hmax], [c3].[Hmin], [c3].[HtoiThieu], [c3].[IdCT] AS [IdCT0], [c3].[IdHangMucCT], [c3].[KichThuocCong], [c3].[KqKf], [c3].[LuongNuocKT], [c3].[MNC], [c3].[MNDBT], [c3].[MNLKT], [c3].[MNLTK], [c3].[MuaTrungBinhNam], [c3].[MucNuocDong], [c3].[MucNuocTinh], [c3].[NguonNuocXT], [c3].[NguongTran], [c3].[PhuongThucXT], [c3].[QBomLonNhat], [c3].[QBomThietKe], [c3].[QDamBao], [c3].[QKTCapNuocSinhHoat], [c3].[QKTLonNhat], [c3].[QKhaiThac], [c3].[QLonNhatTruocLu], [c3].[QMaxKT], [c3].[QMaxXaThai], [c3].[QThietKe], [c3].[QThucTe], [c3].[QTrungBinhNam], [c3].[QXaThai], [c3].[QXaThaiLonNhat], [c3].[QXaThaiTB], [c3].[QXaTran], [c3].[QmaxNM], [c3].[Qtt], [c3].[SoLuongMayBom], [c3].[ThoiGianBomLonNhat], [c3].[ThoiGianBomNhoNhat], [c3].[ThoiGianBomTB]
          FROM [CT_HangMuc] AS [c2]
          LEFT JOIN [CT_ThongSo] AS [c3] ON [c2].[Id] = [c3].[IdHangMucCT]
      ) AS [t1] ON [t].[Id] = [t1].[IdCT]
      LEFT JOIN (
          SELECT [c4].[Id], [c4].[IdCongTrinh], [c4].[IdHuyen], [c4].[IdXa], [x].[IdXa] AS [IdXa0], [x].[CapHanhChinh], [x].[DaXoa], [x].[IdHuyen] AS [IdHuyen0], [x].[TaiKhoanSua], [x].[TaiKhoanTao], [x].[TenXa], [x].[ThoiGianSua], [x].[ThoiGianTao], [h].[IdHuyen] AS [IdHuyen1], [h].[CapHanhChinh] AS [CapHanhChinh0], [h].[DaXoa] AS [DaXoa0], [h].[TaiKhoanSua] AS [TaiKhoanSua0], [h].[TaiKhoanTao] AS [TaiKhoanTao0], [h].[TenHuyen], [h].[ThoiGianSua] AS [ThoiGianSua0], [h].[ThoiGianTao] AS [ThoiGianTao0]
          FROM [CT_ViTri] AS [c4]
          LEFT JOIN [Xa] AS [x] ON [c4].[IdXa] = [x].[IdXa]
          LEFT JOIN [Huyen] AS [h] ON [c4].[IdHuyen] = [h].[IdHuyen]
      ) AS [t2] ON [t].[Id] = [t2].[IdCongTrinh]
      LEFT JOIN (
          SELECT [g].[Id], [g].[CoQuanCapPhep], [g].[DaBiThuHoi], [g].[DaXoa], [g].[FileDonXinCP], [g].[FileGiayPhep], [g].[FileGiayToLienQuan], [g].[IdCT], [g].[IdCon], [g].[IdLoaiGP], [g].[IdTCCN], [g].[NgayCoHieuLuc], [g].[NgayHetHieuLuc], [g].[NgayKy], [g].[SoGP], [g].[TaiKhoanSua], [g].[TaiKhoanTao], [g].[TenGP], [g].[ThoiGianSua], [g].[ThoiGianTao], [g].[ThoiHan], [g].[TrangThaiCapPhep], [t4].[Id] AS [Id0], [t4].[DaXoa] AS [DaXoa0], [t4].[DiaChi], [t4].[Email], [t4].[Fax], [t4].[GiamDoc], [t4].[MaSoThue], [t4].[NguoiDaiDienPhapLuat], [t4].[NguoiDuocUyQuyen], [t4].[SDT], [t4].[TaiKhoan], [t4].[TaiKhoanSua] AS [TaiKhoanSua0], [t4].[TaiKhoanTao] AS [TaiKhoanTao0], [t4].[TenTCCN], [t4].[ThoiGianSua] AS [ThoiGianSua0], [t4].[ThoiGianTao] AS [ThoiGianTao0], [t5].[Id] AS [Id1], [t5].[IdGP], [t5].[IdTCQ], [t5].[Id0] AS [Id00], [t5].[CoQuanCP], [t5].[DaXoa] AS [DaXoa1], [t5].[FilePDF], [t5].[GhiChu], [t5].[IdCon] AS [IdCon0], [t5].[NgayKy] AS [NgayKy0], [t5].[SoQDTCQ], [t5].[TaiKhoanSua] AS [TaiKhoanSua1], [t5].[TaiKhoanTao] AS [TaiKhoanTao1], [t5].[ThoiGianSua] AS [ThoiGianSua1], [t5].[ThoiGianTao] AS [ThoiGianTao1], [t5].[TongTienCQ]
          FROM [GP_ThongTin] AS [g]
          LEFT JOIN [ToChuc_CaNhan] AS [t4] ON [g].[IdTCCN] = [t4].[Id]
          LEFT JOIN (
              SELECT [g0].[Id], [g0].[IdGP], [g0].[IdTCQ], [t6].[Id] AS [Id0], [t6].[CoQuanCP], [t6].[DaXoa], [t6].[FilePDF], [t6].[GhiChu], [t6].[IdCon], [t6].[NgayKy], [t6].[SoQDTCQ], [t6].[TaiKhoanSua], [t6].[TaiKhoanTao], [t6].[ThoiGianSua], [t6].[ThoiGianTao], [t6].[TongTienCQ]
              FROM [GP_TCQ] AS [g0]
              INNER JOIN [TCQ_ThongTin] AS [t6] ON [g0].[IdTCQ] = [t6].[Id]
          ) AS [t5] ON [g].[Id] = [t5].[IdGP]
      ) AS [t3] ON [t].[Id] = [t3].[IdCT]
      LEFT JOIN (
          SELECT [l0].[Id], [l0].[DaXoa], [l0].[DonViDo], [l0].[GhiChu], [l0].[IdCT], [l0].[IdMucDich], [l0].[LuuLuong], [l0].[TaiKhoanSua], [l0].[TaiKhoanTao], [l0].[ThoiGianSua], [l0].[ThoiGianTao], [m].[Id] AS [Id0], [m].[DaXoa] AS [DaXoa0], [m].[MucDich], [m].[TaiKhoanSua] AS [TaiKhoanSua0], [m].[TaiKhoanTao] AS [TaiKhoanTao0], [m].[ThoiGianSua] AS [ThoiGianSua0], [m].[ThoiGianTao] AS [ThoiGianTao0]
          FROM [LuuLuongTheoMucDich] AS [l0]
          LEFT JOIN [MucDichKT] AS [m] ON [l0].[IdMucDich] = [m].[Id]
      ) AS [t7] ON [t].[Id] = [t7].[IdCT]
      ORDER BY [t].[IdLoaiCT], [t].[Id], [c0].[Id], [t0].[Id], [c1].[Id], [l].[Id], [t1].[Id], [t1].[Id0], [t2].[Id], [t2].[IdXa0], [t2].[IdHuyen1], [t3].[NgayKy] DESC, [t3].[Id], [t3].[Id0], [t3].[Id1], [t3].[Id00], [t7].[Id]
info: Microsoft.EntityFrameworkCore.Database.Command[20101]
      Executed DbCommand (17ms) [Parameters=[@__p_0='725e2617-76a2-445a-9001-c729ebd56929' (Size = 450)], CommandType='Text', CommandTimeout='120']
      SELECT TOP(1) [a].[Id], [a].[AccessFailedCount], [a].[ConcurrencyStamp], [a].[CreatedTime], [a].[CreatedUser], [a].[Email], [a].[EmailConfirmed], [a].[FullName], [a].[IdHuyen], [a].[IsDeleted], [a].[LockoutEnabled], [a].[LockoutEnd], [a].[ModifiedTime], [a].[ModifiedUser], [a].[NormalizedEmail], [a].[NormalizedUserName], [a].[PasswordHash], [a].[PasswordSalt], [a].[PhoneNumber], [a].[PhoneNumberConfirmed], [a].[SecurityStamp], [a].[TwoFactorEnabled], [a].[UserName]
      FROM [AspNetUsers] AS [a]
      WHERE [a].[Id] = @__p_0
info: Microsoft.EntityFrameworkCore.Database.Command[20101]
      Executed DbCommand (17ms) [Parameters=[@__normalizedRoleName_0='CONSTRUCTION' (Size = 256)], CommandType='Text', CommandTimeout='120']
      SELECT TOP(2) [a].[Id], [a].[ConcurrencyStamp], [a].[CreatedTime], [a].[CreatedUser], [a].[Description], [a].[IsDefault], [a].[IsDeleted], [a].[ModifiedTime], [a].[ModifiedUser], [a].[Name], [a].[NormalizedName]
      FROM [AspNetRoles] AS [a]
      WHERE [a].[NormalizedName] = @__normalizedRoleName_0
info: Microsoft.EntityFrameworkCore.Database.Command[20101]
      Executed DbCommand (15ms) [Parameters=[@__p_0='725e2617-76a2-445a-9001-c729ebd56929' (Size = 450), @__p_1='7bd48ecd-c328-4ada-8e05-9358b385597f' (Size = 450)], CommandType='Text', CommandTimeout='120']
      SELECT TOP(1) [a].[UserId], [a].[RoleId]
      FROM [AspNetUserRoles] AS [a]
      WHERE [a].[UserId] = @__p_0 AND [a].[RoleId] = @__p_1
info: Microsoft.EntityFrameworkCore.Database.Command[20101]
      Executed DbCommand (16ms) [Parameters=[@__normalizedRoleName_0='BUSINESS' (Size = 256)], CommandType='Text', CommandTimeout='120']
      SELECT TOP(2) [a].[Id], [a].[ConcurrencyStamp], [a].[CreatedTime], [a].[CreatedUser], [a].[Description], [a].[IsDefault], [a].[IsDeleted], [a].[ModifiedTime], [a].[ModifiedUser], [a].[Name], [a].[NormalizedName]
      FROM [AspNetRoles] AS [a]
      WHERE [a].[NormalizedName] = @__normalizedRoleName_0
info: Microsoft.EntityFrameworkCore.Database.Command[20101]
      Executed DbCommand (16ms) [Parameters=[@__p_0='725e2617-76a2-445a-9001-c729ebd56929' (Size = 450), @__p_1='11fdb212-da4d-40a1-90da-07f8bb9c3765' (Size = 450)], CommandType='Text', CommandTimeout='120']
      SELECT TOP(1) [a].[UserId], [a].[RoleId]
      FROM [AspNetUserRoles] AS [a]
      WHERE [a].[UserId] = @__p_0 AND [a].[RoleId] = @__p_1
info: Microsoft.EntityFrameworkCore.Database.Command[20101]
      Executed DbCommand (20ms) [Parameters=[], CommandType='Text', CommandTimeout='120']
      SELECT COUNT(*)
      FROM [CT_ThongTin] AS [c]
      WHERE [c].[DaXoa] = CAST(0 AS bit)
info: Microsoft.EntityFrameworkCore.Database.Command[20101]
      Executed DbCommand (379ms) [Parameters=[@__p_0='0', @__p_1='1000'], CommandType='Text', CommandTimeout='120']
      SELECT [t].[Id], [t].[CapCT], [t].[ChuThich], [t].[DaXoa], [t].[IdLoaiCT], [t].[IdLuuVuc], [t].[IdSong], [t].[IdTangChuaNuoc], [t].[IdTieuLuuVuc], [t].[KhoiLuongCacHangMucTD], [t].[MaCT], [t].[MucDichHNK], [t].[MucDichKT], [t].[MucDichhTD], [t].[NamBatDauVanHanh], [t].[NguonNuocKT], [t].[PhuongThucKT], [t].[QKTThietKe], [t].[QKTThucTe], [t].[QuyMoHNK], [t].[SoDiemXaThai], [t].[SoLuongGieng], [t].[SoLuongGiengKT], [t].[SoLuongGiengQT], [t].[TaiKhoan], [t].[TaiKhoanSua], [t].[TaiKhoanTao], [t].[TenCT], [t].[ThoiGianHNK], [t].[ThoiGianKT], [t].[ThoiGianSua], [t].[ThoiGianTao], [t].[ThoiGianXD], [t].[ViTriCT], [t].[ViTriXT], [t].[X], [t].[Y], [c0].[Id], [c0].[ChuThich], [c0].[DaXoa], [c0].[IdCha], [c0].[MaLoaiCT], [c0].[TaiKhoanSua], [c0].[TaiKhoanTao], [c0].[TenLoaiCT], [c0].[ThoiGianSua], [c0].[ThoiGianTao], [t0].[Id], [t0].[DaXoa], [t0].[KyHieuTCN], [t0].[SoLuongGiengQT], [t0].[TaiKhoanSua], [t0].[TaiKhoanTao], [t0].[TenTCN], [t0].[ThoiGianSua], [t0].[ThoiGianTao], [c1].[Id], [l].[Id], [t1].[Id], [t1].[ChuThich], [t1].[DaXoa], [t1].[IdCT], [t1].[IdTangChuaNuoc], [t1].[TaiKhoanSua], [t1].[TaiKhoanTao], [t1].[TenHangMuc], [t1].[ThoiGianSua], [t1].[ThoiGianTao], [t1].[V?TriHangMuc], [t1].[X], [t1].[Y], [t1].[Id0], [t1].[CaoTrinhCong], [t1].[CaoTrinhDap], [t1].[CheDoKT], [t1].[CheDoXT], [t1].[ChieuCaoDap], [t1].[ChieuDaiCong], [t1].[ChieuDaiDap], [t1].[ChieuRongDap], [t1].[ChieuSauDoanThuNuocDen], [t1].[ChieuSauDoanThuNuocTu], [t1].[CongSuatBom], [t1].[CongSuatDamBao], [t1].[CongSuatLM], [t1].[DienTichLuuVuc], [t1].[DienTichTuoiThietKe], [t1].[DienTichTuoiThucTe], [t1].[DungTichChet], [t1].[DungTichHuuIch], [t1].[DungTichToanBo], [t1].[DuongKinhCong], [t1].[HBeHut], [t1].[HDatOngLocDen], [t1].[HDatOngLocTu], [t1].[HDoanThuNuocDen], [t1].[HDoanThuNuocTu], [t1].[HDong], [t1].[HGiengKT], [t1].[HHaLuu], [t1].[HHaThap], [t1].[HThuongLuu], [t1].[HTinh], [t1].[Hgieng], [t1].[Hlu], [t1].[Hmax], [t1].[Hmin], [t1].[HtoiThieu], [t1].[IdCT0], [t1].[IdHangMucCT], [t1].[KichThuocCong], [t1].[KqKf], [t1].[LuongNuocKT], [t1].[MNC], [t1].[MNDBT], [t1].[MNLKT], [t1].[MNLTK], [t1].[MuaTrungBinhNam], [t1].[MucNuocDong], [t1].[MucNuocTinh], [t1].[NguonNuocXT], [t1].[NguongTran], [t1].[PhuongThucXT], [t1].[QBomLonNhat], [t1].[QBomThietKe], [t1].[QDamBao], [t1].[QKTCapNuocSinhHoat], [t1].[QKTLonNhat], [t1].[QKhaiThac], [t1].[QLonNhatTruocLu], [t1].[QMaxKT], [t1].[QMaxXaThai], [t1].[QThietKe], [t1].[QThucTe], [t1].[QTrungBinhNam], [t1].[QXaThai], [t1].[QXaThaiLonNhat], [t1].[QXaThaiTB], [t1].[QXaTran], [t1].[QmaxNM], [t1].[Qtt], [t1].[SoLuongMayBom], [t1].[ThoiGianBomLonNhat], [t1].[ThoiGianBomNhoNhat], [t1].[ThoiGianBomTB], [c1].[CaoTrinhCong], [c1].[CaoTrinhDap], [c1].[CheDoKT], [c1].[CheDoXT], [c1].[ChieuCaoDap], [c1].[ChieuDaiCong], [c1].[ChieuDaiDap], [c1].[ChieuRongDap], [c1].[ChieuSauDoanThuNuocDen], [c1].[ChieuSauDoanThuNuocTu], [c1].[CongSuatBom], [c1].[CongSuatDamBao], [c1].[CongSuatLM], [c1].[DienTichLuuVuc], [c1].[DienTichTuoiThietKe], [c1].[DienTichTuoiThucTe], [c1].[DungTichChet], [c1].[DungTichHuuIch], [c1].[DungTichToanBo], [c1].[DuongKinhCong], [c1].[HBeHut], [c1].[HDatOngLocDen], [c1].[HDatOngLocTu], [c1].[HDoanThuNuocDen], [c1].[HDoanThuNuocTu], [c1].[HDong], [c1].[HGiengKT], [c1].[HHaLuu], [c1].[HHaThap], [c1].[HThuongLuu], [c1].[HTinh], [c1].[Hgieng], [c1].[Hlu], [c1].[Hmax], [c1].[Hmin], [c1].[HtoiThieu], [c1].[IdCT], [c1].[IdHangMucCT], [c1].[KichThuocCong], [c1].[KqKf], [c1].[LuongNuocKT], [c1].[MNC], [c1].[MNDBT], [c1].[MNLKT], [c1].[MNLTK], [c1].[MuaTrungBinhNam], [c1].[MucNuocDong], [c1].[MucNuocTinh], [c1].[NguonNuocXT], [c1].[NguongTran], [c1].[PhuongThucXT], [c1].[QBomLonNhat], [c1].[QBomThietKe], [c1].[QDamBao], [c1].[QKTCapNuocSinhHoat], [c1].[QKTLonNhat], [c1].[QKhaiThac], [c1].[QLonNhatTruocLu], [c1].[QMaxKT], [c1].[QMaxXaThai], [c1].[QThietKe], [c1].[QThucTe], [c1].[QTrungBinhNam], [c1].[QXaThai], [c1].[QXaThaiLonNhat], [c1].[QXaThaiTB], [c1].[QXaTran], [c1].[QmaxNM], [c1].[Qtt], [c1].[SoLuongMayBom], [c1].[ThoiGianBomLonNhat], [c1].[ThoiGianBomNhoNhat], [c1].[ThoiGianBomTB], [l].[BanDo], [l].[ChieuDaiSongChinh], [l].[ChuGiai], [l].[DaXoa], [l].[DienTich], [l].[FileKML], [l].[IdHuyen], [l].[IdXa], [l].[NgayBatDau], [l].[NgayKetThuc], [l].[SoQuyTrinh], [l].[TaiKhoanSua], [l].[TaiKhoanTao], [l].[TenLVS], [l].[ThoiGianSua], [l].[ThoiGianTao], [l].[ViTriQT], [t2].[Id], [t2].[IdCongTrinh], [t2].[IdHuyen], [t2].[IdXa], [t2].[IdXa0], [t2].[CapHanhChinh], [t2].[DaXoa], [t2].[IdHuyen0], [t2].[TaiKhoanSua], [t2].[TaiKhoanTao], [t2].[TenXa], [t2].[ThoiGianSua], [t2].[ThoiGianTao], [t2].[IdHuyen1], [t2].[CapHanhChinh0], [t2].[DaXoa0], [t2].[TaiKhoanSua0], [t2].[TaiKhoanTao0], [t2].[TenHuyen], [t2].[ThoiGianSua0], [t2].[ThoiGianTao0], [t3].[Id], [t3].[CoQuanCapPhep], [t3].[DaBiThuHoi], [t3].[DaXoa], [t3].[FileDonXinCP], [t3].[FileGiayPhep], [t3].[FileGiayToLienQuan], [t3].[IdCT], [t3].[IdCon], [t3].[IdLoaiGP], [t3].[IdTCCN], [t3].[NgayCoHieuLuc], [t3].[NgayHetHieuLuc], [t3].[NgayKy], [t3].[SoGP], [t3].[TaiKhoanSua], [t3].[TaiKhoanTao], [t3].[TenGP], [t3].[ThoiGianSua], [t3].[ThoiGianTao], [t3].[ThoiHan], [t3].[TrangThaiCapPhep], [t3].[Id0], [t3].[DaXoa0], [t3].[DiaChi], [t3].[Email], [t3].[Fax], [t3].[GiamDoc], [t3].[MaSoThue], [t3].[NguoiDaiDienPhapLuat], [t3].[NguoiDuocUyQuyen], [t3].[SDT], [t3].[TaiKhoan], [t3].[TaiKhoanSua0], [t3].[TaiKhoanTao0], [t3].[TenTCCN], [t3].[ThoiGianSua0], [t3].[ThoiGianTao0], [t3].[Id1], [t3].[IdGP], [t3].[IdTCQ], [t3].[Id00], [t3].[CoQuanCP], [t3].[DaXoa1], [t3].[FilePDF], [t3].[GhiChu], [t3].[IdCon0], [t3].[NgayKy0], [t3].[SoQDTCQ], [t3].[TaiKhoanSua1], [t3].[TaiKhoanTao1], [t3].[ThoiGianSua1], [t3].[ThoiGianTao1], [t3].[TongTienCQ], [t7].[Id], [t7].[DaXoa], [t7].[DonViDo], [t7].[GhiChu], [t7].[IdCT], [t7].[IdMucDich], [t7].[LuuLuong], [t7].[TaiKhoanSua], [t7].[TaiKhoanTao], [t7].[ThoiGianSua], [t7].[ThoiGianTao], [t7].[Id0], [t7].[DaXoa0], [t7].[MucDich], [t7].[TaiKhoanSua0], [t7].[TaiKhoanTao0], [t7].[ThoiGianSua0], [t7].[ThoiGianTao0]
      FROM (
          SELECT [c].[Id], [c].[CapCT], [c].[ChuThich], [c].[DaXoa], [c].[IdLoaiCT], [c].[IdLuuVuc], [c].[IdSong], [c].[IdTangChuaNuoc], [c].[IdTieuLuuVuc], [c].[KhoiLuongCacHangMucTD], [c].[MaCT], [c].[MucDichHNK], [c].[MucDichKT], [c].[MucDichhTD], [c].[NamBatDauVanHanh], [c].[NguonNuocKT], [c].[PhuongThucKT], [c].[QKTThietKe], [c].[QKTThucTe], [c].[QuyMoHNK], [c].[SoDiemXaThai], [c].[SoLuongGieng], [c].[SoLuongGiengKT], [c].[SoLuongGiengQT], [c].[TaiKhoan], [c].[TaiKhoanSua], [c].[TaiKhoanTao], [c].[TenCT], [c].[ThoiGianHNK], [c].[ThoiGianKT], [c].[ThoiGianSua], [c].[ThoiGianTao], [c].[ThoiGianXD], [c].[ViTriCT], [c].[ViTriXT], [c].[X], [c].[Y]
          FROM [CT_ThongTin] AS [c]
          WHERE [c].[DaXoa] = CAST(0 AS bit)
          ORDER BY [c].[IdLoaiCT]
          OFFSET @__p_0 ROWS FETCH NEXT @__p_1 ROWS ONLY
      ) AS [t]
      LEFT JOIN [CT_Loai] AS [c0] ON [t].[IdLoaiCT] = [c0].[Id]
      LEFT JOIN [TangChuaNuoc] AS [t0] ON [t].[IdTangChuaNuoc] = [t0].[Id]
      LEFT JOIN [CT_ThongSo] AS [c1] ON [t].[Id] = [c1].[IdCT]
      LEFT JOIN [LuuVucSong] AS [l] ON [t].[IdLuuVuc] = [l].[Id]
      LEFT JOIN (
          SELECT [c2].[Id], [c2].[ChuThich], [c2].[DaXoa], [c2].[IdCT], [c2].[IdTangChuaNuoc], [c2].[TaiKhoanSua], [c2].[TaiKhoanTao], [c2].[TenHangMuc], [c2].[ThoiGianSua], [c2].[ThoiGianTao], [c2].[V?TriHangMuc], [c2].[X], [c2].[Y], [c3].[Id] AS [Id0], [c3].[CaoTrinhCong], [c3].[CaoTrinhDap], [c3].[CheDoKT], [c3].[CheDoXT], [c3].[ChieuCaoDap], [c3].[ChieuDaiCong], [c3].[ChieuDaiDap], [c3].[ChieuRongDap], [c3].[ChieuSauDoanThuNuocDen], [c3].[ChieuSauDoanThuNuocTu], [c3].[CongSuatBom], [c3].[CongSuatDamBao], [c3].[CongSuatLM], [c3].[DienTichLuuVuc], [c3].[DienTichTuoiThietKe], [c3].[DienTichTuoiThucTe], [c3].[DungTichChet], [c3].[DungTichHuuIch], [c3].[DungTichToanBo], [c3].[DuongKinhCong], [c3].[HBeHut], [c3].[HDatOngLocDen], [c3].[HDatOngLocTu], [c3].[HDoanThuNuocDen], [c3].[HDoanThuNuocTu], [c3].[HDong], [c3].[HGiengKT], [c3].[HHaLuu], [c3].[HHaThap], [c3].[HThuongLuu], [c3].[HTinh], [c3].[Hgieng], [c3].[Hlu], [c3].[Hmax], [c3].[Hmin], [c3].[HtoiThieu], [c3].[IdCT] AS [IdCT0], [c3].[IdHangMucCT], [c3].[KichThuocCong], [c3].[KqKf], [c3].[LuongNuocKT], [c3].[MNC], [c3].[MNDBT], [c3].[MNLKT], [c3].[MNLTK], [c3].[MuaTrungBinhNam], [c3].[MucNuocDong], [c3].[MucNuocTinh], [c3].[NguonNuocXT], [c3].[NguongTran], [c3].[PhuongThucXT], [c3].[QBomLonNhat], [c3].[QBomThietKe], [c3].[QDamBao], [c3].[QKTCapNuocSinhHoat], [c3].[QKTLonNhat], [c3].[QKhaiThac], [c3].[QLonNhatTruocLu], [c3].[QMaxKT], [c3].[QMaxXaThai], [c3].[QThietKe], [c3].[QThucTe], [c3].[QTrungBinhNam], [c3].[QXaThai], [c3].[QXaThaiLonNhat], [c3].[QXaThaiTB], [c3].[QXaTran], [c3].[QmaxNM], [c3].[Qtt], [c3].[SoLuongMayBom], [c3].[ThoiGianBomLonNhat], [c3].[ThoiGianBomNhoNhat], [c3].[ThoiGianBomTB]
          FROM [CT_HangMuc] AS [c2]
          LEFT JOIN [CT_ThongSo] AS [c3] ON [c2].[Id] = [c3].[IdHangMucCT]
      ) AS [t1] ON [t].[Id] = [t1].[IdCT]
      LEFT JOIN (
          SELECT [c4].[Id], [c4].[IdCongTrinh], [c4].[IdHuyen], [c4].[IdXa], [x].[IdXa] AS [IdXa0], [x].[CapHanhChinh], [x].[DaXoa], [x].[IdHuyen] AS [IdHuyen0], [x].[TaiKhoanSua], [x].[TaiKhoanTao], [x].[TenXa], [x].[ThoiGianSua], [x].[ThoiGianTao], [h].[IdHuyen] AS [IdHuyen1], [h].[CapHanhChinh] AS [CapHanhChinh0], [h].[DaXoa] AS [DaXoa0], [h].[TaiKhoanSua] AS [TaiKhoanSua0], [h].[TaiKhoanTao] AS [TaiKhoanTao0], [h].[TenHuyen], [h].[ThoiGianSua] AS [ThoiGianSua0], [h].[ThoiGianTao] AS [ThoiGianTao0]
          FROM [CT_ViTri] AS [c4]
          LEFT JOIN [Xa] AS [x] ON [c4].[IdXa] = [x].[IdXa]
          LEFT JOIN [Huyen] AS [h] ON [c4].[IdHuyen] = [h].[IdHuyen]
      ) AS [t2] ON [t].[Id] = [t2].[IdCongTrinh]
      LEFT JOIN (
          SELECT [g].[Id], [g].[CoQuanCapPhep], [g].[DaBiThuHoi], [g].[DaXoa], [g].[FileDonXinCP], [g].[FileGiayPhep], [g].[FileGiayToLienQuan], [g].[IdCT], [g].[IdCon], [g].[IdLoaiGP], [g].[IdTCCN], [g].[NgayCoHieuLuc], [g].[NgayHetHieuLuc], [g].[NgayKy], [g].[SoGP], [g].[TaiKhoanSua], [g].[TaiKhoanTao], [g].[TenGP], [g].[ThoiGianSua], [g].[ThoiGianTao], [g].[ThoiHan], [g].[TrangThaiCapPhep], [t4].[Id] AS [Id0], [t4].[DaXoa] AS [DaXoa0], [t4].[DiaChi], [t4].[Email], [t4].[Fax], [t4].[GiamDoc], [t4].[MaSoThue], [t4].[NguoiDaiDienPhapLuat], [t4].[NguoiDuocUyQuyen], [t4].[SDT], [t4].[TaiKhoan], [t4].[TaiKhoanSua] AS [TaiKhoanSua0], [t4].[TaiKhoanTao] AS [TaiKhoanTao0], [t4].[TenTCCN], [t4].[ThoiGianSua] AS [ThoiGianSua0], [t4].[ThoiGianTao] AS [ThoiGianTao0], [t5].[Id] AS [Id1], [t5].[IdGP], [t5].[IdTCQ], [t5].[Id0] AS [Id00], [t5].[CoQuanCP], [t5].[DaXoa] AS [DaXoa1], [t5].[FilePDF], [t5].[GhiChu], [t5].[IdCon] AS [IdCon0], [t5].[NgayKy] AS [NgayKy0], [t5].[SoQDTCQ], [t5].[TaiKhoanSua] AS [TaiKhoanSua1], [t5].[TaiKhoanTao] AS [TaiKhoanTao1], [t5].[ThoiGianSua] AS [ThoiGianSua1], [t5].[ThoiGianTao] AS [ThoiGianTao1], [t5].[TongTienCQ]
          FROM [GP_ThongTin] AS [g]
          LEFT JOIN [ToChuc_CaNhan] AS [t4] ON [g].[IdTCCN] = [t4].[Id]
          LEFT JOIN (
              SELECT [g0].[Id], [g0].[IdGP], [g0].[IdTCQ], [t6].[Id] AS [Id0], [t6].[CoQuanCP], [t6].[DaXoa], [t6].[FilePDF], [t6].[GhiChu], [t6].[IdCon], [t6].[NgayKy], [t6].[SoQDTCQ], [t6].[TaiKhoanSua], [t6].[TaiKhoanTao], [t6].[ThoiGianSua], [t6].[ThoiGianTao], [t6].[TongTienCQ]
              FROM [GP_TCQ] AS [g0]
              INNER JOIN [TCQ_ThongTin] AS [t6] ON [g0].[IdTCQ] = [t6].[Id]
          ) AS [t5] ON [g].[Id] = [t5].[IdGP]
      ) AS [t3] ON [t].[Id] = [t3].[IdCT]
      LEFT JOIN (
          SELECT [l0].[Id], [l0].[DaXoa], [l0].[DonViDo], [l0].[GhiChu], [l0].[IdCT], [l0].[IdMucDich], [l0].[LuuLuong], [l0].[TaiKhoanSua], [l0].[TaiKhoanTao], [l0].[ThoiGianSua], [l0].[ThoiGianTao], [m].[Id] AS [Id0], [m].[DaXoa] AS [DaXoa0], [m].[MucDich], [m].[TaiKhoanSua] AS [TaiKhoanSua0], [m].[TaiKhoanTao] AS [TaiKhoanTao0], [m].[ThoiGianSua] AS [ThoiGianSua0], [m].[ThoiGianTao] AS [ThoiGianTao0]
          FROM [LuuLuongTheoMucDich] AS [l0]
          LEFT JOIN [MucDichKT] AS [m] ON [l0].[IdMucDich] = [m].[Id]
      ) AS [t7] ON [t].[Id] = [t7].[IdCT]
      ORDER BY [t].[IdLoaiCT], [t].[Id], [c0].[Id], [t0].[Id], [c1].[Id], [l].[Id], [t1].[Id], [t1].[Id0], [t2].[Id], [t2].[IdXa0], [t2].[IdHuyen1], [t3].[NgayKy] DESC, [t3].[Id], [t3].[Id0], [t3].[Id1], [t3].[Id00], [t7].[Id]
info: Microsoft.EntityFrameworkCore.Database.Command[20101]
      Executed DbCommand (17ms) [Parameters=[], CommandType='Text', CommandTimeout='30']
      SELECT [x].[IdXa], [x].[CapHanhChinh], [x].[DaXoa], [x].[IdHuyen], [x].[TaiKhoanSua], [x].[TaiKhoanTao], [x].[TenXa], [x].[ThoiGianSua], [x].[ThoiGianTao]
      FROM [Xa] AS [x]
      WHERE [x].[DaXoa] = CAST(0 AS bit)
info: Microsoft.EntityFrameworkCore.Database.Command[20101]
      Executed DbCommand (20ms) [Parameters=[], CommandType='Text', CommandTimeout='30']
      SELECT [g].[Id], [g].[DaXoa], [g].[GhiChu], [g].[MaLoaiGP], [g].[TaiKhoanSua], [g].[TaiKhoanTao], [g].[TenLoaiGP], [g].[ThoiGianSua], [g].[ThoiGianTao]
      FROM [GP_Loai] AS [g]
      WHERE [g].[DaXoa] = CAST(0 AS bit)
      ORDER BY [g].[TenLoaiGP]
info: Microsoft.EntityFrameworkCore.Database.Command[20101]
      Executed DbCommand (14ms) [Parameters=[], CommandType='Text', CommandTimeout='30']
      SELECT [h].[IdHuyen], [h].[CapHanhChinh], [h].[DaXoa], [h].[TaiKhoanSua], [h].[TaiKhoanTao], [h].[TenHuyen], [h].[ThoiGianSua], [h].[ThoiGianTao]
      FROM [Huyen] AS [h]
      WHERE [h].[DaXoa] = CAST(0 AS bit)
info: Microsoft.EntityFrameworkCore.Database.Command[20101]
      Executed DbCommand (16ms) [Parameters=[], CommandType='Text', CommandTimeout='30']
      SELECT [l].[Id], [l].[BanDo], [l].[ChieuDaiSongChinh], [l].[ChuGiai], [l].[DaXoa], [l].[DienTich], [l].[FileKML], [l].[IdHuyen], [l].[IdXa], [l].[NgayBatDau], [l].[NgayKetThuc], [l].[SoQuyTrinh], [l].[TaiKhoanSua], [l].[TaiKhoanTao], [l].[TenLVS], [l].[ThoiGianSua], [l].[ThoiGianTao], [l].[ViTriQT]
      FROM [LuuVucSong] AS [l]
      WHERE [l].[DaXoa] = CAST(0 AS bit)
      ORDER BY [l].[TenLVS]
info: Microsoft.EntityFrameworkCore.Database.Command[20101]
      Executed DbCommand (16ms) [Parameters=[], CommandType='Text', CommandTimeout='30']
      SELECT [c].[Id], [c].[ChuThich], [c].[DaXoa], [c].[IdCha], [c].[MaLoaiCT], [c].[TaiKhoanSua], [c].[TaiKhoanTao], [c].[TenLoaiCT], [c].[ThoiGianSua], [c].[ThoiGianTao]
      FROM [CT_Loai] AS [c]
      WHERE [c].[DaXoa] = CAST(0 AS bit)
      ORDER BY [c].[Id]
info: Microsoft.EntityFrameworkCore.Database.Command[20101]
      Executed DbCommand (16ms) [Parameters=[], CommandType='Text', CommandTimeout='30']
      SELECT [s].[Id], [s].[ChuGiai], [s].[DaXoa], [s].[IdHuyenCuoiSong], [s].[IdHuyenDauSong], [s].[IdLuuVuc], [s].[IdXaCuoiSong], [s].[IdXaDauSong], [s].[MaSong], [s].[Qtt], [s].[TaiKhoanSua], [s].[TaiKhoanTao], [s].[TenSong], [s].[ThoiGianSua], [s].[ThoiGianTao], [s].[XCuoiSong], [s].[XDauSong], [s].[YCuoiSong], [s].[YDauSong], [l].[Id], [l].[BanDo], [l].[ChieuDaiSongChinh], [l].[ChuGiai], [l].[DaXoa], [l].[DienTich], [l].[FileKML], [l].[IdHuyen], [l].[IdXa], [l].[NgayBatDau], [l].[NgayKetThuc], [l].[SoQuyTrinh], [l].[TaiKhoanSua], [l].[TaiKhoanTao], [l].[TenLVS], [l].[ThoiGianSua], [l].[ThoiGianTao], [l].[ViTriQT]
      FROM [Song] AS [s]
      LEFT JOIN [LuuVucSong] AS [l] ON [s].[IdLuuVuc] = [l].[Id]
      WHERE [s].[DaXoa] = CAST(0 AS bit)
      ORDER BY [s].[TenSong]
info: Microsoft.EntityFrameworkCore.Database.Command[20101]
      Executed DbCommand (16ms) [Parameters=[], CommandType='Text', CommandTimeout='30']
      SELECT [t].[Id], [t].[DaXoa], [t].[KyHieuTCN], [t].[SoLuongGiengQT], [t].[TaiKhoanSua], [t].[TaiKhoanTao], [t].[TenTCN], [t].[ThoiGianSua], [t].[ThoiGianTao]
      FROM [TangChuaNuoc] AS [t]
      WHERE [t].[DaXoa] = CAST(0 AS bit)
      ORDER BY [t].[TenTCN]
info: Microsoft.EntityFrameworkCore.Database.Command[20101]
      Executed DbCommand (15ms) [Parameters=[], CommandType='Text', CommandTimeout='30']
      SELECT [h].[IdHuyen], [h].[CapHanhChinh], [h].[DaXoa], [h].[TaiKhoanSua], [h].[TaiKhoanTao], [h].[TenHuyen], [h].[ThoiGianSua], [h].[ThoiGianTao]
      FROM [Huyen] AS [h]
      WHERE [h].[DaXoa] = CAST(0 AS bit)
info: Microsoft.EntityFrameworkCore.Database.Command[20101]
      Executed DbCommand (16ms) [Parameters=[], CommandType='Text', CommandTimeout='30']
      SELECT [l].[Id], [l].[BanDo], [l].[ChieuDaiSongChinh], [l].[ChuGiai], [l].[DaXoa], [l].[DienTich], [l].[FileKML], [l].[IdHuyen], [l].[IdXa], [l].[NgayBatDau], [l].[NgayKetThuc], [l].[SoQuyTrinh], [l].[TaiKhoanSua], [l].[TaiKhoanTao], [l].[TenLVS], [l].[ThoiGianSua], [l].[ThoiGianTao], [l].[ViTriQT]
      FROM [LuuVucSong] AS [l]
      WHERE [l].[DaXoa] = CAST(0 AS bit)
      ORDER BY [l].[TenLVS]
info: Microsoft.EntityFrameworkCore.Database.Command[20101]
      Executed DbCommand (14ms) [Parameters=[], CommandType='Text', CommandTimeout='30']
      SELECT [x].[IdXa], [x].[CapHanhChinh], [x].[DaXoa], [x].[IdHuyen], [x].[TaiKhoanSua], [x].[TaiKhoanTao], [x].[TenXa], [x].[ThoiGianSua], [x].[ThoiGianTao]
      FROM [Xa] AS [x]
      WHERE [x].[DaXoa] = CAST(0 AS bit)
info: Microsoft.EntityFrameworkCore.Database.Command[20101]
      Executed DbCommand (14ms) [Parameters=[], CommandType='Text', CommandTimeout='30']
      SELECT [c].[Id], [c].[ChuThich], [c].[DaXoa], [c].[IdCha], [c].[MaLoaiCT], [c].[TaiKhoanSua], [c].[TaiKhoanTao], [c].[TenLoaiCT], [c].[ThoiGianSua], [c].[ThoiGianTao]
      FROM [CT_Loai] AS [c]
      WHERE [c].[DaXoa] = CAST(0 AS bit)
      ORDER BY [c].[Id]
info: Microsoft.EntityFrameworkCore.Database.Command[20101]
      Executed DbCommand (16ms) [Parameters=[@__p_0='725e2617-76a2-445a-9001-c729ebd56929' (Size = 450)], CommandType='Text', CommandTimeout='120']
      SELECT TOP(1) [a].[Id], [a].[AccessFailedCount], [a].[ConcurrencyStamp], [a].[CreatedTime], [a].[CreatedUser], [a].[Email], [a].[EmailConfirmed], [a].[FullName], [a].[IdHuyen], [a].[IsDeleted], [a].[LockoutEnabled], [a].[LockoutEnd], [a].[ModifiedTime], [a].[ModifiedUser], [a].[NormalizedEmail], [a].[NormalizedUserName], [a].[PasswordHash], [a].[PasswordSalt], [a].[PhoneNumber], [a].[PhoneNumberConfirmed], [a].[SecurityStamp], [a].[TwoFactorEnabled], [a].[UserName]
      FROM [AspNetUsers] AS [a]
      WHERE [a].[Id] = @__p_0
info: Microsoft.EntityFrameworkCore.Database.Command[20101]
      Executed DbCommand (15ms) [Parameters=[@__p_0='725e2617-76a2-445a-9001-c729ebd56929' (Size = 450)], CommandType='Text', CommandTimeout='30']
      SELECT TOP(1) [a].[Id], [a].[AccessFailedCount], [a].[ConcurrencyStamp], [a].[CreatedTime], [a].[CreatedUser], [a].[Email], [a].[EmailConfirmed], [a].[FullName], [a].[IdHuyen], [a].[IsDeleted], [a].[LockoutEnabled], [a].[LockoutEnd], [a].[ModifiedTime], [a].[ModifiedUser], [a].[NormalizedEmail], [a].[NormalizedUserName], [a].[PasswordHash], [a].[PasswordSalt], [a].[PhoneNumber], [a].[PhoneNumberConfirmed], [a].[SecurityStamp], [a].[TwoFactorEnabled], [a].[UserName]
      FROM [AspNetUsers] AS [a]
      WHERE [a].[Id] = @__p_0
info: Microsoft.EntityFrameworkCore.Database.Command[20101]
      Executed DbCommand (15ms) [Parameters=[@__normalizedRoleName_0='CONSTRUCTION' (Size = 256)], CommandType='Text', CommandTimeout='120']
      SELECT TOP(2) [a].[Id], [a].[ConcurrencyStamp], [a].[CreatedTime], [a].[CreatedUser], [a].[Description], [a].[IsDefault], [a].[IsDeleted], [a].[ModifiedTime], [a].[ModifiedUser], [a].[Name], [a].[NormalizedName]
      FROM [AspNetRoles] AS [a]
      WHERE [a].[NormalizedName] = @__normalizedRoleName_0
info: Microsoft.EntityFrameworkCore.Database.Command[20101]
      Executed DbCommand (14ms) [Parameters=[@__normalizedRoleName_0='CONSTRUCTION' (Size = 256)], CommandType='Text', CommandTimeout='30']
      SELECT TOP(2) [a].[Id], [a].[ConcurrencyStamp], [a].[CreatedTime], [a].[CreatedUser], [a].[Description], [a].[IsDefault], [a].[IsDeleted], [a].[ModifiedTime], [a].[ModifiedUser], [a].[Name], [a].[NormalizedName]
      FROM [AspNetRoles] AS [a]
      WHERE [a].[NormalizedName] = @__normalizedRoleName_0
info: Microsoft.EntityFrameworkCore.Database.Command[20101]
      Executed DbCommand (14ms) [Parameters=[@__p_0='725e2617-76a2-445a-9001-c729ebd56929' (Size = 450), @__p_1='7bd48ecd-c328-4ada-8e05-9358b385597f' (Size = 450)], CommandType='Text', CommandTimeout='120']
      SELECT TOP(1) [a].[UserId], [a].[RoleId]
      FROM [AspNetUserRoles] AS [a]
      WHERE [a].[UserId] = @__p_0 AND [a].[RoleId] = @__p_1
info: Microsoft.EntityFrameworkCore.Database.Command[20101]
      Executed DbCommand (16ms) [Parameters=[], CommandType='Text', CommandTimeout='30']
      SELECT [g].[Id], [g].[DaXoa], [g].[GhiChu], [g].[MaLoaiGP], [g].[TaiKhoanSua], [g].[TaiKhoanTao], [g].[TenLoaiGP], [g].[ThoiGianSua], [g].[ThoiGianTao]
      FROM [GP_Loai] AS [g]
      WHERE [g].[DaXoa] = CAST(0 AS bit)
      ORDER BY [g].[TenLoaiGP]
info: Microsoft.EntityFrameworkCore.Database.Command[20101]
      Executed DbCommand (14ms) [Parameters=[@__p_0='725e2617-76a2-445a-9001-c729ebd56929' (Size = 450), @__p_1='7bd48ecd-c328-4ada-8e05-9358b385597f' (Size = 450)], CommandType='Text', CommandTimeout='30']
      SELECT TOP(1) [a].[UserId], [a].[RoleId]
      FROM [AspNetUserRoles] AS [a]
      WHERE [a].[UserId] = @__p_0 AND [a].[RoleId] = @__p_1
info: Microsoft.EntityFrameworkCore.Database.Command[20101]
      Executed DbCommand (14ms) [Parameters=[@__normalizedRoleName_0='BUSINESS' (Size = 256)], CommandType='Text', CommandTimeout='120']
      SELECT TOP(2) [a].[Id], [a].[ConcurrencyStamp], [a].[CreatedTime], [a].[CreatedUser], [a].[Description], [a].[IsDefault], [a].[IsDeleted], [a].[ModifiedTime], [a].[ModifiedUser], [a].[Name], [a].[NormalizedName]
      FROM [AspNetRoles] AS [a]
      WHERE [a].[NormalizedName] = @__normalizedRoleName_0
info: Microsoft.EntityFrameworkCore.Database.Command[20101]
      Executed DbCommand (13ms) [Parameters=[@__normalizedRoleName_0='BUSINESS' (Size = 256)], CommandType='Text', CommandTimeout='30']
      SELECT TOP(2) [a].[Id], [a].[ConcurrencyStamp], [a].[CreatedTime], [a].[CreatedUser], [a].[Description], [a].[IsDefault], [a].[IsDeleted], [a].[ModifiedTime], [a].[ModifiedUser], [a].[Name], [a].[NormalizedName]
      FROM [AspNetRoles] AS [a]
      WHERE [a].[NormalizedName] = @__normalizedRoleName_0
info: Microsoft.EntityFrameworkCore.Database.Command[20101]
      Executed DbCommand (14ms) [Parameters=[@__p_0='725e2617-76a2-445a-9001-c729ebd56929' (Size = 450), @__p_1='11fdb212-da4d-40a1-90da-07f8bb9c3765' (Size = 450)], CommandType='Text', CommandTimeout='120']
      SELECT TOP(1) [a].[UserId], [a].[RoleId]
      FROM [AspNetUserRoles] AS [a]
      WHERE [a].[UserId] = @__p_0 AND [a].[RoleId] = @__p_1
info: Microsoft.EntityFrameworkCore.Database.Command[20101]
      Executed DbCommand (14ms) [Parameters=[@__p_0='725e2617-76a2-445a-9001-c729ebd56929' (Size = 450), @__p_1='11fdb212-da4d-40a1-90da-07f8bb9c3765' (Size = 450)], CommandType='Text', CommandTimeout='30']
      SELECT TOP(1) [a].[UserId], [a].[RoleId]
      FROM [AspNetUserRoles] AS [a]
      WHERE [a].[UserId] = @__p_0 AND [a].[RoleId] = @__p_1
info: Microsoft.EntityFrameworkCore.Database.Command[20101]
      Executed DbCommand (23ms) [Parameters=[], CommandType='Text', CommandTimeout='30']
      SELECT [t].[Id], [t].[CoQuanCP], [t].[DaXoa], [t].[FilePDF], [t].[GhiChu], [t].[IdCon], [t].[NgayKy], [t].[SoQDTCQ], [t].[TaiKhoanSua], [t].[TaiKhoanTao], [t].[ThoiGianSua], [t].[ThoiGianTao], [t].[TongTienCQ], [g].[Id], [g].[IdGP], [g].[IdTCQ]
      FROM [TCQ_ThongTin] AS [t]
      LEFT JOIN [GP_TCQ] AS [g] ON [t].[Id] = [g].[IdTCQ]
      WHERE [t].[DaXoa] = CAST(0 AS bit)
      ORDER BY [t].[NgayKy] DESC, [t].[Id]
info: Microsoft.EntityFrameworkCore.Database.Command[20101]
      Executed DbCommand (23ms) [Parameters=[], CommandType='Text', CommandTimeout='120']
      SELECT COUNT(*)
      FROM [CT_ThongTin] AS [c]
      WHERE [c].[DaXoa] = CAST(0 AS bit)
info: Microsoft.EntityFrameworkCore.Database.Command[20101]
      Executed DbCommand (14ms) [Parameters=[], CommandType='Text', CommandTimeout='30']
      SELECT COUNT(*)
      FROM [CT_ThongTin] AS [c]
      WHERE [c].[DaXoa] = CAST(0 AS bit)
info: Microsoft.EntityFrameworkCore.Database.Command[20101]
      Executed DbCommand (151ms) [Parameters=[], CommandType='Text', CommandTimeout='30']
      SELECT [s].[Id], [s].[ChuGiai], [s].[DaXoa], [s].[IdHuyenCuoiSong], [s].[IdHuyenDauSong], [s].[IdLuuVuc], [s].[IdXaCuoiSong], [s].[IdXaDauSong], [s].[MaSong], [s].[Qtt], [s].[TaiKhoanSua], [s].[TaiKhoanTao], [s].[TenSong], [s].[ThoiGianSua], [s].[ThoiGianTao], [s].[XCuoiSong], [s].[XDauSong], [s].[YCuoiSong], [s].[YDauSong], [l].[Id], [l].[BanDo], [l].[ChieuDaiSongChinh], [l].[ChuGiai], [l].[DaXoa], [l].[DienTich], [l].[FileKML], [l].[IdHuyen], [l].[IdXa], [l].[NgayBatDau], [l].[NgayKetThuc], [l].[SoQuyTrinh], [l].[TaiKhoanSua], [l].[TaiKhoanTao], [l].[TenLVS], [l].[ThoiGianSua], [l].[ThoiGianTao], [l].[ViTriQT]
      FROM [Song] AS [s]
      LEFT JOIN [LuuVucSong] AS [l] ON [s].[IdLuuVuc] = [l].[Id]
      WHERE [s].[DaXoa] = CAST(0 AS bit)
      ORDER BY [s].[TenSong]
info: Microsoft.EntityFrameworkCore.Database.Command[20101]
      Executed DbCommand (171ms) [Parameters=[], CommandType='Text', CommandTimeout='30']
      SELECT [t].[Id], [t].[DaXoa], [t].[KyHieuTCN], [t].[SoLuongGiengQT], [t].[TaiKhoanSua], [t].[TaiKhoanTao], [t].[TenTCN], [t].[ThoiGianSua], [t].[ThoiGianTao]
      FROM [TangChuaNuoc] AS [t]
      WHERE [t].[DaXoa] = CAST(0 AS bit)
      ORDER BY [t].[TenTCN]
info: Microsoft.EntityFrameworkCore.Database.Command[20101]
      Executed DbCommand (162ms) [Parameters=[], CommandType='Text', CommandTimeout='30']
      SELECT [t].[Id], [t].[CoQuanCP], [t].[DaXoa], [t].[FilePDF], [t].[GhiChu], [t].[IdCon], [t].[NgayKy], [t].[SoQDTCQ], [t].[TaiKhoanSua], [t].[TaiKhoanTao], [t].[ThoiGianSua], [t].[ThoiGianTao], [t].[TongTienCQ], [g].[Id], [g].[IdGP], [g].[IdTCQ]
      FROM [TCQ_ThongTin] AS [t]
      LEFT JOIN [GP_TCQ] AS [g] ON [t].[Id] = [g].[IdTCQ]
      WHERE [t].[DaXoa] = CAST(0 AS bit)
      ORDER BY [t].[NgayKy] DESC, [t].[Id]
info: Microsoft.EntityFrameworkCore.Database.Command[20101]
      Executed DbCommand (235ms) [Parameters=[@__p_0='0', @__p_1='1000'], CommandType='Text', CommandTimeout='30']
      SELECT [t].[Id], [t].[MaCT], [t].[TenCT], [t].[IdLoaiCT], [t].[X], [t].[Y], [c0].[Id], [c0].[TenLoaiCT], [c0].[IdCha], [c0].[MaLoaiCT], [c1].[Id], [c1].[CaoTrinhCong], [c1].[CaoTrinhDap], [c1].[CheDoKT], [c1].[CheDoXT], [c1].[ChieuCaoDap], [c1].[ChieuDaiCong], [c1].[ChieuDaiDap], [c1].[ChieuRongDap], [c1].[ChieuSauDoanThuNuocDen], [c1].[ChieuSauDoanThuNuocTu], [c1].[CongSuatBom], [c1].[CongSuatDamBao], [c1].[CongSuatLM], [c1].[DienTichLuuVuc], [c1].[DienTichTuoiThietKe], [c1].[DienTichTuoiThucTe], [c1].[DungTichChet], [c1].[DungTichHuuIch], [c1].[DungTichToanBo], [c1].[DuongKinhCong], [c1].[HBeHut], [c1].[HDatOngLocDen], [c1].[HDatOngLocTu], [c1].[HDoanThuNuocDen], [c1].[HDoanThuNuocTu], [c1].[HDong], [c1].[HGiengKT], [c1].[HHaLuu], [c1].[HHaThap], [c1].[HThuongLuu], [c1].[HTinh], [c1].[Hgieng], [c1].[Hlu], [c1].[Hmax], [c1].[Hmin], [c1].[HtoiThieu], [c1].[IdCT], [c1].[IdHangMucCT], [c1].[KichThuocCong], [c1].[KqKf], [c1].[LuongNuocKT], [c1].[MNC], [c1].[MNDBT], [c1].[MNLKT], [c1].[MNLTK], [c1].[MuaTrungBinhNam], [c1].[MucNuocDong], [c1].[MucNuocTinh], [c1].[NguonNuocXT], [c1].[NguongTran], [c1].[PhuongThucXT], [c1].[QBomLonNhat], [c1].[QBomThietKe], [c1].[QDamBao], [c1].[QKTCapNuocSinhHoat], [c1].[QKTLonNhat], [c1].[QKhaiThac], [c1].[QLonNhatTruocLu], [c1].[QMaxKT], [c1].[QMaxXaThai], [c1].[QThietKe], [c1].[QThucTe], [c1].[QTrungBinhNam], [c1].[QXaThai], [c1].[QXaThaiLonNhat], [c1].[QXaThaiTB], [c1].[QXaTran], [c1].[QmaxNM], [c1].[Qtt], [c1].[SoLuongMayBom], [c1].[ThoiGianBomLonNhat], [c1].[ThoiGianBomNhoNhat], [c1].[ThoiGianBomTB], [g].[Id], [g].[CoQuanCapPhep], [g].[DaBiThuHoi], [g].[DaXoa], [g].[FileDonXinCP], [g].[FileGiayPhep], [g].[FileGiayToLienQuan], [g].[IdCT], [g].[IdCon], [g].[IdLoaiGP], [g].[IdTCCN], [g].[NgayCoHieuLuc], [g].[NgayHetHieuLuc], [g].[NgayKy], [g].[SoGP], [g].[TaiKhoanSua], [g].[TaiKhoanTao], [g].[TenGP], [g].[ThoiGianSua], [g].[ThoiGianTao], [g].[ThoiHan], [g].[TrangThaiCapPhep], (
          SELECT TOP(1) [g0].[CoQuanCapPhep]
          FROM [GP_ThongTin] AS [g0]
          WHERE [t].[Id] = [g0].[IdCT]
          ORDER BY [g0].[NgayKy] DESC)
      FROM (
          SELECT [c].[Id], [c].[IdLoaiCT], [c].[MaCT], [c].[TenCT], [c].[X], [c].[Y]
          FROM [CT_ThongTin] AS [c]
          WHERE [c].[DaXoa] = CAST(0 AS bit)
          ORDER BY [c].[IdLoaiCT]
          OFFSET @__p_0 ROWS FETCH NEXT @__p_1 ROWS ONLY
      ) AS [t]
      LEFT JOIN [CT_Loai] AS [c0] ON [t].[IdLoaiCT] = [c0].[Id]
      LEFT JOIN [CT_ThongSo] AS [c1] ON [t].[Id] = [c1].[IdCT]
      LEFT JOIN [GP_ThongTin] AS [g] ON [t].[Id] = [g].[IdCT]
      ORDER BY [t].[IdLoaiCT], [t].[Id], [c0].[Id], [c1].[Id]
info: Microsoft.EntityFrameworkCore.Database.Command[20101]
      Executed DbCommand (34ms) [Parameters=[], CommandType='Text', CommandTimeout='30']
      SELECT [t].[Id], [t].[CoQuanCP], [t].[DaXoa], [t].[FilePDF], [t].[GhiChu], [t].[IdCon], [t].[NgayKy], [t].[SoQDTCQ], [t].[TaiKhoanSua], [t].[TaiKhoanTao], [t].[ThoiGianSua], [t].[ThoiGianTao], [t].[TongTienCQ], [g].[Id], [g].[IdGP], [g].[IdTCQ]
      FROM [TCQ_ThongTin] AS [t]
      LEFT JOIN [GP_TCQ] AS [g] ON [t].[Id] = [g].[IdTCQ]
      WHERE [t].[DaXoa] = CAST(0 AS bit) AND [t].[CoQuanCP] = N'UBNDT'
      ORDER BY [t].[NgayKy] DESC, [t].[Id]
info: Microsoft.EntityFrameworkCore.Database.Command[20101]
      Executed DbCommand (45ms) [Parameters=[], CommandType='Text', CommandTimeout='30']
      SELECT [t].[Id], [t].[CoQuanCP], [t].[DaXoa], [t].[FilePDF], [t].[GhiChu], [t].[IdCon], [t].[NgayKy], [t].[SoQDTCQ], [t].[TaiKhoanSua], [t].[TaiKhoanTao], [t].[ThoiGianSua], [t].[ThoiGianTao], [t].[TongTienCQ], [g].[Id], [g].[IdGP], [g].[IdTCQ]
      FROM [TCQ_ThongTin] AS [t]
      LEFT JOIN [GP_TCQ] AS [g] ON [t].[Id] = [g].[IdTCQ]
      WHERE [t].[DaXoa] = CAST(0 AS bit) AND [t].[CoQuanCP] = N'UBNDT'
      ORDER BY [t].[NgayKy] DESC, [t].[Id]
info: Microsoft.EntityFrameworkCore.Database.Command[20101]
      Executed DbCommand (862ms) [Parameters=[@__p_0='0', @__p_1='1000'], CommandType='Text', CommandTimeout='120']
      SELECT [t].[Id], [t].[CapCT], [t].[ChuThich], [t].[DaXoa], [t].[IdLoaiCT], [t].[IdLuuVuc], [t].[IdSong], [t].[IdTangChuaNuoc], [t].[IdTieuLuuVuc], [t].[KhoiLuongCacHangMucTD], [t].[MaCT], [t].[MucDichHNK], [t].[MucDichKT], [t].[MucDichhTD], [t].[NamBatDauVanHanh], [t].[NguonNuocKT], [t].[PhuongThucKT], [t].[QKTThietKe], [t].[QKTThucTe], [t].[QuyMoHNK], [t].[SoDiemXaThai], [t].[SoLuongGieng], [t].[SoLuongGiengKT], [t].[SoLuongGiengQT], [t].[TaiKhoan], [t].[TaiKhoanSua], [t].[TaiKhoanTao], [t].[TenCT], [t].[ThoiGianHNK], [t].[ThoiGianKT], [t].[ThoiGianSua], [t].[ThoiGianTao], [t].[ThoiGianXD], [t].[ViTriCT], [t].[ViTriXT], [t].[X], [t].[Y], [c0].[Id], [c0].[ChuThich], [c0].[DaXoa], [c0].[IdCha], [c0].[MaLoaiCT], [c0].[TaiKhoanSua], [c0].[TaiKhoanTao], [c0].[TenLoaiCT], [c0].[ThoiGianSua], [c0].[ThoiGianTao], [t0].[Id], [t0].[DaXoa], [t0].[KyHieuTCN], [t0].[SoLuongGiengQT], [t0].[TaiKhoanSua], [t0].[TaiKhoanTao], [t0].[TenTCN], [t0].[ThoiGianSua], [t0].[ThoiGianTao], [c1].[Id], [l].[Id], [t1].[Id], [t1].[ChuThich], [t1].[DaXoa], [t1].[IdCT], [t1].[IdTangChuaNuoc], [t1].[TaiKhoanSua], [t1].[TaiKhoanTao], [t1].[TenHangMuc], [t1].[ThoiGianSua], [t1].[ThoiGianTao], [t1].[V?TriHangMuc], [t1].[X], [t1].[Y], [t1].[Id0], [t1].[CaoTrinhCong], [t1].[CaoTrinhDap], [t1].[CheDoKT], [t1].[CheDoXT], [t1].[ChieuCaoDap], [t1].[ChieuDaiCong], [t1].[ChieuDaiDap], [t1].[ChieuRongDap], [t1].[ChieuSauDoanThuNuocDen], [t1].[ChieuSauDoanThuNuocTu], [t1].[CongSuatBom], [t1].[CongSuatDamBao], [t1].[CongSuatLM], [t1].[DienTichLuuVuc], [t1].[DienTichTuoiThietKe], [t1].[DienTichTuoiThucTe], [t1].[DungTichChet], [t1].[DungTichHuuIch], [t1].[DungTichToanBo], [t1].[DuongKinhCong], [t1].[HBeHut], [t1].[HDatOngLocDen], [t1].[HDatOngLocTu], [t1].[HDoanThuNuocDen], [t1].[HDoanThuNuocTu], [t1].[HDong], [t1].[HGiengKT], [t1].[HHaLuu], [t1].[HHaThap], [t1].[HThuongLuu], [t1].[HTinh], [t1].[Hgieng], [t1].[Hlu], [t1].[Hmax], [t1].[Hmin], [t1].[HtoiThieu], [t1].[IdCT0], [t1].[IdHangMucCT], [t1].[KichThuocCong], [t1].[KqKf], [t1].[LuongNuocKT], [t1].[MNC], [t1].[MNDBT], [t1].[MNLKT], [t1].[MNLTK], [t1].[MuaTrungBinhNam], [t1].[MucNuocDong], [t1].[MucNuocTinh], [t1].[NguonNuocXT], [t1].[NguongTran], [t1].[PhuongThucXT], [t1].[QBomLonNhat], [t1].[QBomThietKe], [t1].[QDamBao], [t1].[QKTCapNuocSinhHoat], [t1].[QKTLonNhat], [t1].[QKhaiThac], [t1].[QLonNhatTruocLu], [t1].[QMaxKT], [t1].[QMaxXaThai], [t1].[QThietKe], [t1].[QThucTe], [t1].[QTrungBinhNam], [t1].[QXaThai], [t1].[QXaThaiLonNhat], [t1].[QXaThaiTB], [t1].[QXaTran], [t1].[QmaxNM], [t1].[Qtt], [t1].[SoLuongMayBom], [t1].[ThoiGianBomLonNhat], [t1].[ThoiGianBomNhoNhat], [t1].[ThoiGianBomTB], [c1].[CaoTrinhCong], [c1].[CaoTrinhDap], [c1].[CheDoKT], [c1].[CheDoXT], [c1].[ChieuCaoDap], [c1].[ChieuDaiCong], [c1].[ChieuDaiDap], [c1].[ChieuRongDap], [c1].[ChieuSauDoanThuNuocDen], [c1].[ChieuSauDoanThuNuocTu], [c1].[CongSuatBom], [c1].[CongSuatDamBao], [c1].[CongSuatLM], [c1].[DienTichLuuVuc], [c1].[DienTichTuoiThietKe], [c1].[DienTichTuoiThucTe], [c1].[DungTichChet], [c1].[DungTichHuuIch], [c1].[DungTichToanBo], [c1].[DuongKinhCong], [c1].[HBeHut], [c1].[HDatOngLocDen], [c1].[HDatOngLocTu], [c1].[HDoanThuNuocDen], [c1].[HDoanThuNuocTu], [c1].[HDong], [c1].[HGiengKT], [c1].[HHaLuu], [c1].[HHaThap], [c1].[HThuongLuu], [c1].[HTinh], [c1].[Hgieng], [c1].[Hlu], [c1].[Hmax], [c1].[Hmin], [c1].[HtoiThieu], [c1].[IdCT], [c1].[IdHangMucCT], [c1].[KichThuocCong], [c1].[KqKf], [c1].[LuongNuocKT], [c1].[MNC], [c1].[MNDBT], [c1].[MNLKT], [c1].[MNLTK], [c1].[MuaTrungBinhNam], [c1].[MucNuocDong], [c1].[MucNuocTinh], [c1].[NguonNuocXT], [c1].[NguongTran], [c1].[PhuongThucXT], [c1].[QBomLonNhat], [c1].[QBomThietKe], [c1].[QDamBao], [c1].[QKTCapNuocSinhHoat], [c1].[QKTLonNhat], [c1].[QKhaiThac], [c1].[QLonNhatTruocLu], [c1].[QMaxKT], [c1].[QMaxXaThai], [c1].[QThietKe], [c1].[QThucTe], [c1].[QTrungBinhNam], [c1].[QXaThai], [c1].[QXaThaiLonNhat], [c1].[QXaThaiTB], [c1].[QXaTran], [c1].[QmaxNM], [c1].[Qtt], [c1].[SoLuongMayBom], [c1].[ThoiGianBomLonNhat], [c1].[ThoiGianBomNhoNhat], [c1].[ThoiGianBomTB], [l].[BanDo], [l].[ChieuDaiSongChinh], [l].[ChuGiai], [l].[DaXoa], [l].[DienTich], [l].[FileKML], [l].[IdHuyen], [l].[IdXa], [l].[NgayBatDau], [l].[NgayKetThuc], [l].[SoQuyTrinh], [l].[TaiKhoanSua], [l].[TaiKhoanTao], [l].[TenLVS], [l].[ThoiGianSua], [l].[ThoiGianTao], [l].[ViTriQT], [t2].[Id], [t2].[IdCongTrinh], [t2].[IdHuyen], [t2].[IdXa], [t2].[IdXa0], [t2].[CapHanhChinh], [t2].[DaXoa], [t2].[IdHuyen0], [t2].[TaiKhoanSua], [t2].[TaiKhoanTao], [t2].[TenXa], [t2].[ThoiGianSua], [t2].[ThoiGianTao], [t2].[IdHuyen1], [t2].[CapHanhChinh0], [t2].[DaXoa0], [t2].[TaiKhoanSua0], [t2].[TaiKhoanTao0], [t2].[TenHuyen], [t2].[ThoiGianSua0], [t2].[ThoiGianTao0], [t3].[Id], [t3].[CoQuanCapPhep], [t3].[DaBiThuHoi], [t3].[DaXoa], [t3].[FileDonXinCP], [t3].[FileGiayPhep], [t3].[FileGiayToLienQuan], [t3].[IdCT], [t3].[IdCon], [t3].[IdLoaiGP], [t3].[IdTCCN], [t3].[NgayCoHieuLuc], [t3].[NgayHetHieuLuc], [t3].[NgayKy], [t3].[SoGP], [t3].[TaiKhoanSua], [t3].[TaiKhoanTao], [t3].[TenGP], [t3].[ThoiGianSua], [t3].[ThoiGianTao], [t3].[ThoiHan], [t3].[TrangThaiCapPhep], [t3].[Id0], [t3].[DaXoa0], [t3].[DiaChi], [t3].[Email], [t3].[Fax], [t3].[GiamDoc], [t3].[MaSoThue], [t3].[NguoiDaiDienPhapLuat], [t3].[NguoiDuocUyQuyen], [t3].[SDT], [t3].[TaiKhoan], [t3].[TaiKhoanSua0], [t3].[TaiKhoanTao0], [t3].[TenTCCN], [t3].[ThoiGianSua0], [t3].[ThoiGianTao0], [t3].[Id1], [t3].[IdGP], [t3].[IdTCQ], [t3].[Id00], [t3].[CoQuanCP], [t3].[DaXoa1], [t3].[FilePDF], [t3].[GhiChu], [t3].[IdCon0], [t3].[NgayKy0], [t3].[SoQDTCQ], [t3].[TaiKhoanSua1], [t3].[TaiKhoanTao1], [t3].[ThoiGianSua1], [t3].[ThoiGianTao1], [t3].[TongTienCQ], [t7].[Id], [t7].[DaXoa], [t7].[DonViDo], [t7].[GhiChu], [t7].[IdCT], [t7].[IdMucDich], [t7].[LuuLuong], [t7].[TaiKhoanSua], [t7].[TaiKhoanTao], [t7].[ThoiGianSua], [t7].[ThoiGianTao], [t7].[Id0], [t7].[DaXoa0], [t7].[MucDich], [t7].[TaiKhoanSua0], [t7].[TaiKhoanTao0], [t7].[ThoiGianSua0], [t7].[ThoiGianTao0]
      FROM (
          SELECT [c].[Id], [c].[CapCT], [c].[ChuThich], [c].[DaXoa], [c].[IdLoaiCT], [c].[IdLuuVuc], [c].[IdSong], [c].[IdTangChuaNuoc], [c].[IdTieuLuuVuc], [c].[KhoiLuongCacHangMucTD], [c].[MaCT], [c].[MucDichHNK], [c].[MucDichKT], [c].[MucDichhTD], [c].[NamBatDauVanHanh], [c].[NguonNuocKT], [c].[PhuongThucKT], [c].[QKTThietKe], [c].[QKTThucTe], [c].[QuyMoHNK], [c].[SoDiemXaThai], [c].[SoLuongGieng], [c].[SoLuongGiengKT], [c].[SoLuongGiengQT], [c].[TaiKhoan], [c].[TaiKhoanSua], [c].[TaiKhoanTao], [c].[TenCT], [c].[ThoiGianHNK], [c].[ThoiGianKT], [c].[ThoiGianSua], [c].[ThoiGianTao], [c].[ThoiGianXD], [c].[ViTriCT], [c].[ViTriXT], [c].[X], [c].[Y]
          FROM [CT_ThongTin] AS [c]
          WHERE [c].[DaXoa] = CAST(0 AS bit)
          ORDER BY [c].[IdLoaiCT]
          OFFSET @__p_0 ROWS FETCH NEXT @__p_1 ROWS ONLY
      ) AS [t]
      LEFT JOIN [CT_Loai] AS [c0] ON [t].[IdLoaiCT] = [c0].[Id]
      LEFT JOIN [TangChuaNuoc] AS [t0] ON [t].[IdTangChuaNuoc] = [t0].[Id]
      LEFT JOIN [CT_ThongSo] AS [c1] ON [t].[Id] = [c1].[IdCT]
      LEFT JOIN [LuuVucSong] AS [l] ON [t].[IdLuuVuc] = [l].[Id]
      LEFT JOIN (
          SELECT [c2].[Id], [c2].[ChuThich], [c2].[DaXoa], [c2].[IdCT], [c2].[IdTangChuaNuoc], [c2].[TaiKhoanSua], [c2].[TaiKhoanTao], [c2].[TenHangMuc], [c2].[ThoiGianSua], [c2].[ThoiGianTao], [c2].[V?TriHangMuc], [c2].[X], [c2].[Y], [c3].[Id] AS [Id0], [c3].[CaoTrinhCong], [c3].[CaoTrinhDap], [c3].[CheDoKT], [c3].[CheDoXT], [c3].[ChieuCaoDap], [c3].[ChieuDaiCong], [c3].[ChieuDaiDap], [c3].[ChieuRongDap], [c3].[ChieuSauDoanThuNuocDen], [c3].[ChieuSauDoanThuNuocTu], [c3].[CongSuatBom], [c3].[CongSuatDamBao], [c3].[CongSuatLM], [c3].[DienTichLuuVuc], [c3].[DienTichTuoiThietKe], [c3].[DienTichTuoiThucTe], [c3].[DungTichChet], [c3].[DungTichHuuIch], [c3].[DungTichToanBo], [c3].[DuongKinhCong], [c3].[HBeHut], [c3].[HDatOngLocDen], [c3].[HDatOngLocTu], [c3].[HDoanThuNuocDen], [c3].[HDoanThuNuocTu], [c3].[HDong], [c3].[HGiengKT], [c3].[HHaLuu], [c3].[HHaThap], [c3].[HThuongLuu], [c3].[HTinh], [c3].[Hgieng], [c3].[Hlu], [c3].[Hmax], [c3].[Hmin], [c3].[HtoiThieu], [c3].[IdCT] AS [IdCT0], [c3].[IdHangMucCT], [c3].[KichThuocCong], [c3].[KqKf], [c3].[LuongNuocKT], [c3].[MNC], [c3].[MNDBT], [c3].[MNLKT], [c3].[MNLTK], [c3].[MuaTrungBinhNam], [c3].[MucNuocDong], [c3].[MucNuocTinh], [c3].[NguonNuocXT], [c3].[NguongTran], [c3].[PhuongThucXT], [c3].[QBomLonNhat], [c3].[QBomThietKe], [c3].[QDamBao], [c3].[QKTCapNuocSinhHoat], [c3].[QKTLonNhat], [c3].[QKhaiThac], [c3].[QLonNhatTruocLu], [c3].[QMaxKT], [c3].[QMaxXaThai], [c3].[QThietKe], [c3].[QThucTe], [c3].[QTrungBinhNam], [c3].[QXaThai], [c3].[QXaThaiLonNhat], [c3].[QXaThaiTB], [c3].[QXaTran], [c3].[QmaxNM], [c3].[Qtt], [c3].[SoLuongMayBom], [c3].[ThoiGianBomLonNhat], [c3].[ThoiGianBomNhoNhat], [c3].[ThoiGianBomTB]
          FROM [CT_HangMuc] AS [c2]
          LEFT JOIN [CT_ThongSo] AS [c3] ON [c2].[Id] = [c3].[IdHangMucCT]
      ) AS [t1] ON [t].[Id] = [t1].[IdCT]
      LEFT JOIN (
          SELECT [c4].[Id], [c4].[IdCongTrinh], [c4].[IdHuyen], [c4].[IdXa], [x].[IdXa] AS [IdXa0], [x].[CapHanhChinh], [x].[DaXoa], [x].[IdHuyen] AS [IdHuyen0], [x].[TaiKhoanSua], [x].[TaiKhoanTao], [x].[TenXa], [x].[ThoiGianSua], [x].[ThoiGianTao], [h].[IdHuyen] AS [IdHuyen1], [h].[CapHanhChinh] AS [CapHanhChinh0], [h].[DaXoa] AS [DaXoa0], [h].[TaiKhoanSua] AS [TaiKhoanSua0], [h].[TaiKhoanTao] AS [TaiKhoanTao0], [h].[TenHuyen], [h].[ThoiGianSua] AS [ThoiGianSua0], [h].[ThoiGianTao] AS [ThoiGianTao0]
          FROM [CT_ViTri] AS [c4]
          LEFT JOIN [Xa] AS [x] ON [c4].[IdXa] = [x].[IdXa]
          LEFT JOIN [Huyen] AS [h] ON [c4].[IdHuyen] = [h].[IdHuyen]
      ) AS [t2] ON [t].[Id] = [t2].[IdCongTrinh]
      LEFT JOIN (
          SELECT [g].[Id], [g].[CoQuanCapPhep], [g].[DaBiThuHoi], [g].[DaXoa], [g].[FileDonXinCP], [g].[FileGiayPhep], [g].[FileGiayToLienQuan], [g].[IdCT], [g].[IdCon], [g].[IdLoaiGP], [g].[IdTCCN], [g].[NgayCoHieuLuc], [g].[NgayHetHieuLuc], [g].[NgayKy], [g].[SoGP], [g].[TaiKhoanSua], [g].[TaiKhoanTao], [g].[TenGP], [g].[ThoiGianSua], [g].[ThoiGianTao], [g].[ThoiHan], [g].[TrangThaiCapPhep], [t4].[Id] AS [Id0], [t4].[DaXoa] AS [DaXoa0], [t4].[DiaChi], [t4].[Email], [t4].[Fax], [t4].[GiamDoc], [t4].[MaSoThue], [t4].[NguoiDaiDienPhapLuat], [t4].[NguoiDuocUyQuyen], [t4].[SDT], [t4].[TaiKhoan], [t4].[TaiKhoanSua] AS [TaiKhoanSua0], [t4].[TaiKhoanTao] AS [TaiKhoanTao0], [t4].[TenTCCN], [t4].[ThoiGianSua] AS [ThoiGianSua0], [t4].[ThoiGianTao] AS [ThoiGianTao0], [t5].[Id] AS [Id1], [t5].[IdGP], [t5].[IdTCQ], [t5].[Id0] AS [Id00], [t5].[CoQuanCP], [t5].[DaXoa] AS [DaXoa1], [t5].[FilePDF], [t5].[GhiChu], [t5].[IdCon] AS [IdCon0], [t5].[NgayKy] AS [NgayKy0], [t5].[SoQDTCQ], [t5].[TaiKhoanSua] AS [TaiKhoanSua1], [t5].[TaiKhoanTao] AS [TaiKhoanTao1], [t5].[ThoiGianSua] AS [ThoiGianSua1], [t5].[ThoiGianTao] AS [ThoiGianTao1], [t5].[TongTienCQ]
          FROM [GP_ThongTin] AS [g]
          LEFT JOIN [ToChuc_CaNhan] AS [t4] ON [g].[IdTCCN] = [t4].[Id]
          LEFT JOIN (
              SELECT [g0].[Id], [g0].[IdGP], [g0].[IdTCQ], [t6].[Id] AS [Id0], [t6].[CoQuanCP], [t6].[DaXoa], [t6].[FilePDF], [t6].[GhiChu], [t6].[IdCon], [t6].[NgayKy], [t6].[SoQDTCQ], [t6].[TaiKhoanSua], [t6].[TaiKhoanTao], [t6].[ThoiGianSua], [t6].[ThoiGianTao], [t6].[TongTienCQ]
              FROM [GP_TCQ] AS [g0]
              INNER JOIN [TCQ_ThongTin] AS [t6] ON [g0].[IdTCQ] = [t6].[Id]
          ) AS [t5] ON [g].[Id] = [t5].[IdGP]
      ) AS [t3] ON [t].[Id] = [t3].[IdCT]
      LEFT JOIN (
          SELECT [l0].[Id], [l0].[DaXoa], [l0].[DonViDo], [l0].[GhiChu], [l0].[IdCT], [l0].[IdMucDich], [l0].[LuuLuong], [l0].[TaiKhoanSua], [l0].[TaiKhoanTao], [l0].[ThoiGianSua], [l0].[ThoiGianTao], [m].[Id] AS [Id0], [m].[DaXoa] AS [DaXoa0], [m].[MucDich], [m].[TaiKhoanSua] AS [TaiKhoanSua0], [m].[TaiKhoanTao] AS [TaiKhoanTao0], [m].[ThoiGianSua] AS [ThoiGianSua0], [m].[ThoiGianTao] AS [ThoiGianTao0]
          FROM [LuuLuongTheoMucDich] AS [l0]
          LEFT JOIN [MucDichKT] AS [m] ON [l0].[IdMucDich] = [m].[Id]
      ) AS [t7] ON [t].[Id] = [t7].[IdCT]
      ORDER BY [t].[IdLoaiCT], [t].[Id], [c0].[Id], [t0].[Id], [c1].[Id], [l].[Id], [t1].[Id], [t1].[Id0], [t2].[Id], [t2].[IdXa0], [t2].[IdHuyen1], [t3].[NgayKy] DESC, [t3].[Id], [t3].[Id0], [t3].[Id1], [t3].[Id00], [t7].[Id]
info: Microsoft.EntityFrameworkCore.Database.Command[20101]
      Executed DbCommand (31ms) [Parameters=[@__p_0='725e2617-76a2-445a-9001-c729ebd56929' (Size = 450)], CommandType='Text', CommandTimeout='30']
      SELECT TOP(1) [a].[Id], [a].[AccessFailedCount], [a].[ConcurrencyStamp], [a].[CreatedTime], [a].[CreatedUser], [a].[Email], [a].[EmailConfirmed], [a].[FullName], [a].[IdHuyen], [a].[IsDeleted], [a].[LockoutEnabled], [a].[LockoutEnd], [a].[ModifiedTime], [a].[ModifiedUser], [a].[NormalizedEmail], [a].[NormalizedUserName], [a].[PasswordHash], [a].[PasswordSalt], [a].[PhoneNumber], [a].[PhoneNumberConfirmed], [a].[SecurityStamp], [a].[TwoFactorEnabled], [a].[UserName]
      FROM [AspNetUsers] AS [a]
      WHERE [a].[Id] = @__p_0
info: Microsoft.EntityFrameworkCore.Database.Command[20101]
      Executed DbCommand (32ms) [Parameters=[@__normalizedRoleName_0='CONSTRUCTION' (Size = 256)], CommandType='Text', CommandTimeout='30']
      SELECT TOP(2) [a].[Id], [a].[ConcurrencyStamp], [a].[CreatedTime], [a].[CreatedUser], [a].[Description], [a].[IsDefault], [a].[IsDeleted], [a].[ModifiedTime], [a].[ModifiedUser], [a].[Name], [a].[NormalizedName]
      FROM [AspNetRoles] AS [a]
      WHERE [a].[NormalizedName] = @__normalizedRoleName_0
info: Microsoft.EntityFrameworkCore.Database.Command[20101]
      Executed DbCommand (152ms) [Parameters=[@__p_0='725e2617-76a2-445a-9001-c729ebd56929' (Size = 450), @__p_1='7bd48ecd-c328-4ada-8e05-9358b385597f' (Size = 450)], CommandType='Text', CommandTimeout='30']
      SELECT TOP(1) [a].[UserId], [a].[RoleId]
      FROM [AspNetUserRoles] AS [a]
      WHERE [a].[UserId] = @__p_0 AND [a].[RoleId] = @__p_1
info: Microsoft.EntityFrameworkCore.Database.Command[20101]
      Executed DbCommand (37ms) [Parameters=[@__normalizedRoleName_0='BUSINESS' (Size = 256)], CommandType='Text', CommandTimeout='30']
      SELECT TOP(2) [a].[Id], [a].[ConcurrencyStamp], [a].[CreatedTime], [a].[CreatedUser], [a].[Description], [a].[IsDefault], [a].[IsDeleted], [a].[ModifiedTime], [a].[ModifiedUser], [a].[Name], [a].[NormalizedName]
      FROM [AspNetRoles] AS [a]
      WHERE [a].[NormalizedName] = @__normalizedRoleName_0
info: Microsoft.EntityFrameworkCore.Database.Command[20101]
      Executed DbCommand (20ms) [Parameters=[@__p_0='725e2617-76a2-445a-9001-c729ebd56929' (Size = 450), @__p_1='11fdb212-da4d-40a1-90da-07f8bb9c3765' (Size = 450)], CommandType='Text', CommandTimeout='30']
      SELECT TOP(1) [a].[UserId], [a].[RoleId]
      FROM [AspNetUserRoles] AS [a]
      WHERE [a].[UserId] = @__p_0 AND [a].[RoleId] = @__p_1
info: Microsoft.EntityFrameworkCore.Database.Command[20101]
      Executed DbCommand (211ms) [Parameters=[@__IdLoaiCT_0='1' (Nullable = true)], CommandType='Text', CommandTimeout='30']
      SELECT COUNT(*)
      FROM [CT_ThongTin] AS [c]
      LEFT JOIN [CT_Loai] AS [c0] ON [c].[IdLoaiCT] = [c0].[Id]
      WHERE [c].[DaXoa] = CAST(0 AS bit) AND [c0].[IdCha] = @__IdLoaiCT_0
info: Microsoft.EntityFrameworkCore.Database.Command[20101]
      Executed DbCommand (74ms) [Parameters=[@__IdLoaiCT_0='1' (Nullable = true), @__p_1='0', @__p_2='10'], CommandType='Text', CommandTimeout='30']
      SELECT [t].[Id], [t].[MaCT], [t].[TenCT], [t].[IdLoaiCT], [t].[X], [t].[Y], [t].[Id0], [t].[TenLoaiCT], [t].[IdCha], [t].[MaLoaiCT], [c1].[Id], [c1].[CaoTrinhCong], [c1].[CaoTrinhDap], [c1].[CheDoKT], [c1].[CheDoXT], [c1].[ChieuCaoDap], [c1].[ChieuDaiCong], [c1].[ChieuDaiDap], [c1].[ChieuRongDap], [c1].[ChieuSauDoanThuNuocDen], [c1].[ChieuSauDoanThuNuocTu], [c1].[CongSuatBom], [c1].[CongSuatDamBao], [c1].[CongSuatLM], [c1].[DienTichLuuVuc], [c1].[DienTichTuoiThietKe], [c1].[DienTichTuoiThucTe], [c1].[DungTichChet], [c1].[DungTichHuuIch], [c1].[DungTichToanBo], [c1].[DuongKinhCong], [c1].[HBeHut], [c1].[HDatOngLocDen], [c1].[HDatOngLocTu], [c1].[HDoanThuNuocDen], [c1].[HDoanThuNuocTu], [c1].[HDong], [c1].[HGiengKT], [c1].[HHaLuu], [c1].[HHaThap], [c1].[HThuongLuu], [c1].[HTinh], [c1].[Hgieng], [c1].[Hlu], [c1].[Hmax], [c1].[Hmin], [c1].[HtoiThieu], [c1].[IdCT], [c1].[IdHangMucCT], [c1].[KichThuocCong], [c1].[KqKf], [c1].[LuongNuocKT], [c1].[MNC], [c1].[MNDBT], [c1].[MNLKT], [c1].[MNLTK], [c1].[MuaTrungBinhNam], [c1].[MucNuocDong], [c1].[MucNuocTinh], [c1].[NguonNuocXT], [c1].[NguongTran], [c1].[PhuongThucXT], [c1].[QBomLonNhat], [c1].[QBomThietKe], [c1].[QDamBao], [c1].[QKTCapNuocSinhHoat], [c1].[QKTLonNhat], [c1].[QKhaiThac], [c1].[QLonNhatTruocLu], [c1].[QMaxKT], [c1].[QMaxXaThai], [c1].[QThietKe], [c1].[QThucTe], [c1].[QTrungBinhNam], [c1].[QXaThai], [c1].[QXaThaiLonNhat], [c1].[QXaThaiTB], [c1].[QXaTran], [c1].[QmaxNM], [c1].[Qtt], [c1].[SoLuongMayBom], [c1].[ThoiGianBomLonNhat], [c1].[ThoiGianBomNhoNhat], [c1].[ThoiGianBomTB], [g].[Id], [g].[CoQuanCapPhep], [g].[DaBiThuHoi], [g].[DaXoa], [g].[FileDonXinCP], [g].[FileGiayPhep], [g].[FileGiayToLienQuan], [g].[IdCT], [g].[IdCon], [g].[IdLoaiGP], [g].[IdTCCN], [g].[NgayCoHieuLuc], [g].[NgayHetHieuLuc], [g].[NgayKy], [g].[SoGP], [g].[TaiKhoanSua], [g].[TaiKhoanTao], [g].[TenGP], [g].[ThoiGianSua], [g].[ThoiGianTao], [g].[ThoiHan], [g].[TrangThaiCapPhep], (
          SELECT TOP(1) [g0].[CoQuanCapPhep]
          FROM [GP_ThongTin] AS [g0]
          WHERE [t].[Id] = [g0].[IdCT]
          ORDER BY [g0].[NgayKy] DESC)
      FROM (
          SELECT [c].[Id], [c].[IdLoaiCT], [c].[MaCT], [c].[TenCT], [c].[X], [c].[Y], [c0].[Id] AS [Id0], [c0].[IdCha], [c0].[MaLoaiCT], [c0].[TenLoaiCT]
          FROM [CT_ThongTin] AS [c]
          LEFT JOIN [CT_Loai] AS [c0] ON [c].[IdLoaiCT] = [c0].[Id]
          WHERE [c].[DaXoa] = CAST(0 AS bit) AND [c0].[IdCha] = @__IdLoaiCT_0
          ORDER BY [c].[IdLoaiCT]
          OFFSET @__p_1 ROWS FETCH NEXT @__p_2 ROWS ONLY
      ) AS [t]
      LEFT JOIN [CT_ThongSo] AS [c1] ON [t].[Id] = [c1].[IdCT]
      LEFT JOIN [GP_ThongTin] AS [g] ON [t].[Id] = [g].[IdCT]
      ORDER BY [t].[IdLoaiCT], [t].[Id], [t].[Id0], [c1].[Id]
info: Microsoft.EntityFrameworkCore.Database.Command[20101]
      Executed DbCommand (33ms) [Parameters=[@__p_0='725e2617-76a2-445a-9001-c729ebd56929' (Size = 450)], CommandType='Text', CommandTimeout='120']
      SELECT TOP(1) [a].[Id], [a].[AccessFailedCount], [a].[ConcurrencyStamp], [a].[CreatedTime], [a].[CreatedUser], [a].[Email], [a].[EmailConfirmed], [a].[FullName], [a].[IdHuyen], [a].[IsDeleted], [a].[LockoutEnabled], [a].[LockoutEnd], [a].[ModifiedTime], [a].[ModifiedUser], [a].[NormalizedEmail], [a].[NormalizedUserName], [a].[PasswordHash], [a].[PasswordSalt], [a].[PhoneNumber], [a].[PhoneNumberConfirmed], [a].[SecurityStamp], [a].[TwoFactorEnabled], [a].[UserName]
      FROM [AspNetUsers] AS [a]
      WHERE [a].[Id] = @__p_0
info: Microsoft.EntityFrameworkCore.Database.Command[20101]
      Executed DbCommand (30ms) [Parameters=[@__normalizedRoleName_0='CONSTRUCTION' (Size = 256)], CommandType='Text', CommandTimeout='120']
      SELECT TOP(2) [a].[Id], [a].[ConcurrencyStamp], [a].[CreatedTime], [a].[CreatedUser], [a].[Description], [a].[IsDefault], [a].[IsDeleted], [a].[ModifiedTime], [a].[ModifiedUser], [a].[Name], [a].[NormalizedName]
      FROM [AspNetRoles] AS [a]
      WHERE [a].[NormalizedName] = @__normalizedRoleName_0
info: Microsoft.EntityFrameworkCore.Database.Command[20101]
      Executed DbCommand (31ms) [Parameters=[@__p_0='725e2617-76a2-445a-9001-c729ebd56929' (Size = 450), @__p_1='7bd48ecd-c328-4ada-8e05-9358b385597f' (Size = 450)], CommandType='Text', CommandTimeout='120']
      SELECT TOP(1) [a].[UserId], [a].[RoleId]
      FROM [AspNetUserRoles] AS [a]
      WHERE [a].[UserId] = @__p_0 AND [a].[RoleId] = @__p_1
info: Microsoft.EntityFrameworkCore.Database.Command[20101]
      Executed DbCommand (31ms) [Parameters=[@__normalizedRoleName_0='BUSINESS' (Size = 256)], CommandType='Text', CommandTimeout='120']
      SELECT TOP(2) [a].[Id], [a].[ConcurrencyStamp], [a].[CreatedTime], [a].[CreatedUser], [a].[Description], [a].[IsDefault], [a].[IsDeleted], [a].[ModifiedTime], [a].[ModifiedUser], [a].[Name], [a].[NormalizedName]
      FROM [AspNetRoles] AS [a]
      WHERE [a].[NormalizedName] = @__normalizedRoleName_0
info: Microsoft.EntityFrameworkCore.Database.Command[20101]
      Executed DbCommand (34ms) [Parameters=[@__p_0='725e2617-76a2-445a-9001-c729ebd56929' (Size = 450), @__p_1='11fdb212-da4d-40a1-90da-07f8bb9c3765' (Size = 450)], CommandType='Text', CommandTimeout='120']
      SELECT TOP(1) [a].[UserId], [a].[RoleId]
      FROM [AspNetUserRoles] AS [a]
      WHERE [a].[UserId] = @__p_0 AND [a].[RoleId] = @__p_1
info: Microsoft.EntityFrameworkCore.Database.Command[20101]
      Executed DbCommand (36ms) [Parameters=[], CommandType='Text', CommandTimeout='120']
      SELECT COUNT(*)
      FROM [CT_ThongTin] AS [c]
      WHERE [c].[DaXoa] = CAST(0 AS bit)
info: Microsoft.EntityFrameworkCore.Database.Command[20101]
      Executed DbCommand (1,347ms) [Parameters=[@__p_0='0', @__p_1='1000'], CommandType='Text', CommandTimeout='120']
      SELECT [t].[Id], [t].[CapCT], [t].[ChuThich], [t].[DaXoa], [t].[IdLoaiCT], [t].[IdLuuVuc], [t].[IdSong], [t].[IdTangChuaNuoc], [t].[IdTieuLuuVuc], [t].[KhoiLuongCacHangMucTD], [t].[MaCT], [t].[MucDichHNK], [t].[MucDichKT], [t].[MucDichhTD], [t].[NamBatDauVanHanh], [t].[NguonNuocKT], [t].[PhuongThucKT], [t].[QKTThietKe], [t].[QKTThucTe], [t].[QuyMoHNK], [t].[SoDiemXaThai], [t].[SoLuongGieng], [t].[SoLuongGiengKT], [t].[SoLuongGiengQT], [t].[TaiKhoan], [t].[TaiKhoanSua], [t].[TaiKhoanTao], [t].[TenCT], [t].[ThoiGianHNK], [t].[ThoiGianKT], [t].[ThoiGianSua], [t].[ThoiGianTao], [t].[ThoiGianXD], [t].[ViTriCT], [t].[ViTriXT], [t].[X], [t].[Y], [c0].[Id], [c0].[ChuThich], [c0].[DaXoa], [c0].[IdCha], [c0].[MaLoaiCT], [c0].[TaiKhoanSua], [c0].[TaiKhoanTao], [c0].[TenLoaiCT], [c0].[ThoiGianSua], [c0].[ThoiGianTao], [t0].[Id], [t0].[DaXoa], [t0].[KyHieuTCN], [t0].[SoLuongGiengQT], [t0].[TaiKhoanSua], [t0].[TaiKhoanTao], [t0].[TenTCN], [t0].[ThoiGianSua], [t0].[ThoiGianTao], [c1].[Id], [l].[Id], [t1].[Id], [t1].[ChuThich], [t1].[DaXoa], [t1].[IdCT], [t1].[IdTangChuaNuoc], [t1].[TaiKhoanSua], [t1].[TaiKhoanTao], [t1].[TenHangMuc], [t1].[ThoiGianSua], [t1].[ThoiGianTao], [t1].[V?TriHangMuc], [t1].[X], [t1].[Y], [t1].[Id0], [t1].[CaoTrinhCong], [t1].[CaoTrinhDap], [t1].[CheDoKT], [t1].[CheDoXT], [t1].[ChieuCaoDap], [t1].[ChieuDaiCong], [t1].[ChieuDaiDap], [t1].[ChieuRongDap], [t1].[ChieuSauDoanThuNuocDen], [t1].[ChieuSauDoanThuNuocTu], [t1].[CongSuatBom], [t1].[CongSuatDamBao], [t1].[CongSuatLM], [t1].[DienTichLuuVuc], [t1].[DienTichTuoiThietKe], [t1].[DienTichTuoiThucTe], [t1].[DungTichChet], [t1].[DungTichHuuIch], [t1].[DungTichToanBo], [t1].[DuongKinhCong], [t1].[HBeHut], [t1].[HDatOngLocDen], [t1].[HDatOngLocTu], [t1].[HDoanThuNuocDen], [t1].[HDoanThuNuocTu], [t1].[HDong], [t1].[HGiengKT], [t1].[HHaLuu], [t1].[HHaThap], [t1].[HThuongLuu], [t1].[HTinh], [t1].[Hgieng], [t1].[Hlu], [t1].[Hmax], [t1].[Hmin], [t1].[HtoiThieu], [t1].[IdCT0], [t1].[IdHangMucCT], [t1].[KichThuocCong], [t1].[KqKf], [t1].[LuongNuocKT], [t1].[MNC], [t1].[MNDBT], [t1].[MNLKT], [t1].[MNLTK], [t1].[MuaTrungBinhNam], [t1].[MucNuocDong], [t1].[MucNuocTinh], [t1].[NguonNuocXT], [t1].[NguongTran], [t1].[PhuongThucXT], [t1].[QBomLonNhat], [t1].[QBomThietKe], [t1].[QDamBao], [t1].[QKTCapNuocSinhHoat], [t1].[QKTLonNhat], [t1].[QKhaiThac], [t1].[QLonNhatTruocLu], [t1].[QMaxKT], [t1].[QMaxXaThai], [t1].[QThietKe], [t1].[QThucTe], [t1].[QTrungBinhNam], [t1].[QXaThai], [t1].[QXaThaiLonNhat], [t1].[QXaThaiTB], [t1].[QXaTran], [t1].[QmaxNM], [t1].[Qtt], [t1].[SoLuongMayBom], [t1].[ThoiGianBomLonNhat], [t1].[ThoiGianBomNhoNhat], [t1].[ThoiGianBomTB], [c1].[CaoTrinhCong], [c1].[CaoTrinhDap], [c1].[CheDoKT], [c1].[CheDoXT], [c1].[ChieuCaoDap], [c1].[ChieuDaiCong], [c1].[ChieuDaiDap], [c1].[ChieuRongDap], [c1].[ChieuSauDoanThuNuocDen], [c1].[ChieuSauDoanThuNuocTu], [c1].[CongSuatBom], [c1].[CongSuatDamBao], [c1].[CongSuatLM], [c1].[DienTichLuuVuc], [c1].[DienTichTuoiThietKe], [c1].[DienTichTuoiThucTe], [c1].[DungTichChet], [c1].[DungTichHuuIch], [c1].[DungTichToanBo], [c1].[DuongKinhCong], [c1].[HBeHut], [c1].[HDatOngLocDen], [c1].[HDatOngLocTu], [c1].[HDoanThuNuocDen], [c1].[HDoanThuNuocTu], [c1].[HDong], [c1].[HGiengKT], [c1].[HHaLuu], [c1].[HHaThap], [c1].[HThuongLuu], [c1].[HTinh], [c1].[Hgieng], [c1].[Hlu], [c1].[Hmax], [c1].[Hmin], [c1].[HtoiThieu], [c1].[IdCT], [c1].[IdHangMucCT], [c1].[KichThuocCong], [c1].[KqKf], [c1].[LuongNuocKT], [c1].[MNC], [c1].[MNDBT], [c1].[MNLKT], [c1].[MNLTK], [c1].[MuaTrungBinhNam], [c1].[MucNuocDong], [c1].[MucNuocTinh], [c1].[NguonNuocXT], [c1].[NguongTran], [c1].[PhuongThucXT], [c1].[QBomLonNhat], [c1].[QBomThietKe], [c1].[QDamBao], [c1].[QKTCapNuocSinhHoat], [c1].[QKTLonNhat], [c1].[QKhaiThac], [c1].[QLonNhatTruocLu], [c1].[QMaxKT], [c1].[QMaxXaThai], [c1].[QThietKe], [c1].[QThucTe], [c1].[QTrungBinhNam], [c1].[QXaThai], [c1].[QXaThaiLonNhat], [c1].[QXaThaiTB], [c1].[QXaTran], [c1].[QmaxNM], [c1].[Qtt], [c1].[SoLuongMayBom], [c1].[ThoiGianBomLonNhat], [c1].[ThoiGianBomNhoNhat], [c1].[ThoiGianBomTB], [l].[BanDo], [l].[ChieuDaiSongChinh], [l].[ChuGiai], [l].[DaXoa], [l].[DienTich], [l].[FileKML], [l].[IdHuyen], [l].[IdXa], [l].[NgayBatDau], [l].[NgayKetThuc], [l].[SoQuyTrinh], [l].[TaiKhoanSua], [l].[TaiKhoanTao], [l].[TenLVS], [l].[ThoiGianSua], [l].[ThoiGianTao], [l].[ViTriQT], [t2].[Id], [t2].[IdCongTrinh], [t2].[IdHuyen], [t2].[IdXa], [t2].[IdXa0], [t2].[CapHanhChinh], [t2].[DaXoa], [t2].[IdHuyen0], [t2].[TaiKhoanSua], [t2].[TaiKhoanTao], [t2].[TenXa], [t2].[ThoiGianSua], [t2].[ThoiGianTao], [t2].[IdHuyen1], [t2].[CapHanhChinh0], [t2].[DaXoa0], [t2].[TaiKhoanSua0], [t2].[TaiKhoanTao0], [t2].[TenHuyen], [t2].[ThoiGianSua0], [t2].[ThoiGianTao0], [t3].[Id], [t3].[CoQuanCapPhep], [t3].[DaBiThuHoi], [t3].[DaXoa], [t3].[FileDonXinCP], [t3].[FileGiayPhep], [t3].[FileGiayToLienQuan], [t3].[IdCT], [t3].[IdCon], [t3].[IdLoaiGP], [t3].[IdTCCN], [t3].[NgayCoHieuLuc], [t3].[NgayHetHieuLuc], [t3].[NgayKy], [t3].[SoGP], [t3].[TaiKhoanSua], [t3].[TaiKhoanTao], [t3].[TenGP], [t3].[ThoiGianSua], [t3].[ThoiGianTao], [t3].[ThoiHan], [t3].[TrangThaiCapPhep], [t3].[Id0], [t3].[DaXoa0], [t3].[DiaChi], [t3].[Email], [t3].[Fax], [t3].[GiamDoc], [t3].[MaSoThue], [t3].[NguoiDaiDienPhapLuat], [t3].[NguoiDuocUyQuyen], [t3].[SDT], [t3].[TaiKhoan], [t3].[TaiKhoanSua0], [t3].[TaiKhoanTao0], [t3].[TenTCCN], [t3].[ThoiGianSua0], [t3].[ThoiGianTao0], [t3].[Id1], [t3].[IdGP], [t3].[IdTCQ], [t3].[Id00], [t3].[CoQuanCP], [t3].[DaXoa1], [t3].[FilePDF], [t3].[GhiChu], [t3].[IdCon0], [t3].[NgayKy0], [t3].[SoQDTCQ], [t3].[TaiKhoanSua1], [t3].[TaiKhoanTao1], [t3].[ThoiGianSua1], [t3].[ThoiGianTao1], [t3].[TongTienCQ], [t7].[Id], [t7].[DaXoa], [t7].[DonViDo], [t7].[GhiChu], [t7].[IdCT], [t7].[IdMucDich], [t7].[LuuLuong], [t7].[TaiKhoanSua], [t7].[TaiKhoanTao], [t7].[ThoiGianSua], [t7].[ThoiGianTao], [t7].[Id0], [t7].[DaXoa0], [t7].[MucDich], [t7].[TaiKhoanSua0], [t7].[TaiKhoanTao0], [t7].[ThoiGianSua0], [t7].[ThoiGianTao0]
      FROM (
          SELECT [c].[Id], [c].[CapCT], [c].[ChuThich], [c].[DaXoa], [c].[IdLoaiCT], [c].[IdLuuVuc], [c].[IdSong], [c].[IdTangChuaNuoc], [c].[IdTieuLuuVuc], [c].[KhoiLuongCacHangMucTD], [c].[MaCT], [c].[MucDichHNK], [c].[MucDichKT], [c].[MucDichhTD], [c].[NamBatDauVanHanh], [c].[NguonNuocKT], [c].[PhuongThucKT], [c].[QKTThietKe], [c].[QKTThucTe], [c].[QuyMoHNK], [c].[SoDiemXaThai], [c].[SoLuongGieng], [c].[SoLuongGiengKT], [c].[SoLuongGiengQT], [c].[TaiKhoan], [c].[TaiKhoanSua], [c].[TaiKhoanTao], [c].[TenCT], [c].[ThoiGianHNK], [c].[ThoiGianKT], [c].[ThoiGianSua], [c].[ThoiGianTao], [c].[ThoiGianXD], [c].[ViTriCT], [c].[ViTriXT], [c].[X], [c].[Y]
          FROM [CT_ThongTin] AS [c]
          WHERE [c].[DaXoa] = CAST(0 AS bit)
          ORDER BY [c].[IdLoaiCT]
          OFFSET @__p_0 ROWS FETCH NEXT @__p_1 ROWS ONLY
      ) AS [t]
      LEFT JOIN [CT_Loai] AS [c0] ON [t].[IdLoaiCT] = [c0].[Id]
      LEFT JOIN [TangChuaNuoc] AS [t0] ON [t].[IdTangChuaNuoc] = [t0].[Id]
      LEFT JOIN [CT_ThongSo] AS [c1] ON [t].[Id] = [c1].[IdCT]
      LEFT JOIN [LuuVucSong] AS [l] ON [t].[IdLuuVuc] = [l].[Id]
      LEFT JOIN (
          SELECT [c2].[Id], [c2].[ChuThich], [c2].[DaXoa], [c2].[IdCT], [c2].[IdTangChuaNuoc], [c2].[TaiKhoanSua], [c2].[TaiKhoanTao], [c2].[TenHangMuc], [c2].[ThoiGianSua], [c2].[ThoiGianTao], [c2].[V?TriHangMuc], [c2].[X], [c2].[Y], [c3].[Id] AS [Id0], [c3].[CaoTrinhCong], [c3].[CaoTrinhDap], [c3].[CheDoKT], [c3].[CheDoXT], [c3].[ChieuCaoDap], [c3].[ChieuDaiCong], [c3].[ChieuDaiDap], [c3].[ChieuRongDap], [c3].[ChieuSauDoanThuNuocDen], [c3].[ChieuSauDoanThuNuocTu], [c3].[CongSuatBom], [c3].[CongSuatDamBao], [c3].[CongSuatLM], [c3].[DienTichLuuVuc], [c3].[DienTichTuoiThietKe], [c3].[DienTichTuoiThucTe], [c3].[DungTichChet], [c3].[DungTichHuuIch], [c3].[DungTichToanBo], [c3].[DuongKinhCong], [c3].[HBeHut], [c3].[HDatOngLocDen], [c3].[HDatOngLocTu], [c3].[HDoanThuNuocDen], [c3].[HDoanThuNuocTu], [c3].[HDong], [c3].[HGiengKT], [c3].[HHaLuu], [c3].[HHaThap], [c3].[HThuongLuu], [c3].[HTinh], [c3].[Hgieng], [c3].[Hlu], [c3].[Hmax], [c3].[Hmin], [c3].[HtoiThieu], [c3].[IdCT] AS [IdCT0], [c3].[IdHangMucCT], [c3].[KichThuocCong], [c3].[KqKf], [c3].[LuongNuocKT], [c3].[MNC], [c3].[MNDBT], [c3].[MNLKT], [c3].[MNLTK], [c3].[MuaTrungBinhNam], [c3].[MucNuocDong], [c3].[MucNuocTinh], [c3].[NguonNuocXT], [c3].[NguongTran], [c3].[PhuongThucXT], [c3].[QBomLonNhat], [c3].[QBomThietKe], [c3].[QDamBao], [c3].[QKTCapNuocSinhHoat], [c3].[QKTLonNhat], [c3].[QKhaiThac], [c3].[QLonNhatTruocLu], [c3].[QMaxKT], [c3].[QMaxXaThai], [c3].[QThietKe], [c3].[QThucTe], [c3].[QTrungBinhNam], [c3].[QXaThai], [c3].[QXaThaiLonNhat], [c3].[QXaThaiTB], [c3].[QXaTran], [c3].[QmaxNM], [c3].[Qtt], [c3].[SoLuongMayBom], [c3].[ThoiGianBomLonNhat], [c3].[ThoiGianBomNhoNhat], [c3].[ThoiGianBomTB]
          FROM [CT_HangMuc] AS [c2]
          LEFT JOIN [CT_ThongSo] AS [c3] ON [c2].[Id] = [c3].[IdHangMucCT]
      ) AS [t1] ON [t].[Id] = [t1].[IdCT]
      LEFT JOIN (
          SELECT [c4].[Id], [c4].[IdCongTrinh], [c4].[IdHuyen], [c4].[IdXa], [x].[IdXa] AS [IdXa0], [x].[CapHanhChinh], [x].[DaXoa], [x].[IdHuyen] AS [IdHuyen0], [x].[TaiKhoanSua], [x].[TaiKhoanTao], [x].[TenXa], [x].[ThoiGianSua], [x].[ThoiGianTao], [h].[IdHuyen] AS [IdHuyen1], [h].[CapHanhChinh] AS [CapHanhChinh0], [h].[DaXoa] AS [DaXoa0], [h].[TaiKhoanSua] AS [TaiKhoanSua0], [h].[TaiKhoanTao] AS [TaiKhoanTao0], [h].[TenHuyen], [h].[ThoiGianSua] AS [ThoiGianSua0], [h].[ThoiGianTao] AS [ThoiGianTao0]
          FROM [CT_ViTri] AS [c4]
          LEFT JOIN [Xa] AS [x] ON [c4].[IdXa] = [x].[IdXa]
          LEFT JOIN [Huyen] AS [h] ON [c4].[IdHuyen] = [h].[IdHuyen]
      ) AS [t2] ON [t].[Id] = [t2].[IdCongTrinh]
      LEFT JOIN (
          SELECT [g].[Id], [g].[CoQuanCapPhep], [g].[DaBiThuHoi], [g].[DaXoa], [g].[FileDonXinCP], [g].[FileGiayPhep], [g].[FileGiayToLienQuan], [g].[IdCT], [g].[IdCon], [g].[IdLoaiGP], [g].[IdTCCN], [g].[NgayCoHieuLuc], [g].[NgayHetHieuLuc], [g].[NgayKy], [g].[SoGP], [g].[TaiKhoanSua], [g].[TaiKhoanTao], [g].[TenGP], [g].[ThoiGianSua], [g].[ThoiGianTao], [g].[ThoiHan], [g].[TrangThaiCapPhep], [t4].[Id] AS [Id0], [t4].[DaXoa] AS [DaXoa0], [t4].[DiaChi], [t4].[Email], [t4].[Fax], [t4].[GiamDoc], [t4].[MaSoThue], [t4].[NguoiDaiDienPhapLuat], [t4].[NguoiDuocUyQuyen], [t4].[SDT], [t4].[TaiKhoan], [t4].[TaiKhoanSua] AS [TaiKhoanSua0], [t4].[TaiKhoanTao] AS [TaiKhoanTao0], [t4].[TenTCCN], [t4].[ThoiGianSua] AS [ThoiGianSua0], [t4].[ThoiGianTao] AS [ThoiGianTao0], [t5].[Id] AS [Id1], [t5].[IdGP], [t5].[IdTCQ], [t5].[Id0] AS [Id00], [t5].[CoQuanCP], [t5].[DaXoa] AS [DaXoa1], [t5].[FilePDF], [t5].[GhiChu], [t5].[IdCon] AS [IdCon0], [t5].[NgayKy] AS [NgayKy0], [t5].[SoQDTCQ], [t5].[TaiKhoanSua] AS [TaiKhoanSua1], [t5].[TaiKhoanTao] AS [TaiKhoanTao1], [t5].[ThoiGianSua] AS [ThoiGianSua1], [t5].[ThoiGianTao] AS [ThoiGianTao1], [t5].[TongTienCQ]
          FROM [GP_ThongTin] AS [g]
          LEFT JOIN [ToChuc_CaNhan] AS [t4] ON [g].[IdTCCN] = [t4].[Id]
          LEFT JOIN (
              SELECT [g0].[Id], [g0].[IdGP], [g0].[IdTCQ], [t6].[Id] AS [Id0], [t6].[CoQuanCP], [t6].[DaXoa], [t6].[FilePDF], [t6].[GhiChu], [t6].[IdCon], [t6].[NgayKy], [t6].[SoQDTCQ], [t6].[TaiKhoanSua], [t6].[TaiKhoanTao], [t6].[ThoiGianSua], [t6].[ThoiGianTao], [t6].[TongTienCQ]
              FROM [GP_TCQ] AS [g0]
              INNER JOIN [TCQ_ThongTin] AS [t6] ON [g0].[IdTCQ] = [t6].[Id]
          ) AS [t5] ON [g].[Id] = [t5].[IdGP]
      ) AS [t3] ON [t].[Id] = [t3].[IdCT]
      LEFT JOIN (
          SELECT [l0].[Id], [l0].[DaXoa], [l0].[DonViDo], [l0].[GhiChu], [l0].[IdCT], [l0].[IdMucDich], [l0].[LuuLuong], [l0].[TaiKhoanSua], [l0].[TaiKhoanTao], [l0].[ThoiGianSua], [l0].[ThoiGianTao], [m].[Id] AS [Id0], [m].[DaXoa] AS [DaXoa0], [m].[MucDich], [m].[TaiKhoanSua] AS [TaiKhoanSua0], [m].[TaiKhoanTao] AS [TaiKhoanTao0], [m].[ThoiGianSua] AS [ThoiGianSua0], [m].[ThoiGianTao] AS [ThoiGianTao0]
          FROM [LuuLuongTheoMucDich] AS [l0]
          LEFT JOIN [MucDichKT] AS [m] ON [l0].[IdMucDich] = [m].[Id]
      ) AS [t7] ON [t].[Id] = [t7].[IdCT]
      ORDER BY [t].[IdLoaiCT], [t].[Id], [c0].[Id], [t0].[Id], [c1].[Id], [l].[Id], [t1].[Id], [t1].[Id0], [t2].[Id], [t2].[IdXa0], [t2].[IdHuyen1], [t3].[NgayKy] DESC, [t3].[Id], [t3].[Id0], [t3].[Id1], [t3].[Id00], [t7].[Id]
info: Microsoft.EntityFrameworkCore.Database.Command[20101]
      Executed DbCommand (62ms) [Parameters=[@__p_0='725e2617-76a2-445a-9001-c729ebd56929' (Size = 450)], CommandType='Text', CommandTimeout='120']
      SELECT TOP(1) [a].[Id], [a].[AccessFailedCount], [a].[ConcurrencyStamp], [a].[CreatedTime], [a].[CreatedUser], [a].[Email], [a].[EmailConfirmed], [a].[FullName], [a].[IdHuyen], [a].[IsDeleted], [a].[LockoutEnabled], [a].[LockoutEnd], [a].[ModifiedTime], [a].[ModifiedUser], [a].[NormalizedEmail], [a].[NormalizedUserName], [a].[PasswordHash], [a].[PasswordSalt], [a].[PhoneNumber], [a].[PhoneNumberConfirmed], [a].[SecurityStamp], [a].[TwoFactorEnabled], [a].[UserName]
      FROM [AspNetUsers] AS [a]
      WHERE [a].[Id] = @__p_0
info: Microsoft.EntityFrameworkCore.Database.Command[20101]
      Executed DbCommand (59ms) [Parameters=[], CommandType='Text', CommandTimeout='30']
      SELECT [t].[Id], [t].[CoQuanCP], [t].[DaXoa], [t].[FilePDF], [t].[GhiChu], [t].[IdCon], [t].[NgayKy], [t].[SoQDTCQ], [t].[TaiKhoanSua], [t].[TaiKhoanTao], [t].[ThoiGianSua], [t].[ThoiGianTao], [t].[TongTienCQ], [g].[Id], [g].[IdGP], [g].[IdTCQ]
      FROM [TCQ_ThongTin] AS [t]
      LEFT JOIN [GP_TCQ] AS [g] ON [t].[Id] = [g].[IdTCQ]
      WHERE [t].[DaXoa] = CAST(0 AS bit)
      ORDER BY [t].[NgayKy] DESC, [t].[Id]
info: Microsoft.EntityFrameworkCore.Database.Command[20101]
      Executed DbCommand (59ms) [Parameters=[@__normalizedRoleName_0='CONSTRUCTION' (Size = 256)], CommandType='Text', CommandTimeout='120']
      SELECT TOP(2) [a].[Id], [a].[ConcurrencyStamp], [a].[CreatedTime], [a].[CreatedUser], [a].[Description], [a].[IsDefault], [a].[IsDeleted], [a].[ModifiedTime], [a].[ModifiedUser], [a].[Name], [a].[NormalizedName]
      FROM [AspNetRoles] AS [a]
      WHERE [a].[NormalizedName] = @__normalizedRoleName_0
info: Microsoft.EntityFrameworkCore.Database.Command[20101]
      Executed DbCommand (32ms) [Parameters=[@__p_0='725e2617-76a2-445a-9001-c729ebd56929' (Size = 450), @__p_1='7bd48ecd-c328-4ada-8e05-9358b385597f' (Size = 450)], CommandType='Text', CommandTimeout='120']
      SELECT TOP(1) [a].[UserId], [a].[RoleId]
      FROM [AspNetUserRoles] AS [a]
      WHERE [a].[UserId] = @__p_0 AND [a].[RoleId] = @__p_1
info: Microsoft.EntityFrameworkCore.Database.Command[20101]
      Executed DbCommand (43ms) [Parameters=[], CommandType='Text', CommandTimeout='30']
      SELECT [t].[Id], [t].[CoQuanCP], [t].[DaXoa], [t].[FilePDF], [t].[GhiChu], [t].[IdCon], [t].[NgayKy], [t].[SoQDTCQ], [t].[TaiKhoanSua], [t].[TaiKhoanTao], [t].[ThoiGianSua], [t].[ThoiGianTao], [t].[TongTienCQ], [g].[Id], [g].[IdGP], [g].[IdTCQ]
      FROM [TCQ_ThongTin] AS [t]
      LEFT JOIN [GP_TCQ] AS [g] ON [t].[Id] = [g].[IdTCQ]
      WHERE [t].[DaXoa] = CAST(0 AS bit)
      ORDER BY [t].[NgayKy] DESC, [t].[Id]
info: Microsoft.EntityFrameworkCore.Database.Command[20101]
      Executed DbCommand (34ms) [Parameters=[@__normalizedRoleName_0='BUSINESS' (Size = 256)], CommandType='Text', CommandTimeout='120']
      SELECT TOP(2) [a].[Id], [a].[ConcurrencyStamp], [a].[CreatedTime], [a].[CreatedUser], [a].[Description], [a].[IsDefault], [a].[IsDeleted], [a].[ModifiedTime], [a].[ModifiedUser], [a].[Name], [a].[NormalizedName]
      FROM [AspNetRoles] AS [a]
      WHERE [a].[NormalizedName] = @__normalizedRoleName_0
info: Microsoft.EntityFrameworkCore.Database.Command[20101]
      Executed DbCommand (35ms) [Parameters=[], CommandType='Text', CommandTimeout='30']
      SELECT [t].[Id], [t].[CoQuanCP], [t].[DaXoa], [t].[FilePDF], [t].[GhiChu], [t].[IdCon], [t].[NgayKy], [t].[SoQDTCQ], [t].[TaiKhoanSua], [t].[TaiKhoanTao], [t].[ThoiGianSua], [t].[ThoiGianTao], [t].[TongTienCQ], [g].[Id], [g].[IdGP], [g].[IdTCQ]
      FROM [TCQ_ThongTin] AS [t]
      LEFT JOIN [GP_TCQ] AS [g] ON [t].[Id] = [g].[IdTCQ]
      WHERE [t].[DaXoa] = CAST(0 AS bit) AND [t].[CoQuanCP] = N'UBNDT'
      ORDER BY [t].[NgayKy] DESC, [t].[Id]
info: Microsoft.EntityFrameworkCore.Database.Command[20101]
      Executed DbCommand (33ms) [Parameters=[@__p_0='725e2617-76a2-445a-9001-c729ebd56929' (Size = 450), @__p_1='11fdb212-da4d-40a1-90da-07f8bb9c3765' (Size = 450)], CommandType='Text', CommandTimeout='120']
      SELECT TOP(1) [a].[UserId], [a].[RoleId]
      FROM [AspNetUserRoles] AS [a]
      WHERE [a].[UserId] = @__p_0 AND [a].[RoleId] = @__p_1
info: Microsoft.EntityFrameworkCore.Database.Command[20101]
      Executed DbCommand (29ms) [Parameters=[], CommandType='Text', CommandTimeout='120']
      SELECT COUNT(*)
      FROM [CT_ThongTin] AS [c]
      WHERE [c].[DaXoa] = CAST(0 AS bit)
info: Microsoft.EntityFrameworkCore.Database.Command[20101]
      Executed DbCommand (51ms) [Parameters=[], CommandType='Text', CommandTimeout='30']
      SELECT [t].[Id], [t].[CoQuanCP], [t].[DaXoa], [t].[FilePDF], [t].[GhiChu], [t].[IdCon], [t].[NgayKy], [t].[SoQDTCQ], [t].[TaiKhoanSua], [t].[TaiKhoanTao], [t].[ThoiGianSua], [t].[ThoiGianTao], [t].[TongTienCQ], [g].[Id], [g].[IdGP], [g].[IdTCQ]
      FROM [TCQ_ThongTin] AS [t]
      LEFT JOIN [GP_TCQ] AS [g] ON [t].[Id] = [g].[IdTCQ]
      WHERE [t].[DaXoa] = CAST(0 AS bit) AND [t].[CoQuanCP] = N'UBNDT'
      ORDER BY [t].[NgayKy] DESC, [t].[Id]
info: Microsoft.EntityFrameworkCore.Database.Command[20101]
      Executed DbCommand (6,403ms) [Parameters=[], CommandType='Text', CommandTimeout='30']
      SELECT [t].[ConstructionCode], [t].[StationCode], [t0].[Value], [t0].[Time], [t0].[Status], [t0].[c]
      FROM (
          SELECT [s].[ConstructionCode], [s].[StationCode]
          FROM [StoragePreData] AS [s]
          WHERE [s].[ConstructionCode] IN (N'TDHUYMANG', N'TDNUINGANG', N'TDNUOCTRONG', N'TDSONTAY', N'TDSONTRA1B', N'TDSONTRA1A', N'TDSONGRIENG', N'TDDAKDRINH', N'TDHANANG', N'TDSONGLIEN1', N'TDKATINH1', N'TDKATINH2', N'TDSONTRA1C', N'TDTHUONGSONTAY', N'TDTHACHNHAM', N'TDDAKBA', N'TDDAKRE2', N'TDTRAPHONG1A', N'TDCADU', N'TDTRAKHUC1', N'TDNUOCLONG', N'TLHOCSAM', N'TLDABAN', N'TLDIENTRUONG', N'TLSOHAU', N'TLHOCDOC', N'TLVUCTHANH', N'TLHOQUYT', N'TLHOCXOAI', N'TLCAYQUEN', N'TLHOCCAI', N'TLHOCA', N'TLSUOILOA', N'TLDILANG', N'TLMACHDIEU', N'TLLIETSON', N'TLANTHO', N'TLCAYSANH', N'TLHUANPHONG', N'TLLOLA', N'TLDABAC', N'TLLONGDINH', N'TLTUYENTUNG', N'TLHAMRONG', N'TLCAMDAO', N'TLBINHNAM', N'TLHOCKEN', N'TLTANHOA', N'TLRUONGCHOAY', N'TLHOAHAI', N'TLVANTUONG', N'TLHOVANG', N'TLLIENTRI', N'TLAOGIO', N'TLHOCMOC', N'TLGOLANG', N'TLPHUOCHOA', N'TLHODA', N'TLCHAULONG', N'TLCHAUTHUAN', N'TLANTHANH', N'TLHOCMIT', N'TLBINHYEN', N'TLDOI13', N'TLDOI14', N'TLMYTHANH', N'TLCAUDIEN', N'TLTANAN', N'TLTANTHANH', N'TLHOLO', N'TLANPHONG', N'TLPHUOCTICH', N'TLSONTRA', N'TLNAMBINH', N'TLTRIBINH', N'TLCONGDA', N'TLHOCDONG', N'TLHOSAU', N'TLHOCMUA', N'TLTRUNGTIN', N'TLLOO', N'TLPHUONGHOANG', N'TLHOCCUNG', N'TLHOCHUOI', N'TLBAMAU', N'TLLOTAY', N'TLHOLUNG', N'TLDIEUGA', N'TLGIAHOI', N'TLANHOI', N'TLBADO', N'TLHOCHAI', N'TLSUOIKHOAI', N'TLHOTUYEN', N'TLHOCHUOIBTR', N'TLDACHONG', N'TLHOCKHE', N'TLBABONG', N'TLHOHIEU', N'TLHOTRE', N'TLCAYBUA', N'TLHOMON', N'TLHODEO', N'TLHOVANG', N'TLHOVANG', N'TLSAUAO', N'TLHOCTUNG', N'TLSONRAI', N'TLHOCCO', N'TLHOTAC', N'TLHOTRE_2', N'TLDONGDIEN', N'TLHOCUA', N'TLSUOICHI', N'TLDONGNGO', N'TLDAPLANG_HTT', N'TLDAPLANG', N'TLHOCMIT_MD', N'TLLOTHUNG', N'TLONGTOI', N'TLCAYKHE', N'TLONGTHO', N'TLHOCCAY', N'TLHOCNGHI', N'TLHOVUNG', N'TLTONDUNG', N'TLBIEUQUA', N'TLDONGCAN', N'TLNUOCBAC', N'TLDONGGIANG', N'TLSUOITHIN', N'TLHOVO', N'TLSINHKIEN', N'TLGOKIU', N'TLCAYXANH', N'TLHOLEO', N'TLDONGDIEN', N'TLROSAU', N'TLGOBONG', N'TLTHOILOI', N'TLHOCBUA_1', N'TLHOCBUA_2', N'TLHOSO', N'TLCAYXOAI', N'TLDONGSONG', N'TLNUINGANG', N'TLNUOCTRONG', N'TRAMXLNCCTCPDUONGQN', N'TBNMCBTSSAKY', N'TBNMSXTBMQNCS2', N'TCNKLHSXGANGTHEPHPDQ', N'NMSXTBMQNCS2', N'GKNMNMODUC', N'GKNMNTTCHAUO', N'GKCTYDAILONG', N'GKDNTNPHUNGHUNG', N'GKTSTHANHMAI', N'GKGIAYTHIENLONG', N'GKBVDKHUYENSONTINH', N'GKNMDUONGPHOPHONG', N'GKXNGACHDQCS2', N'GKKDLSAHUYNHQN', N'GKHTCNSHHUYENLYSON', N'GKLEHOAHIEP', N'GKTRAMTCTHUYHAISAN', N'GKNGUYENTHANH', N'GKTTNUOILONTANAN', N'GKKHUNUOITOMDUCMINH', N'NDDNGUYENHOAI', N'GKLEDIEN', N'GKCHODUCPHO', N'NDDTTNUOIHEODUCHOA', N'NDDKSMUONGTHANHLYSON', N'GKNHATAMNGLE', N'GKNMSXMACHNHACN', N'NDDCTYTSBAONGUYEN', N'NDDNMBETONGDQ', N'nddnmbtvietnhat', N'GKHTCNSHXABINHCHANH', N'NDDKSDAONGOCLYSON', N'GKNHADEXECT', N'GKHTCNSHXANGHIAHOA', N'GKHTCNSHXAPHOTHUAN', N'GKNMXLRACSH', N'GKTTHEO&NMXLCHATTHAINN', N'GKCTTNHHTSPHUNGHUNG', N'nddkshungvuong', N'NDDKSTRUNGTAM', N'GKMNXULYRACLYSON', N'NDDNMDMTBINHNGUYEN', N'GKTRAMYTEHUYENSONHA', N'NDDCONGTYCOPHAN28QUANGNGAI', N'GKNMBETONG19_5', N'GKTRAMCNSHXATINHHA', N'GKTRAMCNSHXATINHTHIEN', N'GKTRAMCNSHXAHANHDUC', N'GKNSVSMTNTXANGHIAPHU', N'GKNSVSMTNTXADUCCHANH', N'GKNMCBTSSAKY', N'GKNSVSMTNTXABINHHAI', N'nddttheophuhiep', N'GKNSVSMTNTXATINHHOA', N'GKNSVSMTNTKHEKY', N'GKNSVSMTNTXABINHTRUNG', N'GKNSVSMTNTXADUCLAN', N'GKNSVSMTNTDUCHOADUCTHANH', N'GKNSVSMTNTXATINHGIANG', N'GKNSVSMTNTXAPHOPHONG', N'GKNMBTPHADINTINHPHONG', N'GKKHUSXCBTAVACNBOSUAUDCNCVINAMILK', N'GKCTTNHHMTVNHUAPHUCHADQ', N'NDDHTCNSHTTCHAUO', N'NDDHTCNSHTTMODUC', N'GKHTCHSHTTHUYENLYSON', N'GKNMNQN', N'GKTTYTHUYENNGHIAHANH', N'GKBVTAMTHANTINHQN', N'GKONGNGUYENHOAI', N'GKCTTNHHMTVBAONGUYEN', N'TDHTCNSHXADUCPHU', N'GKCTCPMTDTQN', N'GKKSTRUNGTAM', N'GKCTCPDATHANH', N'GKSIEUTHIQN', N'GKVOVANHANH', N'GKNHKSMYKHE', N'NDDSUOINUOCNONGNGHIATHUAN', N'GKDQLTTXDTMTLYSON', N'GKTCNSHDUCTHANG', N'GKTCNSHBINHTHOI', N'GKTCNSHPHOVINH', N'GKKLHXLTCCTEMEDQ', N'GKBVLAOPHOITINH', N'GKNHHAIAU', N'GKKDTDVVSIPQN', N'NDDCTNNANPHAT', N'TDNDDHTCNSHXABINHMINH', N'NDDTTYTHUYENSONHA', N'NDDCTYCPMAYVINATEXDUCPHO', N'', N'NDDCTYTNHHTSPHUNGHUNG', N'NDDCTYCPBETONGVAXDDQ', N'HTCNSHXANGHIAPHU', N'HTCNSHXADUCCHANH', N'NDDHTCNSHTHONBINHTRI', N'CTYCPTSTHANHHOA', N'CTYTINHMTV195', N'NDDTTCNLANHOI', N'TDONGPHANDU', N'TDONGVOVANSAN', N'TDONGLEHOAHIEP', N'TDONGNGUYENTHANH', N'tdcttnhhvsipqn', N'TDONGNGUYENVANTHAO', N'TDBANGUYENTHITHAY', N'TDCTCPXDT&KCN', N'TDCTDCTHLOCPHATDAT', N'TDKSXCBTA&CNBOSUAVINAMIKL', N'TDKLHXLTCCTEMEDQ', N'TDHTCNSHXATINHBACTINHDONG', N'TDNCMRHTCNSHXADUCTHANG', N'TDHTCNSHTHONTRIBINH', N'TDBQLDADTXDHBS', N'TDHTCNSHXADUCLOI', N'TDHTCNSHXADUCCHANH', N'TDCNSHBINHSON', N'HTCNSHTTXABINHMY', N'NMSXCAUKIENBETONG', N'HNKCTTNHHKSTKXDCTTC', N'HNKCTTNHHKSXLCTD&T', N'HNKTTKTQTMT', N'HNKCTTNHHKGCNDACLEN', N'HNKHKDDVGKSONGBICH', N'TCNNMBETONGPHADINTINHPHONG', N'NDDHTCNSHTXDUCPHO', N'DDTHACHNHAM', N'NMNHTCNSPVKDCSAHUYNH', N'XTCTCPDUONGQUANGNGAI', N'XTCTCPCKXAYLAPANNGAI', N'XTNMCBTSSAKY', N'XTCTTNHHMTVTSTHANHMAI', N'XTCTTNHHMTVNBBQN', N'XTCTTNHHMTVTSNGUYENKHOI', N'XTCTCPVINACONEXDQ', N'XTCTTNHHDTSUMIDAQN', N'XTNMSXHRSG1', N'XTCTCPFIVESTARS', N'XTNMSXMACHNHACN', N'XTTRAMXLNTTTPKCNSGDQ', N'XTNMSXHRSG2', N'XTNMTACHHOALONGKHICN', N'XTNMSXBIO_ETHANOL', N'XTNMCOKHIQN', N'XTTRAMXLNTSO5', N'XTNMXLNTTTKCNVSIPQN', N'XTNMLOCDAUDQ', N'XTCTTNHHMTVQN', N'XTKHUBCSP', N'XTHTXLNTKCNTPGDI', N'XTCHOCHAUO', N'XTKSMUONGTHANHLYSON', N'CXTBENSO1CANGDQ', N'XTTRAMTRUNGCHUYENHAISAN', N'XTCHODUCPHO', N'XTKDTDVVSIPGD1', N'XTCTMAYVINACONEXTUNGHIA', N'XTXNMAYDONGTHANH2', N'XTKSCAMTHANH', N'XTNMTDDAKDRINH', N'XTCHOQUANGNGAI', N'XTNMTDSONTRA1A', N'XTNMTDSONTRA1B', N'XTTHTTTMPLAZA', N'XTSIEUTHICOOPMARTQN', N'XTCHOSAHUYNH', N'XTKSTRUNGTAM', N'XTNMSXTBMYQN_CSSONHAI', N'XTKHUSXTMDVTTT', N'XTTRUONGGDQT', N'XTSIEUTHIGO', N'XTKHUHCDVCANGCA', N'XTKDTTTMDVBACMODUC', N'XTKNDBAIDUA', N'XTKDTDVVSIPQNGD1_1A', N'XTTDSONTRA1C', N'XTCTTNHHDAILONG', N'XTSIEUTHIQN', N'XTCTCP28QUANGNGAI', N'XTNMSXTBMQNCS2', N'XTNMDUONGPHOPHONG', N'XTNMMAYHOATHOQN', N'XTBVDKDANGTHUYTRAM', N'XTBVLAO&BENHPHOI', N'XTCTTNHHBVMATKTCQN', N'XTBVTAMTHANQN', N'XTBVYHOCCOTRUYENQN', N'XTBVDKHUYENMODUC', N'XTTTYTHUYENBATO', N'XTTTYTHUYENTRABONG', N'XTTTYTHUYENSONTAY', N'XTTTYTHUYENTAYTRA', N'XTTTYTEHUYENSONHA', N'XTBVDKTPQN', N'XTBVSANNHI', N'XTBVDKTNPHUCHUNG', N'XTBVDKTINHQN', N'XTTTYTEHUYENBINHSONCS2', N'XTBVDKHUYENSONTINH', N'XTBVNOITIET', N'XTKHUNHAONV', N'XTKHUTDCVINHTHO', N'XTKDCPHIABACDHPHAMVANDONG', N'XTKDCLOMCTDTTAYPHANDINHPHUNG', N'XTKDCTTTINHANTAY', N'XTDAKTDCCNSH', N'XTTTNUOILON&XDVUONUOM', N'XTTRANGTRAIHEODUCHOA', N'XTKSXCBTACNBSVINAMILKQN', N'NBNMLOCDAUDQ', N'NBNMDTUBINKHIHHDQ1', N'NBNMDTUBINKHIHHDQ3')
          GROUP BY [s].[ConstructionCode], [s].[StationCode]
      ) AS [t]
      LEFT JOIN (
          SELECT [t1].[Value], [t1].[Time], [t1].[Status], [t1].[c], [t1].[ConstructionCode], [t1].[StationCode]
          FROM (
              SELECT [s0].[Value], [s0].[Time], [s0].[Status], 1 AS [c], [s0].[ConstructionCode], [s0].[StationCode], ROW_NUMBER() OVER(PARTITION BY [s0].[ConstructionCode], [s0].[StationCode] ORDER BY [s0].[Time] DESC) AS [row]
              FROM [StoragePreData] AS [s0]
              WHERE [s0].[ConstructionCode] IN (N'TDHUYMANG', N'TDNUINGANG', N'TDNUOCTRONG', N'TDSONTAY', N'TDSONTRA1B', N'TDSONTRA1A', N'TDSONGRIENG', N'TDDAKDRINH', N'TDHANANG', N'TDSONGLIEN1', N'TDKATINH1', N'TDKATINH2', N'TDSONTRA1C', N'TDTHUONGSONTAY', N'TDTHACHNHAM', N'TDDAKBA', N'TDDAKRE2', N'TDTRAPHONG1A', N'TDCADU', N'TDTRAKHUC1', N'TDNUOCLONG', N'TLHOCSAM', N'TLDABAN', N'TLDIENTRUONG', N'TLSOHAU', N'TLHOCDOC', N'TLVUCTHANH', N'TLHOQUYT', N'TLHOCXOAI', N'TLCAYQUEN', N'TLHOCCAI', N'TLHOCA', N'TLSUOILOA', N'TLDILANG', N'TLMACHDIEU', N'TLLIETSON', N'TLANTHO', N'TLCAYSANH', N'TLHUANPHONG', N'TLLOLA', N'TLDABAC', N'TLLONGDINH', N'TLTUYENTUNG', N'TLHAMRONG', N'TLCAMDAO', N'TLBINHNAM', N'TLHOCKEN', N'TLTANHOA', N'TLRUONGCHOAY', N'TLHOAHAI', N'TLVANTUONG', N'TLHOVANG', N'TLLIENTRI', N'TLAOGIO', N'TLHOCMOC', N'TLGOLANG', N'TLPHUOCHOA', N'TLHODA', N'TLCHAULONG', N'TLCHAUTHUAN', N'TLANTHANH', N'TLHOCMIT', N'TLBINHYEN', N'TLDOI13', N'TLDOI14', N'TLMYTHANH', N'TLCAUDIEN', N'TLTANAN', N'TLTANTHANH', N'TLHOLO', N'TLANPHONG', N'TLPHUOCTICH', N'TLSONTRA', N'TLNAMBINH', N'TLTRIBINH', N'TLCONGDA', N'TLHOCDONG', N'TLHOSAU', N'TLHOCMUA', N'TLTRUNGTIN', N'TLLOO', N'TLPHUONGHOANG', N'TLHOCCUNG', N'TLHOCHUOI', N'TLBAMAU', N'TLLOTAY', N'TLHOLUNG', N'TLDIEUGA', N'TLGIAHOI', N'TLANHOI', N'TLBADO', N'TLHOCHAI', N'TLSUOIKHOAI', N'TLHOTUYEN', N'TLHOCHUOIBTR', N'TLDACHONG', N'TLHOCKHE', N'TLBABONG', N'TLHOHIEU', N'TLHOTRE', N'TLCAYBUA', N'TLHOMON', N'TLHODEO', N'TLHOVANG', N'TLHOVANG', N'TLSAUAO', N'TLHOCTUNG', N'TLSONRAI', N'TLHOCCO', N'TLHOTAC', N'TLHOTRE_2', N'TLDONGDIEN', N'TLHOCUA', N'TLSUOICHI', N'TLDONGNGO', N'TLDAPLANG_HTT', N'TLDAPLANG', N'TLHOCMIT_MD', N'TLLOTHUNG', N'TLONGTOI', N'TLCAYKHE', N'TLONGTHO', N'TLHOCCAY', N'TLHOCNGHI', N'TLHOVUNG', N'TLTONDUNG', N'TLBIEUQUA', N'TLDONGCAN', N'TLNUOCBAC', N'TLDONGGIANG', N'TLSUOITHIN', N'TLHOVO', N'TLSINHKIEN', N'TLGOKIU', N'TLCAYXANH', N'TLHOLEO', N'TLDONGDIEN', N'TLROSAU', N'TLGOBONG', N'TLTHOILOI', N'TLHOCBUA_1', N'TLHOCBUA_2', N'TLHOSO', N'TLCAYXOAI', N'TLDONGSONG', N'TLNUINGANG', N'TLNUOCTRONG', N'TRAMXLNCCTCPDUONGQN', N'TBNMCBTSSAKY', N'TBNMSXTBMQNCS2', N'TCNKLHSXGANGTHEPHPDQ', N'NMSXTBMQNCS2', N'GKNMNMODUC', N'GKNMNTTCHAUO', N'GKCTYDAILONG', N'GKDNTNPHUNGHUNG', N'GKTSTHANHMAI', N'GKGIAYTHIENLONG', N'GKBVDKHUYENSONTINH', N'GKNMDUONGPHOPHONG', N'GKXNGACHDQCS2', N'GKKDLSAHUYNHQN', N'GKHTCNSHHUYENLYSON', N'GKLEHOAHIEP', N'GKTRAMTCTHUYHAISAN', N'GKNGUYENTHANH', N'GKTTNUOILONTANAN', N'GKKHUNUOITOMDUCMINH', N'NDDNGUYENHOAI', N'GKLEDIEN', N'GKCHODUCPHO', N'NDDTTNUOIHEODUCHOA', N'NDDKSMUONGTHANHLYSON', N'GKNHATAMNGLE', N'GKNMSXMACHNHACN', N'NDDCTYTSBAONGUYEN', N'NDDNMBETONGDQ', N'nddnmbtvietnhat', N'GKHTCNSHXABINHCHANH', N'NDDKSDAONGOCLYSON', N'GKNHADEXECT', N'GKHTCNSHXANGHIAHOA', N'GKHTCNSHXAPHOTHUAN', N'GKNMXLRACSH', N'GKTTHEO&NMXLCHATTHAINN', N'GKCTTNHHTSPHUNGHUNG', N'nddkshungvuong', N'NDDKSTRUNGTAM', N'GKMNXULYRACLYSON', N'NDDNMDMTBINHNGUYEN', N'GKTRAMYTEHUYENSONHA', N'NDDCONGTYCOPHAN28QUANGNGAI', N'GKNMBETONG19_5', N'GKTRAMCNSHXATINHHA', N'GKTRAMCNSHXATINHTHIEN', N'GKTRAMCNSHXAHANHDUC', N'GKNSVSMTNTXANGHIAPHU', N'GKNSVSMTNTXADUCCHANH', N'GKNMCBTSSAKY', N'GKNSVSMTNTXABINHHAI', N'nddttheophuhiep', N'GKNSVSMTNTXATINHHOA', N'GKNSVSMTNTKHEKY', N'GKNSVSMTNTXABINHTRUNG', N'GKNSVSMTNTXADUCLAN', N'GKNSVSMTNTDUCHOADUCTHANH', N'GKNSVSMTNTXATINHGIANG', N'GKNSVSMTNTXAPHOPHONG', N'GKNMBTPHADINTINHPHONG', N'GKKHUSXCBTAVACNBOSUAUDCNCVINAMILK', N'GKCTTNHHMTVNHUAPHUCHADQ', N'NDDHTCNSHTTCHAUO', N'NDDHTCNSHTTMODUC', N'GKHTCHSHTTHUYENLYSON', N'GKNMNQN', N'GKTTYTHUYENNGHIAHANH', N'GKBVTAMTHANTINHQN', N'GKONGNGUYENHOAI', N'GKCTTNHHMTVBAONGUYEN', N'TDHTCNSHXADUCPHU', N'GKCTCPMTDTQN', N'GKKSTRUNGTAM', N'GKCTCPDATHANH', N'GKSIEUTHIQN', N'GKVOVANHANH', N'GKNHKSMYKHE', N'NDDSUOINUOCNONGNGHIATHUAN', N'GKDQLTTXDTMTLYSON', N'GKTCNSHDUCTHANG', N'GKTCNSHBINHTHOI', N'GKTCNSHPHOVINH', N'GKKLHXLTCCTEMEDQ', N'GKBVLAOPHOITINH', N'GKNHHAIAU', N'GKKDTDVVSIPQN', N'NDDCTNNANPHAT', N'TDNDDHTCNSHXABINHMINH', N'NDDTTYTHUYENSONHA', N'NDDCTYCPMAYVINATEXDUCPHO', N'', N'NDDCTYTNHHTSPHUNGHUNG', N'NDDCTYCPBETONGVAXDDQ', N'HTCNSHXANGHIAPHU', N'HTCNSHXADUCCHANH', N'NDDHTCNSHTHONBINHTRI', N'CTYCPTSTHANHHOA', N'CTYTINHMTV195', N'NDDTTCNLANHOI', N'TDONGPHANDU', N'TDONGVOVANSAN', N'TDONGLEHOAHIEP', N'TDONGNGUYENTHANH', N'tdcttnhhvsipqn', N'TDONGNGUYENVANTHAO', N'TDBANGUYENTHITHAY', N'TDCTCPXDT&KCN', N'TDCTDCTHLOCPHATDAT', N'TDKSXCBTA&CNBOSUAVINAMIKL', N'TDKLHXLTCCTEMEDQ', N'TDHTCNSHXATINHBACTINHDONG', N'TDNCMRHTCNSHXADUCTHANG', N'TDHTCNSHTHONTRIBINH', N'TDBQLDADTXDHBS', N'TDHTCNSHXADUCLOI', N'TDHTCNSHXADUCCHANH', N'TDCNSHBINHSON', N'HTCNSHTTXABINHMY', N'NMSXCAUKIENBETONG', N'HNKCTTNHHKSTKXDCTTC', N'HNKCTTNHHKSXLCTD&T', N'HNKTTKTQTMT', N'HNKCTTNHHKGCNDACLEN', N'HNKHKDDVGKSONGBICH', N'TCNNMBETONGPHADINTINHPHONG', N'NDDHTCNSHTXDUCPHO', N'DDTHACHNHAM', N'NMNHTCNSPVKDCSAHUYNH', N'XTCTCPDUONGQUANGNGAI', N'XTCTCPCKXAYLAPANNGAI', N'XTNMCBTSSAKY', N'XTCTTNHHMTVTSTHANHMAI', N'XTCTTNHHMTVNBBQN', N'XTCTTNHHMTVTSNGUYENKHOI', N'XTCTCPVINACONEXDQ', N'XTCTTNHHDTSUMIDAQN', N'XTNMSXHRSG1', N'XTCTCPFIVESTARS', N'XTNMSXMACHNHACN', N'XTTRAMXLNTTTPKCNSGDQ', N'XTNMSXHRSG2', N'XTNMTACHHOALONGKHICN', N'XTNMSXBIO_ETHANOL', N'XTNMCOKHIQN', N'XTTRAMXLNTSO5', N'XTNMXLNTTTKCNVSIPQN', N'XTNMLOCDAUDQ', N'XTCTTNHHMTVQN', N'XTKHUBCSP', N'XTHTXLNTKCNTPGDI', N'XTCHOCHAUO', N'XTKSMUONGTHANHLYSON', N'CXTBENSO1CANGDQ', N'XTTRAMTRUNGCHUYENHAISAN', N'XTCHODUCPHO', N'XTKDTDVVSIPGD1', N'XTCTMAYVINACONEXTUNGHIA', N'XTXNMAYDONGTHANH2', N'XTKSCAMTHANH', N'XTNMTDDAKDRINH', N'XTCHOQUANGNGAI', N'XTNMTDSONTRA1A', N'XTNMTDSONTRA1B', N'XTTHTTTMPLAZA', N'XTSIEUTHICOOPMARTQN', N'XTCHOSAHUYNH', N'XTKSTRUNGTAM', N'XTNMSXTBMYQN_CSSONHAI', N'XTKHUSXTMDVTTT', N'XTTRUONGGDQT', N'XTSIEUTHIGO', N'XTKHUHCDVCANGCA', N'XTKDTTTMDVBACMODUC', N'XTKNDBAIDUA', N'XTKDTDVVSIPQNGD1_1A', N'XTTDSONTRA1C', N'XTCTTNHHDAILONG', N'XTSIEUTHIQN', N'XTCTCP28QUANGNGAI', N'XTNMSXTBMQNCS2', N'XTNMDUONGPHOPHONG', N'XTNMMAYHOATHOQN', N'XTBVDKDANGTHUYTRAM', N'XTBVLAO&BENHPHOI', N'XTCTTNHHBVMATKTCQN', N'XTBVTAMTHANQN', N'XTBVYHOCCOTRUYENQN', N'XTBVDKHUYENMODUC', N'XTTTYTHUYENBATO', N'XTTTYTHUYENTRABONG', N'XTTTYTHUYENSONTAY', N'XTTTYTHUYENTAYTRA', N'XTTTYTEHUYENSONHA', N'XTBVDKTPQN', N'XTBVSANNHI', N'XTBVDKTNPHUCHUNG', N'XTBVDKTINHQN', N'XTTTYTEHUYENBINHSONCS2', N'XTBVDKHUYENSONTINH', N'XTBVNOITIET', N'XTKHUNHAONV', N'XTKHUTDCVINHTHO', N'XTKDCPHIABACDHPHAMVANDONG', N'XTKDCLOMCTDTTAYPHANDINHPHUNG', N'XTKDCTTTINHANTAY', N'XTDAKTDCCNSH', N'XTTTNUOILON&XDVUONUOM', N'XTTRANGTRAIHEODUCHOA', N'XTKSXCBTACNBSVINAMILKQN', N'NBNMLOCDAUDQ', N'NBNMDTUBINKHIHHDQ1', N'NBNMDTUBINKHIHHDQ3')
          ) AS [t1]
          WHERE [t1].[row] <= 1
      ) AS [t0] ON ([t].[ConstructionCode] = [t0].[ConstructionCode] OR (([t].[ConstructionCode] IS NULL) AND ([t0].[ConstructionCode] IS NULL))) AND ([t].[StationCode] = [t0].[StationCode] OR (([t].[StationCode] IS NULL) AND ([t0].[StationCode] IS NULL)))
info: Microsoft.EntityFrameworkCore.Database.Command[20101]
      Executed DbCommand (34ms) [Parameters=[@__p_0='725e2617-76a2-445a-9001-c729ebd56929' (Size = 450)], CommandType='Text', CommandTimeout='30']
      SELECT TOP(1) [a].[Id], [a].[AccessFailedCount], [a].[ConcurrencyStamp], [a].[CreatedTime], [a].[CreatedUser], [a].[Email], [a].[EmailConfirmed], [a].[FullName], [a].[IdHuyen], [a].[IsDeleted], [a].[LockoutEnabled], [a].[LockoutEnd], [a].[ModifiedTime], [a].[ModifiedUser], [a].[NormalizedEmail], [a].[NormalizedUserName], [a].[PasswordHash], [a].[PasswordSalt], [a].[PhoneNumber], [a].[PhoneNumberConfirmed], [a].[SecurityStamp], [a].[TwoFactorEnabled], [a].[UserName]
      FROM [AspNetUsers] AS [a]
      WHERE [a].[Id] = @__p_0
info: Microsoft.EntityFrameworkCore.Database.Command[20101]
      Executed DbCommand (38ms) [Parameters=[@__filterDto_loai_ct_0='1' (Nullable = true)], CommandType='Text', CommandTimeout='30']
      SELECT COUNT(*)
      FROM [GP_ThongTin] AS [g]
      LEFT JOIN [CT_ThongTin] AS [c] ON [g].[IdCT] = [c].[Id]
      LEFT JOIN [CT_Loai] AS [c0] ON [c].[IdLoaiCT] = [c0].[Id]
      WHERE [g].[DaXoa] = CAST(0 AS bit) AND [c0].[IdCha] = @__filterDto_loai_ct_0
info: Microsoft.EntityFrameworkCore.Database.Command[20101]
      Executed DbCommand (48ms) [Parameters=[], CommandType='Text', CommandTimeout='30']
      SELECT [t].[Id], [t].[DaXoa], [t].[DiaChi], [t].[Email], [t].[Fax], [t].[GiamDoc], [t].[MaSoThue], [t].[NguoiDaiDienPhapLuat], [t].[NguoiDuocUyQuyen], [t].[SDT], [t].[TaiKhoan], [t].[TaiKhoanSua], [t].[TaiKhoanTao], [t].[TenTCCN], [t].[ThoiGianSua], [t].[ThoiGianTao]
      FROM [ToChuc_CaNhan] AS [t]
      WHERE [t].[DaXoa] = CAST(0 AS bit)
      ORDER BY [t].[TenTCCN]
info: Microsoft.EntityFrameworkCore.Database.Command[20101]
      Executed DbCommand (33ms) [Parameters=[@__normalizedRoleName_0='CONSTRUCTION' (Size = 256)], CommandType='Text', CommandTimeout='30']
      SELECT TOP(2) [a].[Id], [a].[ConcurrencyStamp], [a].[CreatedTime], [a].[CreatedUser], [a].[Description], [a].[IsDefault], [a].[IsDeleted], [a].[ModifiedTime], [a].[ModifiedUser], [a].[Name], [a].[NormalizedName]
      FROM [AspNetRoles] AS [a]
      WHERE [a].[NormalizedName] = @__normalizedRoleName_0
info: Microsoft.EntityFrameworkCore.Database.Command[20101]
      Executed DbCommand (62ms) [Parameters=[@__filterDto_loai_ct_0='1' (Nullable = true), @__today_1='2026-03-16T00:00:00.0000000+07:00'], CommandType='Text', CommandTimeout='30']
      SELECT COUNT(*)
      FROM [GP_ThongTin] AS [g]
      LEFT JOIN [CT_ThongTin] AS [c] ON [g].[IdCT] = [c].[Id]
      LEFT JOIN [CT_Loai] AS [c0] ON [c].[IdLoaiCT] = [c0].[Id]
      WHERE [g].[DaXoa] = CAST(0 AS bit) AND [c0].[IdCha] = @__filterDto_loai_ct_0 AND CASE
          WHEN [g].[NgayHetHieuLuc] IS NOT NULL THEN CASE
              WHEN [g].[NgayHetHieuLuc] >= @__today_1 AND [g].[DaBiThuHoi] = CAST(0 AS bit) AND ([g].[DaBiThuHoi] IS NOT NULL) THEN CAST(1 AS bit)
              ELSE CAST(0 AS bit)
          END
          ELSE CAST(0 AS bit)
      END = CAST(1 AS bit)
info: Microsoft.EntityFrameworkCore.Database.Command[20101]
      Executed DbCommand (49ms) [Parameters=[@__p_0='725e2617-76a2-445a-9001-c729ebd56929' (Size = 450), @__p_1='7bd48ecd-c328-4ada-8e05-9358b385597f' (Size = 450)], CommandType='Text', CommandTimeout='30']
      SELECT TOP(1) [a].[UserId], [a].[RoleId]
      FROM [AspNetUserRoles] AS [a]
      WHERE [a].[UserId] = @__p_0 AND [a].[RoleId] = @__p_1
info: Microsoft.EntityFrameworkCore.Database.Command[20101]
      Executed DbCommand (44ms) [Parameters=[@__normalizedRoleName_0='BUSINESS' (Size = 256)], CommandType='Text', CommandTimeout='30']
      SELECT TOP(2) [a].[Id], [a].[ConcurrencyStamp], [a].[CreatedTime], [a].[CreatedUser], [a].[Description], [a].[IsDefault], [a].[IsDeleted], [a].[ModifiedTime], [a].[ModifiedUser], [a].[Name], [a].[NormalizedName]
      FROM [AspNetRoles] AS [a]
      WHERE [a].[NormalizedName] = @__normalizedRoleName_0
info: Microsoft.EntityFrameworkCore.Database.Command[20101]
      Executed DbCommand (58ms) [Parameters=[@__filterDto_loai_ct_0='1' (Nullable = true), @__today_1='2026-03-16T00:00:00.0000000+07:00', @__AddDays_2='2027-03-16T00:00:00.0000000+07:00'], CommandType='Text', CommandTimeout='30']
      SELECT COUNT(*)
      FROM [GP_ThongTin] AS [g]
      LEFT JOIN [CT_ThongTin] AS [c] ON [g].[IdCT] = [c].[Id]
      LEFT JOIN [CT_Loai] AS [c0] ON [c].[IdLoaiCT] = [c0].[Id]
      WHERE [g].[DaXoa] = CAST(0 AS bit) AND [c0].[IdCha] = @__filterDto_loai_ct_0 AND CASE
          WHEN [g].[NgayHetHieuLuc] IS NOT NULL THEN CASE
              WHEN [g].[NgayHetHieuLuc] >= @__today_1 AND [g].[NgayHetHieuLuc] < @__AddDays_2 AND [g].[DaBiThuHoi] = CAST(0 AS bit) AND ([g].[DaBiThuHoi] IS NOT NULL) THEN CAST(1 AS bit)
              ELSE CAST(0 AS bit)
          END
          ELSE CAST(0 AS bit)
      END = CAST(1 AS bit)
info: Microsoft.EntityFrameworkCore.Database.Command[20101]
      Executed DbCommand (1,183ms) [Parameters=[@__p_0='0', @__p_1='1000'], CommandType='Text', CommandTimeout='120']
      SELECT [t].[Id], [t].[CapCT], [t].[ChuThich], [t].[DaXoa], [t].[IdLoaiCT], [t].[IdLuuVuc], [t].[IdSong], [t].[IdTangChuaNuoc], [t].[IdTieuLuuVuc], [t].[KhoiLuongCacHangMucTD], [t].[MaCT], [t].[MucDichHNK], [t].[MucDichKT], [t].[MucDichhTD], [t].[NamBatDauVanHanh], [t].[NguonNuocKT], [t].[PhuongThucKT], [t].[QKTThietKe], [t].[QKTThucTe], [t].[QuyMoHNK], [t].[SoDiemXaThai], [t].[SoLuongGieng], [t].[SoLuongGiengKT], [t].[SoLuongGiengQT], [t].[TaiKhoan], [t].[TaiKhoanSua], [t].[TaiKhoanTao], [t].[TenCT], [t].[ThoiGianHNK], [t].[ThoiGianKT], [t].[ThoiGianSua], [t].[ThoiGianTao], [t].[ThoiGianXD], [t].[ViTriCT], [t].[ViTriXT], [t].[X], [t].[Y], [c0].[Id], [c0].[ChuThich], [c0].[DaXoa], [c0].[IdCha], [c0].[MaLoaiCT], [c0].[TaiKhoanSua], [c0].[TaiKhoanTao], [c0].[TenLoaiCT], [c0].[ThoiGianSua], [c0].[ThoiGianTao], [t0].[Id], [t0].[DaXoa], [t0].[KyHieuTCN], [t0].[SoLuongGiengQT], [t0].[TaiKhoanSua], [t0].[TaiKhoanTao], [t0].[TenTCN], [t0].[ThoiGianSua], [t0].[ThoiGianTao], [c1].[Id], [l].[Id], [t1].[Id], [t1].[ChuThich], [t1].[DaXoa], [t1].[IdCT], [t1].[IdTangChuaNuoc], [t1].[TaiKhoanSua], [t1].[TaiKhoanTao], [t1].[TenHangMuc], [t1].[ThoiGianSua], [t1].[ThoiGianTao], [t1].[V?TriHangMuc], [t1].[X], [t1].[Y], [t1].[Id0], [t1].[CaoTrinhCong], [t1].[CaoTrinhDap], [t1].[CheDoKT], [t1].[CheDoXT], [t1].[ChieuCaoDap], [t1].[ChieuDaiCong], [t1].[ChieuDaiDap], [t1].[ChieuRongDap], [t1].[ChieuSauDoanThuNuocDen], [t1].[ChieuSauDoanThuNuocTu], [t1].[CongSuatBom], [t1].[CongSuatDamBao], [t1].[CongSuatLM], [t1].[DienTichLuuVuc], [t1].[DienTichTuoiThietKe], [t1].[DienTichTuoiThucTe], [t1].[DungTichChet], [t1].[DungTichHuuIch], [t1].[DungTichToanBo], [t1].[DuongKinhCong], [t1].[HBeHut], [t1].[HDatOngLocDen], [t1].[HDatOngLocTu], [t1].[HDoanThuNuocDen], [t1].[HDoanThuNuocTu], [t1].[HDong], [t1].[HGiengKT], [t1].[HHaLuu], [t1].[HHaThap], [t1].[HThuongLuu], [t1].[HTinh], [t1].[Hgieng], [t1].[Hlu], [t1].[Hmax], [t1].[Hmin], [t1].[HtoiThieu], [t1].[IdCT0], [t1].[IdHangMucCT], [t1].[KichThuocCong], [t1].[KqKf], [t1].[LuongNuocKT], [t1].[MNC], [t1].[MNDBT], [t1].[MNLKT], [t1].[MNLTK], [t1].[MuaTrungBinhNam], [t1].[MucNuocDong], [t1].[MucNuocTinh], [t1].[NguonNuocXT], [t1].[NguongTran], [t1].[PhuongThucXT], [t1].[QBomLonNhat], [t1].[QBomThietKe], [t1].[QDamBao], [t1].[QKTCapNuocSinhHoat], [t1].[QKTLonNhat], [t1].[QKhaiThac], [t1].[QLonNhatTruocLu], [t1].[QMaxKT], [t1].[QMaxXaThai], [t1].[QThietKe], [t1].[QThucTe], [t1].[QTrungBinhNam], [t1].[QXaThai], [t1].[QXaThaiLonNhat], [t1].[QXaThaiTB], [t1].[QXaTran], [t1].[QmaxNM], [t1].[Qtt], [t1].[SoLuongMayBom], [t1].[ThoiGianBomLonNhat], [t1].[ThoiGianBomNhoNhat], [t1].[ThoiGianBomTB], [c1].[CaoTrinhCong], [c1].[CaoTrinhDap], [c1].[CheDoKT], [c1].[CheDoXT], [c1].[ChieuCaoDap], [c1].[ChieuDaiCong], [c1].[ChieuDaiDap], [c1].[ChieuRongDap], [c1].[ChieuSauDoanThuNuocDen], [c1].[ChieuSauDoanThuNuocTu], [c1].[CongSuatBom], [c1].[CongSuatDamBao], [c1].[CongSuatLM], [c1].[DienTichLuuVuc], [c1].[DienTichTuoiThietKe], [c1].[DienTichTuoiThucTe], [c1].[DungTichChet], [c1].[DungTichHuuIch], [c1].[DungTichToanBo], [c1].[DuongKinhCong], [c1].[HBeHut], [c1].[HDatOngLocDen], [c1].[HDatOngLocTu], [c1].[HDoanThuNuocDen], [c1].[HDoanThuNuocTu], [c1].[HDong], [c1].[HGiengKT], [c1].[HHaLuu], [c1].[HHaThap], [c1].[HThuongLuu], [c1].[HTinh], [c1].[Hgieng], [c1].[Hlu], [c1].[Hmax], [c1].[Hmin], [c1].[HtoiThieu], [c1].[IdCT], [c1].[IdHangMucCT], [c1].[KichThuocCong], [c1].[KqKf], [c1].[LuongNuocKT], [c1].[MNC], [c1].[MNDBT], [c1].[MNLKT], [c1].[MNLTK], [c1].[MuaTrungBinhNam], [c1].[MucNuocDong], [c1].[MucNuocTinh], [c1].[NguonNuocXT], [c1].[NguongTran], [c1].[PhuongThucXT], [c1].[QBomLonNhat], [c1].[QBomThietKe], [c1].[QDamBao], [c1].[QKTCapNuocSinhHoat], [c1].[QKTLonNhat], [c1].[QKhaiThac], [c1].[QLonNhatTruocLu], [c1].[QMaxKT], [c1].[QMaxXaThai], [c1].[QThietKe], [c1].[QThucTe], [c1].[QTrungBinhNam], [c1].[QXaThai], [c1].[QXaThaiLonNhat], [c1].[QXaThaiTB], [c1].[QXaTran], [c1].[QmaxNM], [c1].[Qtt], [c1].[SoLuongMayBom], [c1].[ThoiGianBomLonNhat], [c1].[ThoiGianBomNhoNhat], [c1].[ThoiGianBomTB], [l].[BanDo], [l].[ChieuDaiSongChinh], [l].[ChuGiai], [l].[DaXoa], [l].[DienTich], [l].[FileKML], [l].[IdHuyen], [l].[IdXa], [l].[NgayBatDau], [l].[NgayKetThuc], [l].[SoQuyTrinh], [l].[TaiKhoanSua], [l].[TaiKhoanTao], [l].[TenLVS], [l].[ThoiGianSua], [l].[ThoiGianTao], [l].[ViTriQT], [t2].[Id], [t2].[IdCongTrinh], [t2].[IdHuyen], [t2].[IdXa], [t2].[IdXa0], [t2].[CapHanhChinh], [t2].[DaXoa], [t2].[IdHuyen0], [t2].[TaiKhoanSua], [t2].[TaiKhoanTao], [t2].[TenXa], [t2].[ThoiGianSua], [t2].[ThoiGianTao], [t2].[IdHuyen1], [t2].[CapHanhChinh0], [t2].[DaXoa0], [t2].[TaiKhoanSua0], [t2].[TaiKhoanTao0], [t2].[TenHuyen], [t2].[ThoiGianSua0], [t2].[ThoiGianTao0], [t3].[Id], [t3].[CoQuanCapPhep], [t3].[DaBiThuHoi], [t3].[DaXoa], [t3].[FileDonXinCP], [t3].[FileGiayPhep], [t3].[FileGiayToLienQuan], [t3].[IdCT], [t3].[IdCon], [t3].[IdLoaiGP], [t3].[IdTCCN], [t3].[NgayCoHieuLuc], [t3].[NgayHetHieuLuc], [t3].[NgayKy], [t3].[SoGP], [t3].[TaiKhoanSua], [t3].[TaiKhoanTao], [t3].[TenGP], [t3].[ThoiGianSua], [t3].[ThoiGianTao], [t3].[ThoiHan], [t3].[TrangThaiCapPhep], [t3].[Id0], [t3].[DaXoa0], [t3].[DiaChi], [t3].[Email], [t3].[Fax], [t3].[GiamDoc], [t3].[MaSoThue], [t3].[NguoiDaiDienPhapLuat], [t3].[NguoiDuocUyQuyen], [t3].[SDT], [t3].[TaiKhoan], [t3].[TaiKhoanSua0], [t3].[TaiKhoanTao0], [t3].[TenTCCN], [t3].[ThoiGianSua0], [t3].[ThoiGianTao0], [t3].[Id1], [t3].[IdGP], [t3].[IdTCQ], [t3].[Id00], [t3].[CoQuanCP], [t3].[DaXoa1], [t3].[FilePDF], [t3].[GhiChu], [t3].[IdCon0], [t3].[NgayKy0], [t3].[SoQDTCQ], [t3].[TaiKhoanSua1], [t3].[TaiKhoanTao1], [t3].[ThoiGianSua1], [t3].[ThoiGianTao1], [t3].[TongTienCQ], [t7].[Id], [t7].[DaXoa], [t7].[DonViDo], [t7].[GhiChu], [t7].[IdCT], [t7].[IdMucDich], [t7].[LuuLuong], [t7].[TaiKhoanSua], [t7].[TaiKhoanTao], [t7].[ThoiGianSua], [t7].[ThoiGianTao], [t7].[Id0], [t7].[DaXoa0], [t7].[MucDich], [t7].[TaiKhoanSua0], [t7].[TaiKhoanTao0], [t7].[ThoiGianSua0], [t7].[ThoiGianTao0]
      FROM (
          SELECT [c].[Id], [c].[CapCT], [c].[ChuThich], [c].[DaXoa], [c].[IdLoaiCT], [c].[IdLuuVuc], [c].[IdSong], [c].[IdTangChuaNuoc], [c].[IdTieuLuuVuc], [c].[KhoiLuongCacHangMucTD], [c].[MaCT], [c].[MucDichHNK], [c].[MucDichKT], [c].[MucDichhTD], [c].[NamBatDauVanHanh], [c].[NguonNuocKT], [c].[PhuongThucKT], [c].[QKTThietKe], [c].[QKTThucTe], [c].[QuyMoHNK], [c].[SoDiemXaThai], [c].[SoLuongGieng], [c].[SoLuongGiengKT], [c].[SoLuongGiengQT], [c].[TaiKhoan], [c].[TaiKhoanSua], [c].[TaiKhoanTao], [c].[TenCT], [c].[ThoiGianHNK], [c].[ThoiGianKT], [c].[ThoiGianSua], [c].[ThoiGianTao], [c].[ThoiGianXD], [c].[ViTriCT], [c].[ViTriXT], [c].[X], [c].[Y]
          FROM [CT_ThongTin] AS [c]
          WHERE [c].[DaXoa] = CAST(0 AS bit)
          ORDER BY [c].[IdLoaiCT]
          OFFSET @__p_0 ROWS FETCH NEXT @__p_1 ROWS ONLY
      ) AS [t]
      LEFT JOIN [CT_Loai] AS [c0] ON [t].[IdLoaiCT] = [c0].[Id]
      LEFT JOIN [TangChuaNuoc] AS [t0] ON [t].[IdTangChuaNuoc] = [t0].[Id]
      LEFT JOIN [CT_ThongSo] AS [c1] ON [t].[Id] = [c1].[IdCT]
      LEFT JOIN [LuuVucSong] AS [l] ON [t].[IdLuuVuc] = [l].[Id]
      LEFT JOIN (
          SELECT [c2].[Id], [c2].[ChuThich], [c2].[DaXoa], [c2].[IdCT], [c2].[IdTangChuaNuoc], [c2].[TaiKhoanSua], [c2].[TaiKhoanTao], [c2].[TenHangMuc], [c2].[ThoiGianSua], [c2].[ThoiGianTao], [c2].[V?TriHangMuc], [c2].[X], [c2].[Y], [c3].[Id] AS [Id0], [c3].[CaoTrinhCong], [c3].[CaoTrinhDap], [c3].[CheDoKT], [c3].[CheDoXT], [c3].[ChieuCaoDap], [c3].[ChieuDaiCong], [c3].[ChieuDaiDap], [c3].[ChieuRongDap], [c3].[ChieuSauDoanThuNuocDen], [c3].[ChieuSauDoanThuNuocTu], [c3].[CongSuatBom], [c3].[CongSuatDamBao], [c3].[CongSuatLM], [c3].[DienTichLuuVuc], [c3].[DienTichTuoiThietKe], [c3].[DienTichTuoiThucTe], [c3].[DungTichChet], [c3].[DungTichHuuIch], [c3].[DungTichToanBo], [c3].[DuongKinhCong], [c3].[HBeHut], [c3].[HDatOngLocDen], [c3].[HDatOngLocTu], [c3].[HDoanThuNuocDen], [c3].[HDoanThuNuocTu], [c3].[HDong], [c3].[HGiengKT], [c3].[HHaLuu], [c3].[HHaThap], [c3].[HThuongLuu], [c3].[HTinh], [c3].[Hgieng], [c3].[Hlu], [c3].[Hmax], [c3].[Hmin], [c3].[HtoiThieu], [c3].[IdCT] AS [IdCT0], [c3].[IdHangMucCT], [c3].[KichThuocCong], [c3].[KqKf], [c3].[LuongNuocKT], [c3].[MNC], [c3].[MNDBT], [c3].[MNLKT], [c3].[MNLTK], [c3].[MuaTrungBinhNam], [c3].[MucNuocDong], [c3].[MucNuocTinh], [c3].[NguonNuocXT], [c3].[NguongTran], [c3].[PhuongThucXT], [c3].[QBomLonNhat], [c3].[QBomThietKe], [c3].[QDamBao], [c3].[QKTCapNuocSinhHoat], [c3].[QKTLonNhat], [c3].[QKhaiThac], [c3].[QLonNhatTruocLu], [c3].[QMaxKT], [c3].[QMaxXaThai], [c3].[QThietKe], [c3].[QThucTe], [c3].[QTrungBinhNam], [c3].[QXaThai], [c3].[QXaThaiLonNhat], [c3].[QXaThaiTB], [c3].[QXaTran], [c3].[QmaxNM], [c3].[Qtt], [c3].[SoLuongMayBom], [c3].[ThoiGianBomLonNhat], [c3].[ThoiGianBomNhoNhat], [c3].[ThoiGianBomTB]
          FROM [CT_HangMuc] AS [c2]
          LEFT JOIN [CT_ThongSo] AS [c3] ON [c2].[Id] = [c3].[IdHangMucCT]
      ) AS [t1] ON [t].[Id] = [t1].[IdCT]
      LEFT JOIN (
          SELECT [c4].[Id], [c4].[IdCongTrinh], [c4].[IdHuyen], [c4].[IdXa], [x].[IdXa] AS [IdXa0], [x].[CapHanhChinh], [x].[DaXoa], [x].[IdHuyen] AS [IdHuyen0], [x].[TaiKhoanSua], [x].[TaiKhoanTao], [x].[TenXa], [x].[ThoiGianSua], [x].[ThoiGianTao], [h].[IdHuyen] AS [IdHuyen1], [h].[CapHanhChinh] AS [CapHanhChinh0], [h].[DaXoa] AS [DaXoa0], [h].[TaiKhoanSua] AS [TaiKhoanSua0], [h].[TaiKhoanTao] AS [TaiKhoanTao0], [h].[TenHuyen], [h].[ThoiGianSua] AS [ThoiGianSua0], [h].[ThoiGianTao] AS [ThoiGianTao0]
          FROM [CT_ViTri] AS [c4]
          LEFT JOIN [Xa] AS [x] ON [c4].[IdXa] = [x].[IdXa]
          LEFT JOIN [Huyen] AS [h] ON [c4].[IdHuyen] = [h].[IdHuyen]
      ) AS [t2] ON [t].[Id] = [t2].[IdCongTrinh]
      LEFT JOIN (
          SELECT [g].[Id], [g].[CoQuanCapPhep], [g].[DaBiThuHoi], [g].[DaXoa], [g].[FileDonXinCP], [g].[FileGiayPhep], [g].[FileGiayToLienQuan], [g].[IdCT], [g].[IdCon], [g].[IdLoaiGP], [g].[IdTCCN], [g].[NgayCoHieuLuc], [g].[NgayHetHieuLuc], [g].[NgayKy], [g].[SoGP], [g].[TaiKhoanSua], [g].[TaiKhoanTao], [g].[TenGP], [g].[ThoiGianSua], [g].[ThoiGianTao], [g].[ThoiHan], [g].[TrangThaiCapPhep], [t4].[Id] AS [Id0], [t4].[DaXoa] AS [DaXoa0], [t4].[DiaChi], [t4].[Email], [t4].[Fax], [t4].[GiamDoc], [t4].[MaSoThue], [t4].[NguoiDaiDienPhapLuat], [t4].[NguoiDuocUyQuyen], [t4].[SDT], [t4].[TaiKhoan], [t4].[TaiKhoanSua] AS [TaiKhoanSua0], [t4].[TaiKhoanTao] AS [TaiKhoanTao0], [t4].[TenTCCN], [t4].[ThoiGianSua] AS [ThoiGianSua0], [t4].[ThoiGianTao] AS [ThoiGianTao0], [t5].[Id] AS [Id1], [t5].[IdGP], [t5].[IdTCQ], [t5].[Id0] AS [Id00], [t5].[CoQuanCP], [t5].[DaXoa] AS [DaXoa1], [t5].[FilePDF], [t5].[GhiChu], [t5].[IdCon] AS [IdCon0], [t5].[NgayKy] AS [NgayKy0], [t5].[SoQDTCQ], [t5].[TaiKhoanSua] AS [TaiKhoanSua1], [t5].[TaiKhoanTao] AS [TaiKhoanTao1], [t5].[ThoiGianSua] AS [ThoiGianSua1], [t5].[ThoiGianTao] AS [ThoiGianTao1], [t5].[TongTienCQ]
          FROM [GP_ThongTin] AS [g]
          LEFT JOIN [ToChuc_CaNhan] AS [t4] ON [g].[IdTCCN] = [t4].[Id]
          LEFT JOIN (
              SELECT [g0].[Id], [g0].[IdGP], [g0].[IdTCQ], [t6].[Id] AS [Id0], [t6].[CoQuanCP], [t6].[DaXoa], [t6].[FilePDF], [t6].[GhiChu], [t6].[IdCon], [t6].[NgayKy], [t6].[SoQDTCQ], [t6].[TaiKhoanSua], [t6].[TaiKhoanTao], [t6].[ThoiGianSua], [t6].[ThoiGianTao], [t6].[TongTienCQ]
              FROM [GP_TCQ] AS [g0]
              INNER JOIN [TCQ_ThongTin] AS [t6] ON [g0].[IdTCQ] = [t6].[Id]
          ) AS [t5] ON [g].[Id] = [t5].[IdGP]
      ) AS [t3] ON [t].[Id] = [t3].[IdCT]
      LEFT JOIN (
          SELECT [l0].[Id], [l0].[DaXoa], [l0].[DonViDo], [l0].[GhiChu], [l0].[IdCT], [l0].[IdMucDich], [l0].[LuuLuong], [l0].[TaiKhoanSua], [l0].[TaiKhoanTao], [l0].[ThoiGianSua], [l0].[ThoiGianTao], [m].[Id] AS [Id0], [m].[DaXoa] AS [DaXoa0], [m].[MucDich], [m].[TaiKhoanSua] AS [TaiKhoanSua0], [m].[TaiKhoanTao] AS [TaiKhoanTao0], [m].[ThoiGianSua] AS [ThoiGianSua0], [m].[ThoiGianTao] AS [ThoiGianTao0]
          FROM [LuuLuongTheoMucDich] AS [l0]
          LEFT JOIN [MucDichKT] AS [m] ON [l0].[IdMucDich] = [m].[Id]
      ) AS [t7] ON [t].[Id] = [t7].[IdCT]
      ORDER BY [t].[IdLoaiCT], [t].[Id], [c0].[Id], [t0].[Id], [c1].[Id], [l].[Id], [t1].[Id], [t1].[Id0], [t2].[Id], [t2].[IdXa0], [t2].[IdHuyen1], [t3].[NgayKy] DESC, [t3].[Id], [t3].[Id0], [t3].[Id1], [t3].[Id00], [t7].[Id]
info: Microsoft.EntityFrameworkCore.Database.Command[20101]
      Executed DbCommand (44ms) [Parameters=[@__p_0='725e2617-76a2-445a-9001-c729ebd56929' (Size = 450), @__p_1='11fdb212-da4d-40a1-90da-07f8bb9c3765' (Size = 450)], CommandType='Text', CommandTimeout='30']
      SELECT TOP(1) [a].[UserId], [a].[RoleId]
      FROM [AspNetUserRoles] AS [a]
      WHERE [a].[UserId] = @__p_0 AND [a].[RoleId] = @__p_1
info: Microsoft.EntityFrameworkCore.Database.Command[20101]
      Executed DbCommand (36ms) [Parameters=[], CommandType='Text', CommandTimeout='30']
      SELECT [t].[Id], [t].[DaXoa], [t].[DiaChi], [t].[Email], [t].[Fax], [t].[GiamDoc], [t].[MaSoThue], [t].[NguoiDaiDienPhapLuat], [t].[NguoiDuocUyQuyen], [t].[SDT], [t].[TaiKhoan], [t].[TaiKhoanSua], [t].[TaiKhoanTao], [t].[TenTCCN], [t].[ThoiGianSua], [t].[ThoiGianTao]
      FROM [ToChuc_CaNhan] AS [t]
      WHERE [t].[DaXoa] = CAST(0 AS bit)
      ORDER BY [t].[TenTCCN]
info: Microsoft.EntityFrameworkCore.Database.Command[20101]
      Executed DbCommand (41ms) [Parameters=[@__filterDto_loai_ct_0='1' (Nullable = true), @__today_1='2026-03-16T00:00:00.0000000+07:00'], CommandType='Text', CommandTimeout='30']
      SELECT COUNT(*)
      FROM [GP_ThongTin] AS [g]
      LEFT JOIN [CT_ThongTin] AS [c] ON [g].[IdCT] = [c].[Id]
      LEFT JOIN [CT_Loai] AS [c0] ON [c].[IdLoaiCT] = [c0].[Id]
      WHERE [g].[DaXoa] = CAST(0 AS bit) AND [c0].[IdCha] = @__filterDto_loai_ct_0 AND CASE
          WHEN [g].[NgayHetHieuLuc] IS NOT NULL THEN CASE
              WHEN [g].[NgayHetHieuLuc] < @__today_1 AND [g].[DaBiThuHoi] = CAST(0 AS bit) AND ([g].[DaBiThuHoi] IS NOT NULL) THEN CAST(1 AS bit)
              ELSE CAST(0 AS bit)
          END
          ELSE CAST(0 AS bit)
      END = CAST(1 AS bit)
info: Microsoft.EntityFrameworkCore.Database.Command[20101]
      Executed DbCommand (40ms) [Parameters=[@__filterDto_tu_nam_0='2021' (Nullable = true), @__filterDto_den_nam_1='2026' (Nullable = true), @__8__locals1_filterDto_loai_ct_2='1' (Nullable = true)], CommandType='Text', CommandTimeout='30']
      SELECT COUNT(*)
      FROM [GP_ThongTin] AS [g]
      LEFT JOIN [CT_ThongTin] AS [c] ON [g].[IdCT] = [c].[Id]
      LEFT JOIN [CT_Loai] AS [c0] ON [c].[IdLoaiCT] = [c0].[Id]
      WHERE [g].[DaXoa] = CAST(0 AS bit) AND DATEPART(year, [g].[NgayKy]) >= @__filterDto_tu_nam_0 AND DATEPART(year, [g].[NgayKy]) <= @__filterDto_den_nam_1 AND [c0].[IdCha] = @__8__locals1_filterDto_loai_ct_2
info: Microsoft.EntityFrameworkCore.Database.Command[20101]
      Executed DbCommand (37ms) [Parameters=[@__filterDto_loai_ct_0='1' (Nullable = true)], CommandType='Text', CommandTimeout='30']
      SELECT COUNT(*)
      FROM [GP_ThongTin] AS [g]
      LEFT JOIN [CT_ThongTin] AS [c] ON [g].[IdCT] = [c].[Id]
      LEFT JOIN [CT_Loai] AS [c0] ON [c].[IdLoaiCT] = [c0].[Id]
      WHERE [g].[DaXoa] = CAST(0 AS bit) AND [c0].[IdCha] = @__filterDto_loai_ct_0 AND [g].[DaBiThuHoi] = CAST(1 AS bit)
info: Microsoft.EntityFrameworkCore.Database.Command[20101]
      Executed DbCommand (28ms) [Parameters=[@__filterDto_loai_ct_0='1' (Nullable = true)], CommandType='Text', CommandTimeout='30']
      SELECT COUNT(*)
      FROM [GP_ThongTin] AS [g]
      LEFT JOIN [CT_ThongTin] AS [c] ON [g].[IdCT] = [c].[Id]
      LEFT JOIN [CT_Loai] AS [c0] ON [c].[IdLoaiCT] = [c0].[Id]
      WHERE [g].[DaXoa] = CAST(0 AS bit) AND [c0].[IdCha] = @__filterDto_loai_ct_0
info: Microsoft.EntityFrameworkCore.Database.Command[20101]
      Executed DbCommand (26ms) [Parameters=[@__filterDto_loai_ct_0='1' (Nullable = true), @__today_1='2026-03-16T00:00:00.0000000+07:00'], CommandType='Text', CommandTimeout='30']
      SELECT COUNT(*)
      FROM [GP_ThongTin] AS [g]
      LEFT JOIN [CT_ThongTin] AS [c] ON [g].[IdCT] = [c].[Id]
      LEFT JOIN [CT_Loai] AS [c0] ON [c].[IdLoaiCT] = [c0].[Id]
      WHERE [g].[DaXoa] = CAST(0 AS bit) AND [c0].[IdCha] = @__filterDto_loai_ct_0 AND CASE
          WHEN [g].[NgayHetHieuLuc] IS NOT NULL THEN CASE
              WHEN [g].[NgayHetHieuLuc] >= @__today_1 AND [g].[DaBiThuHoi] = CAST(0 AS bit) AND ([g].[DaBiThuHoi] IS NOT NULL) THEN CAST(1 AS bit)
              ELSE CAST(0 AS bit)
          END
          ELSE CAST(0 AS bit)
      END = CAST(1 AS bit)
info: Microsoft.EntityFrameworkCore.Database.Command[20101]
      Executed DbCommand (6,495ms) [Parameters=[], CommandType='Text', CommandTimeout='30']
      SELECT [t].[ConstructionCode], [t].[StationCode], [t0].[Value], [t0].[Time], [t0].[Status], [t0].[c]
      FROM (
          SELECT [s].[ConstructionCode], [s].[StationCode]
          FROM [StoragePreData] AS [s]
          WHERE [s].[ConstructionCode] IN (N'TDHUYMANG', N'TDNUINGANG', N'TDNUOCTRONG', N'TDSONTAY', N'TDSONTRA1B', N'TDSONTRA1A', N'TDSONGRIENG', N'TDDAKDRINH', N'TDHANANG', N'TDSONGLIEN1')
          GROUP BY [s].[ConstructionCode], [s].[StationCode]
      ) AS [t]
      LEFT JOIN (
          SELECT [t1].[Value], [t1].[Time], [t1].[Status], [t1].[c], [t1].[ConstructionCode], [t1].[StationCode]
          FROM (
              SELECT [s0].[Value], [s0].[Time], [s0].[Status], 1 AS [c], [s0].[ConstructionCode], [s0].[StationCode], ROW_NUMBER() OVER(PARTITION BY [s0].[ConstructionCode], [s0].[StationCode] ORDER BY [s0].[Time] DESC) AS [row]
              FROM [StoragePreData] AS [s0]
              WHERE [s0].[ConstructionCode] IN (N'TDHUYMANG', N'TDNUINGANG', N'TDNUOCTRONG', N'TDSONTAY', N'TDSONTRA1B', N'TDSONTRA1A', N'TDSONGRIENG', N'TDDAKDRINH', N'TDHANANG', N'TDSONGLIEN1')
          ) AS [t1]
          WHERE [t1].[row] <= 1
      ) AS [t0] ON ([t].[ConstructionCode] = [t0].[ConstructionCode] OR (([t].[ConstructionCode] IS NULL) AND ([t0].[ConstructionCode] IS NULL))) AND ([t].[StationCode] = [t0].[StationCode] OR (([t].[StationCode] IS NULL) AND ([t0].[StationCode] IS NULL)))
info: Microsoft.EntityFrameworkCore.Database.Command[20101]
      Executed DbCommand (152ms) [Parameters=[@__filterDto_loai_ct_0='1' (Nullable = true), @__today_1='2026-03-16T00:00:00.0000000+07:00', @__AddDays_2='2027-03-16T00:00:00.0000000+07:00'], CommandType='Text', CommandTimeout='30']
      SELECT COUNT(*)
      FROM [GP_ThongTin] AS [g]
      LEFT JOIN [CT_ThongTin] AS [c] ON [g].[IdCT] = [c].[Id]
      LEFT JOIN [CT_Loai] AS [c0] ON [c].[IdLoaiCT] = [c0].[Id]
      WHERE [g].[DaXoa] = CAST(0 AS bit) AND [c0].[IdCha] = @__filterDto_loai_ct_0 AND CASE
          WHEN [g].[NgayHetHieuLuc] IS NOT NULL THEN CASE
              WHEN [g].[NgayHetHieuLuc] >= @__today_1 AND [g].[NgayHetHieuLuc] < @__AddDays_2 AND [g].[DaBiThuHoi] = CAST(0 AS bit) AND ([g].[DaBiThuHoi] IS NOT NULL) THEN CAST(1 AS bit)
              ELSE CAST(0 AS bit)
          END
          ELSE CAST(0 AS bit)
      END = CAST(1 AS bit)
info: Microsoft.EntityFrameworkCore.Database.Command[20101]
      Executed DbCommand (41ms) [Parameters=[@__filterDto_loai_ct_0='1' (Nullable = true), @__today_1='2026-03-16T00:00:00.0000000+07:00'], CommandType='Text', CommandTimeout='30']
      SELECT COUNT(*)
      FROM [GP_ThongTin] AS [g]
      LEFT JOIN [CT_ThongTin] AS [c] ON [g].[IdCT] = [c].[Id]
      LEFT JOIN [CT_Loai] AS [c0] ON [c].[IdLoaiCT] = [c0].[Id]
      WHERE [g].[DaXoa] = CAST(0 AS bit) AND [c0].[IdCha] = @__filterDto_loai_ct_0 AND CASE
          WHEN [g].[NgayHetHieuLuc] IS NOT NULL THEN CASE
              WHEN [g].[NgayHetHieuLuc] < @__today_1 AND [g].[DaBiThuHoi] = CAST(0 AS bit) AND ([g].[DaBiThuHoi] IS NOT NULL) THEN CAST(1 AS bit)
              ELSE CAST(0 AS bit)
          END
          ELSE CAST(0 AS bit)
      END = CAST(1 AS bit)
info: Microsoft.EntityFrameworkCore.Database.Command[20101]
      Executed DbCommand (145ms) [Parameters=[@__filterDto_tu_nam_0='2021' (Nullable = true), @__filterDto_den_nam_1='2026' (Nullable = true), @__8__locals1_filterDto_loai_ct_2='1' (Nullable = true), @__p_3='0', @__p_4='10'], CommandType='Text', CommandTimeout='30']
      SELECT [t].[Id], [t].[CoQuanCapPhep], [t].[DaBiThuHoi], [t].[DaXoa], [t].[FileDonXinCP], [t].[FileGiayPhep], [t].[FileGiayToLienQuan], [t].[IdCT], [t].[IdCon], [t].[IdLoaiGP], [t].[IdTCCN], [t].[NgayCoHieuLuc], [t].[NgayHetHieuLuc], [t].[NgayKy], [t].[SoGP], [t].[TaiKhoanSua], [t].[TaiKhoanTao], [t].[TenGP], [t].[ThoiGianSua], [t].[ThoiGianTao], [t].[ThoiHan], [t].[TrangThaiCapPhep], [t].[Id0], [t].[CapCT], [t].[ChuThich], [t].[DaXoa0], [t].[IdLoaiCT], [t].[IdLuuVuc], [t].[IdSong], [t].[IdTangChuaNuoc], [t].[IdTieuLuuVuc], [t].[KhoiLuongCacHangMucTD], [t].[MaCT], [t].[MucDichHNK], [t].[MucDichKT], [t].[MucDichhTD], [t].[NamBatDauVanHanh], [t].[NguonNuocKT], [t].[PhuongThucKT], [t].[QKTThietKe], [t].[QKTThucTe], [t].[QuyMoHNK], [t].[SoDiemXaThai], [t].[SoLuongGieng], [t].[SoLuongGiengKT], [t].[SoLuongGiengQT], [t].[TaiKhoan], [t].[TaiKhoanSua0], [t].[TaiKhoanTao0], [t].[TenCT], [t].[ThoiGianHNK], [t].[ThoiGianKT], [t].[ThoiGianSua0], [t].[ThoiGianTao0], [t].[ThoiGianXD], [t].[ViTriCT], [t].[ViTriXT], [t].[X], [t].[Y], [t].[Id1], [t].[ChuThich0], [t].[DaXoa1], [t].[IdCha], [t].[MaLoaiCT], [t].[TaiKhoanSua1], [t].[TaiKhoanTao1], [t].[TenLoaiCT], [t].[ThoiGianSua1], [t].[ThoiGianTao1], [g0].[Id], [t0].[Id], [t1].[Id], [t1].[IdCongTrinh], [t1].[IdHuyen], [t1].[IdXa], [t1].[IdXa0], [t1].[CapHanhChinh], [t1].[DaXoa], [t1].[IdHuyen0], [t1].[TaiKhoanSua], [t1].[TaiKhoanTao], [t1].[TenXa], [t1].[ThoiGianSua], [t1].[ThoiGianTao], [t1].[IdHuyen1], [t1].[CapHanhChinh0], [t1].[DaXoa0], [t1].[TaiKhoanSua0], [t1].[TaiKhoanTao0], [t1].[TenHuyen], [t1].[ThoiGianSua0], [t1].[ThoiGianTao0], [g0].[DaXoa], [g0].[GhiChu], [g0].[MaLoaiGP], [g0].[TaiKhoanSua], [g0].[TaiKhoanTao], [g0].[TenLoaiGP], [g0].[ThoiGianSua], [g0].[ThoiGianTao], [t0].[DaXoa], [t0].[DiaChi], [t0].[Email], [t0].[Fax], [t0].[GiamDoc], [t0].[MaSoThue], [t0].[NguoiDaiDienPhapLuat], [t0].[NguoiDuocUyQuyen], [t0].[SDT], [t0].[TaiKhoan], [t0].[TaiKhoanSua], [t0].[TaiKhoanTao], [t0].[TenTCCN], [t0].[ThoiGianSua], [t0].[ThoiGianTao]
      FROM (
          SELECT [g].[Id], [g].[CoQuanCapPhep], [g].[DaBiThuHoi], [g].[DaXoa], [g].[FileDonXinCP], [g].[FileGiayPhep], [g].[FileGiayToLienQuan], [g].[IdCT], [g].[IdCon], [g].[IdLoaiGP], [g].[IdTCCN], [g].[NgayCoHieuLuc], [g].[NgayHetHieuLuc], [g].[NgayKy], [g].[SoGP], [g].[TaiKhoanSua], [g].[TaiKhoanTao], [g].[TenGP], [g].[ThoiGianSua], [g].[ThoiGianTao], [g].[ThoiHan], [g].[TrangThaiCapPhep], [c].[Id] AS [Id0], [c].[CapCT], [c].[ChuThich], [c].[DaXoa] AS [DaXoa0], [c].[IdLoaiCT], [c].[IdLuuVuc], [c].[IdSong], [c].[IdTangChuaNuoc], [c].[IdTieuLuuVuc], [c].[KhoiLuongCacHangMucTD], [c].[MaCT], [c].[MucDichHNK], [c].[MucDichKT], [c].[MucDichhTD], [c].[NamBatDauVanHanh], [c].[NguonNuocKT], [c].[PhuongThucKT], [c].[QKTThietKe], [c].[QKTThucTe], [c].[QuyMoHNK], [c].[SoDiemXaThai], [c].[SoLuongGieng], [c].[SoLuongGiengKT], [c].[SoLuongGiengQT], [c].[TaiKhoan], [c].[TaiKhoanSua] AS [TaiKhoanSua0], [c].[TaiKhoanTao] AS [TaiKhoanTao0], [c].[TenCT], [c].[ThoiGianHNK], [c].[ThoiGianKT], [c].[ThoiGianSua] AS [ThoiGianSua0], [c].[ThoiGianTao] AS [ThoiGianTao0], [c].[ThoiGianXD], [c].[ViTriCT], [c].[ViTriXT], [c].[X], [c].[Y], [c0].[Id] AS [Id1], [c0].[ChuThich] AS [ChuThich0], [c0].[DaXoa] AS [DaXoa1], [c0].[IdCha], [c0].[MaLoaiCT], [c0].[TaiKhoanSua] AS [TaiKhoanSua1], [c0].[TaiKhoanTao] AS [TaiKhoanTao1], [c0].[TenLoaiCT], [c0].[ThoiGianSua] AS [ThoiGianSua1], [c0].[ThoiGianTao] AS [ThoiGianTao1]
          FROM [GP_ThongTin] AS [g]
          LEFT JOIN [CT_ThongTin] AS [c] ON [g].[IdCT] = [c].[Id]
          LEFT JOIN [CT_Loai] AS [c0] ON [c].[IdLoaiCT] = [c0].[Id]
          WHERE [g].[DaXoa] = CAST(0 AS bit) AND DATEPART(year, [g].[NgayKy]) >= @__filterDto_tu_nam_0 AND DATEPART(year, [g].[NgayKy]) <= @__filterDto_den_nam_1 AND [c0].[IdCha] = @__8__locals1_filterDto_loai_ct_2
          ORDER BY [g].[NgayKy] DESC
          OFFSET @__p_3 ROWS FETCH NEXT @__p_4 ROWS ONLY
      ) AS [t]
      LEFT JOIN [GP_Loai] AS [g0] ON [t].[IdLoaiGP] = [g0].[Id]
      LEFT JOIN [ToChuc_CaNhan] AS [t0] ON [t].[IdTCCN] = [t0].[Id]
      LEFT JOIN (
          SELECT [c1].[Id], [c1].[IdCongTrinh], [c1].[IdHuyen], [c1].[IdXa], [x].[IdXa] AS [IdXa0], [x].[CapHanhChinh], [x].[DaXoa], [x].[IdHuyen] AS [IdHuyen0], [x].[TaiKhoanSua], [x].[TaiKhoanTao], [x].[TenXa], [x].[ThoiGianSua], [x].[ThoiGianTao], [h].[IdHuyen] AS [IdHuyen1], [h].[CapHanhChinh] AS [CapHanhChinh0], [h].[DaXoa] AS [DaXoa0], [h].[TaiKhoanSua] AS [TaiKhoanSua0], [h].[TaiKhoanTao] AS [TaiKhoanTao0], [h].[TenHuyen], [h].[ThoiGianSua] AS [ThoiGianSua0], [h].[ThoiGianTao] AS [ThoiGianTao0]
          FROM [CT_ViTri] AS [c1]
          LEFT JOIN [Xa] AS [x] ON [c1].[IdXa] = [x].[IdXa]
          LEFT JOIN [Huyen] AS [h] ON [x].[IdHuyen] = [h].[IdHuyen]
      ) AS [t1] ON [t].[Id0] = [t1].[IdCongTrinh]
      ORDER BY [t].[NgayKy] DESC, [t].[Id], [t].[Id0], [t].[Id1], [g0].[Id], [t0].[Id], [t1].[Id], [t1].[IdXa0]
info: Microsoft.EntityFrameworkCore.Database.Command[20101]
      Executed DbCommand (26ms) [Parameters=[@__filterDto_loai_ct_0='1' (Nullable = true)], CommandType='Text', CommandTimeout='30']
      SELECT COUNT(*)
      FROM [GP_ThongTin] AS [g]
      LEFT JOIN [CT_ThongTin] AS [c] ON [g].[IdCT] = [c].[Id]
      LEFT JOIN [CT_Loai] AS [c0] ON [c].[IdLoaiCT] = [c0].[Id]
      WHERE [g].[DaXoa] = CAST(0 AS bit) AND [c0].[IdCha] = @__filterDto_loai_ct_0 AND [g].[DaBiThuHoi] = CAST(1 AS bit)
info: Microsoft.EntityFrameworkCore.Database.Command[20101]
      Executed DbCommand (15ms) [Parameters=[], CommandType='Text', CommandTimeout='30']
      SELECT [t].[Id], [t].[DaXoa], [t].[DonVi], [t].[Dot], [t].[GhiChu], [t].[IdCT], [t].[IdGP], [t].[IdTCCN], [t].[SoVanBan], [t].[TaiKhoanSua], [t].[TaiKhoanTao], [t].[TaiLieu], [t].[ThoiGan], [t].[ThoiGianSua], [t].[ThoiGianTao], [t].[TienPhat]
      FROM [ThanhTraKiemTra] AS [t]
      WHERE ([t].[IdGP] IS NOT NULL) AND [t].[IdGP] IN (294, 293, 287, 286, 273, 272, 264, 265, 259, 219)
info: Microsoft.EntityFrameworkCore.Database.Command[20101]
      Executed DbCommand (20ms) [Parameters=[@__filterDto_loai_ct_0='1' (Nullable = true)], CommandType='Text', CommandTimeout='30']
      SELECT COUNT(*)
      FROM [GP_ThongTin] AS [g]
      LEFT JOIN [CT_ThongTin] AS [c] ON [g].[IdCT] = [c].[Id]
      LEFT JOIN [CT_Loai] AS [c0] ON [c].[IdLoaiCT] = [c0].[Id]
      WHERE [g].[DaXoa] = CAST(0 AS bit) AND [c0].[IdCha] = @__filterDto_loai_ct_0
info: Microsoft.EntityFrameworkCore.Database.Command[20101]
      Executed DbCommand (19ms) [Parameters=[@__filterDto_loai_ct_0='1' (Nullable = true), @__today_1='2026-03-16T00:00:00.0000000+07:00'], CommandType='Text', CommandTimeout='30']
      SELECT COUNT(*)
      FROM [GP_ThongTin] AS [g]
      LEFT JOIN [CT_ThongTin] AS [c] ON [g].[IdCT] = [c].[Id]
      LEFT JOIN [CT_Loai] AS [c0] ON [c].[IdLoaiCT] = [c0].[Id]
      WHERE [g].[DaXoa] = CAST(0 AS bit) AND [c0].[IdCha] = @__filterDto_loai_ct_0 AND CASE
          WHEN [g].[NgayHetHieuLuc] IS NOT NULL THEN CASE
              WHEN [g].[NgayHetHieuLuc] >= @__today_1 AND [g].[DaBiThuHoi] = CAST(0 AS bit) AND ([g].[DaBiThuHoi] IS NOT NULL) THEN CAST(1 AS bit)
              ELSE CAST(0 AS bit)
          END
          ELSE CAST(0 AS bit)
      END = CAST(1 AS bit)
info: Microsoft.EntityFrameworkCore.Database.Command[20101]
      Executed DbCommand (19ms) [Parameters=[], CommandType='Text', CommandTimeout='30']
      SELECT [g].[IdGP], [t].[Id], [t].[CoQuanCP], [t].[DaXoa], [t].[FilePDF], [t].[GhiChu], [t].[IdCon], [t].[NgayKy], [t].[SoQDTCQ], [t].[TaiKhoanSua], [t].[TaiKhoanTao], [t].[ThoiGianSua], [t].[ThoiGianTao], [t].[TongTienCQ]
      FROM [GP_TCQ] AS [g]
      INNER JOIN [TCQ_ThongTin] AS [t] ON [g].[IdTCQ] = [t].[Id]
      WHERE [g].[IdGP] IN (294, 293, 287, 286, 273, 272, 264, 265, 259, 219)
info: Microsoft.EntityFrameworkCore.Database.Command[20101]
      Executed DbCommand (19ms) [Parameters=[@__filterDto_loai_ct_0='1' (Nullable = true), @__today_1='2026-03-16T00:00:00.0000000+07:00', @__AddDays_2='2027-03-16T00:00:00.0000000+07:00'], CommandType='Text', CommandTimeout='30']
      SELECT COUNT(*)
      FROM [GP_ThongTin] AS [g]
      LEFT JOIN [CT_ThongTin] AS [c] ON [g].[IdCT] = [c].[Id]
      LEFT JOIN [CT_Loai] AS [c0] ON [c].[IdLoaiCT] = [c0].[Id]
      WHERE [g].[DaXoa] = CAST(0 AS bit) AND [c0].[IdCha] = @__filterDto_loai_ct_0 AND CASE
          WHEN [g].[NgayHetHieuLuc] IS NOT NULL THEN CASE
              WHEN [g].[NgayHetHieuLuc] >= @__today_1 AND [g].[NgayHetHieuLuc] < @__AddDays_2 AND [g].[DaBiThuHoi] = CAST(0 AS bit) AND ([g].[DaBiThuHoi] IS NOT NULL) THEN CAST(1 AS bit)
              ELSE CAST(0 AS bit)
          END
          ELSE CAST(0 AS bit)
      END = CAST(1 AS bit)
info: Microsoft.EntityFrameworkCore.Database.Command[20101]
      Executed DbCommand (19ms) [Parameters=[@__filterDto_loai_ct_0='1' (Nullable = true), @__today_1='2026-03-16T00:00:00.0000000+07:00'], CommandType='Text', CommandTimeout='30']
      SELECT COUNT(*)
      FROM [GP_ThongTin] AS [g]
      LEFT JOIN [CT_ThongTin] AS [c] ON [g].[IdCT] = [c].[Id]
      LEFT JOIN [CT_Loai] AS [c0] ON [c].[IdLoaiCT] = [c0].[Id]
      WHERE [g].[DaXoa] = CAST(0 AS bit) AND [c0].[IdCha] = @__filterDto_loai_ct_0 AND CASE
          WHEN [g].[NgayHetHieuLuc] IS NOT NULL THEN CASE
              WHEN [g].[NgayHetHieuLuc] < @__today_1 AND [g].[DaBiThuHoi] = CAST(0 AS bit) AND ([g].[DaBiThuHoi] IS NOT NULL) THEN CAST(1 AS bit)
              ELSE CAST(0 AS bit)
          END
          ELSE CAST(0 AS bit)
      END = CAST(1 AS bit)
info: Microsoft.EntityFrameworkCore.Database.Command[20101]
      Executed DbCommand (17ms) [Parameters=[@__filterDto_loai_ct_0='1' (Nullable = true)], CommandType='Text', CommandTimeout='30']
      SELECT COUNT(*)
      FROM [GP_ThongTin] AS [g]
      LEFT JOIN [CT_ThongTin] AS [c] ON [g].[IdCT] = [c].[Id]
      LEFT JOIN [CT_Loai] AS [c0] ON [c].[IdLoaiCT] = [c0].[Id]
      WHERE [g].[DaXoa] = CAST(0 AS bit) AND [c0].[IdCha] = @__filterDto_loai_ct_0 AND [g].[DaBiThuHoi] = CAST(1 AS bit)
info: Microsoft.EntityFrameworkCore.Database.Command[20101]
      Executed DbCommand (33ms) [Parameters=[], CommandType='Text', CommandTimeout='30']
      SELECT [c].[Id], [c].[ChuThich], [c].[DaXoa], [c].[IdCT], [c].[IdTangChuaNuoc], [c].[TaiKhoanSua], [c].[TaiKhoanTao], [c].[TenHangMuc], [c].[ThoiGianSua], [c].[ThoiGianTao], [c].[V?TriHangMuc], [c].[X], [c].[Y], [c0].[Id], [c0].[CaoTrinhCong], [c0].[CaoTrinhDap], [c0].[CheDoKT], [c0].[CheDoXT], [c0].[ChieuCaoDap], [c0].[ChieuDaiCong], [c0].[ChieuDaiDap], [c0].[ChieuRongDap], [c0].[ChieuSauDoanThuNuocDen], [c0].[ChieuSauDoanThuNuocTu], [c0].[CongSuatBom], [c0].[CongSuatDamBao], [c0].[CongSuatLM], [c0].[DienTichLuuVuc], [c0].[DienTichTuoiThietKe], [c0].[DienTichTuoiThucTe], [c0].[DungTichChet], [c0].[DungTichHuuIch], [c0].[DungTichToanBo], [c0].[DuongKinhCong], [c0].[HBeHut], [c0].[HDatOngLocDen], [c0].[HDatOngLocTu], [c0].[HDoanThuNuocDen], [c0].[HDoanThuNuocTu], [c0].[HDong], [c0].[HGiengKT], [c0].[HHaLuu], [c0].[HHaThap], [c0].[HThuongLuu], [c0].[HTinh], [c0].[Hgieng], [c0].[Hlu], [c0].[Hmax], [c0].[Hmin], [c0].[HtoiThieu], [c0].[IdCT], [c0].[IdHangMucCT], [c0].[KichThuocCong], [c0].[KqKf], [c0].[LuongNuocKT], [c0].[MNC], [c0].[MNDBT], [c0].[MNLKT], [c0].[MNLTK], [c0].[MuaTrungBinhNam], [c0].[MucNuocDong], [c0].[MucNuocTinh], [c0].[NguonNuocXT], [c0].[NguongTran], [c0].[PhuongThucXT], [c0].[QBomLonNhat], [c0].[QBomThietKe], [c0].[QDamBao], [c0].[QKTCapNuocSinhHoat], [c0].[QKTLonNhat], [c0].[QKhaiThac], [c0].[QLonNhatTruocLu], [c0].[QMaxKT], [c0].[QMaxXaThai], [c0].[QThietKe], [c0].[QThucTe], [c0].[QTrungBinhNam], [c0].[QXaThai], [c0].[QXaThaiLonNhat], [c0].[QXaThaiTB], [c0].[QXaTran], [c0].[QmaxNM], [c0].[Qtt], [c0].[SoLuongMayBom], [c0].[ThoiGianBomLonNhat], [c0].[ThoiGianBomNhoNhat], [c0].[ThoiGianBomTB]
      FROM [CT_HangMuc] AS [c]
      LEFT JOIN [CT_ThongSo] AS [c0] ON [c].[Id] = [c0].[IdHangMucCT]
      WHERE [c].[IdCT] IN (207, 205, 5, 160, 4, 2, 346, 204, 313, 175) AND [c].[DaXoa] = CAST(0 AS bit)
info: Microsoft.EntityFrameworkCore.Database.Command[20101]
      Executed DbCommand (21ms) [Parameters=[], CommandType='Text', CommandTimeout='30']
      SELECT [c].[Id], [c].[CaoTrinhCong], [c].[CaoTrinhDap], [c].[CheDoKT], [c].[CheDoXT], [c].[ChieuCaoDap], [c].[ChieuDaiCong], [c].[ChieuDaiDap], [c].[ChieuRongDap], [c].[ChieuSauDoanThuNuocDen], [c].[ChieuSauDoanThuNuocTu], [c].[CongSuatBom], [c].[CongSuatDamBao], [c].[CongSuatLM], [c].[DienTichLuuVuc], [c].[DienTichTuoiThietKe], [c].[DienTichTuoiThucTe], [c].[DungTichChet], [c].[DungTichHuuIch], [c].[DungTichToanBo], [c].[DuongKinhCong], [c].[HBeHut], [c].[HDatOngLocDen], [c].[HDatOngLocTu], [c].[HDoanThuNuocDen], [c].[HDoanThuNuocTu], [c].[HDong], [c].[HGiengKT], [c].[HHaLuu], [c].[HHaThap], [c].[HThuongLuu], [c].[HTinh], [c].[Hgieng], [c].[Hlu], [c].[Hmax], [c].[Hmin], [c].[HtoiThieu], [c].[IdCT], [c].[IdHangMucCT], [c].[KichThuocCong], [c].[KqKf], [c].[LuongNuocKT], [c].[MNC], [c].[MNDBT], [c].[MNLKT], [c].[MNLTK], [c].[MuaTrungBinhNam], [c].[MucNuocDong], [c].[MucNuocTinh], [c].[NguonNuocXT], [c].[NguongTran], [c].[PhuongThucXT], [c].[QBomLonNhat], [c].[QBomThietKe], [c].[QDamBao], [c].[QKTCapNuocSinhHoat], [c].[QKTLonNhat], [c].[QKhaiThac], [c].[QLonNhatTruocLu], [c].[QMaxKT], [c].[QMaxXaThai], [c].[QThietKe], [c].[QThucTe], [c].[QTrungBinhNam], [c].[QXaThai], [c].[QXaThaiLonNhat], [c].[QXaThaiTB], [c].[QXaTran], [c].[QmaxNM], [c].[Qtt], [c].[SoLuongMayBom], [c].[ThoiGianBomLonNhat], [c].[ThoiGianBomNhoNhat], [c].[ThoiGianBomTB]
      FROM [CT_ThongSo] AS [c]
      WHERE [c].[IdCT] IN (207, 205, 5, 160, 4, 2, 346, 204, 313, 175)
info: Microsoft.EntityFrameworkCore.Database.Command[20101]
      Executed DbCommand (18ms) [Parameters=[], CommandType='Text', CommandTimeout='30']
      SELECT [l].[Id], [l].[DaXoa], [l].[DonViDo], [l].[GhiChu], [l].[IdCT], [l].[IdMucDich], [l].[LuuLuong], [l].[TaiKhoanSua], [l].[TaiKhoanTao], [l].[ThoiGianSua], [l].[ThoiGianTao], [m].[Id], [m].[DaXoa], [m].[MucDich], [m].[TaiKhoanSua], [m].[TaiKhoanTao], [m].[ThoiGianSua], [m].[ThoiGianTao]
      FROM [LuuLuongTheoMucDich] AS [l]
      LEFT JOIN [MucDichKT] AS [m] ON [l].[IdMucDich] = [m].[Id]
      WHERE [l].[IdCT] IN (207, 205, 5, 160, 4, 2, 346, 204, 313, 175)
info: Microsoft.EntityFrameworkCore.Database.Command[20101]
      Executed DbCommand (21ms) [Parameters=[], CommandType='Text', CommandTimeout='30']
      SELECT [c].[Id], [c].[IdCongTrinh], [c].[IdXa], [c].[IdHuyen], [h].[TenHuyen]
      FROM [CT_ViTri] AS [c]
      LEFT JOIN [Huyen] AS [h] ON [c].[IdHuyen] = [h].[IdHuyen]
      WHERE [c].[IdCongTrinh] IN (207, 205, 5, 160, 4, 2, 346, 204, 313, 175)
info: Microsoft.EntityFrameworkCore.Database.Command[20101]
      Executed DbCommand (19ms) [Parameters=[@__p_0='725e2617-76a2-445a-9001-c729ebd56929' (Size = 450)], CommandType='Text', CommandTimeout='120']
      SELECT TOP(1) [a].[Id], [a].[AccessFailedCount], [a].[ConcurrencyStamp], [a].[CreatedTime], [a].[CreatedUser], [a].[Email], [a].[EmailConfirmed], [a].[FullName], [a].[IdHuyen], [a].[IsDeleted], [a].[LockoutEnabled], [a].[LockoutEnd], [a].[ModifiedTime], [a].[ModifiedUser], [a].[NormalizedEmail], [a].[NormalizedUserName], [a].[PasswordHash], [a].[PasswordSalt], [a].[PhoneNumber], [a].[PhoneNumberConfirmed], [a].[SecurityStamp], [a].[TwoFactorEnabled], [a].[UserName]
      FROM [AspNetUsers] AS [a]
      WHERE [a].[Id] = @__p_0
info: Microsoft.EntityFrameworkCore.Database.Command[20101]
      Executed DbCommand (17ms) [Parameters=[@__normalizedRoleName_0='CONSTRUCTION' (Size = 256)], CommandType='Text', CommandTimeout='120']
      SELECT TOP(2) [a].[Id], [a].[ConcurrencyStamp], [a].[CreatedTime], [a].[CreatedUser], [a].[Description], [a].[IsDefault], [a].[IsDeleted], [a].[ModifiedTime], [a].[ModifiedUser], [a].[Name], [a].[NormalizedName]
      FROM [AspNetRoles] AS [a]
      WHERE [a].[NormalizedName] = @__normalizedRoleName_0
info: Microsoft.EntityFrameworkCore.Database.Command[20101]
      Executed DbCommand (17ms) [Parameters=[@__idCT_0='207' (Nullable = true)], CommandType='Text', CommandTimeout='30']
      SELECT [g].[Id], [g].[CoQuanCapPhep], [g].[DaBiThuHoi], [g].[DaXoa], [g].[FileDonXinCP], [g].[FileGiayPhep], [g].[FileGiayToLienQuan], [g].[IdCT], [g].[IdCon], [g].[IdLoaiGP], [g].[IdTCCN], [g].[NgayCoHieuLuc], [g].[NgayHetHieuLuc], [g].[NgayKy], [g].[SoGP], [g].[TaiKhoanSua], [g].[TaiKhoanTao], [g].[TenGP], [g].[ThoiGianSua], [g].[ThoiGianTao], [g].[ThoiHan], [g].[TrangThaiCapPhep], [g0].[Id], [g0].[DaXoa], [g0].[GhiChu], [g0].[MaLoaiGP], [g0].[TaiKhoanSua], [g0].[TaiKhoanTao], [g0].[TenLoaiGP], [g0].[ThoiGianSua], [g0].[ThoiGianTao]
      FROM [GP_ThongTin] AS [g]
      LEFT JOIN [GP_Loai] AS [g0] ON [g].[IdLoaiGP] = [g0].[Id]
      WHERE [g].[IdCT] = @__idCT_0 AND [g].[DaXoa] = CAST(0 AS bit)
      ORDER BY [g].[NgayKy] DESC
info: Microsoft.EntityFrameworkCore.Database.Command[20101]
      Executed DbCommand (16ms) [Parameters=[@__p_0='725e2617-76a2-445a-9001-c729ebd56929' (Size = 450), @__p_1='7bd48ecd-c328-4ada-8e05-9358b385597f' (Size = 450)], CommandType='Text', CommandTimeout='120']
      SELECT TOP(1) [a].[UserId], [a].[RoleId]
      FROM [AspNetUserRoles] AS [a]
      WHERE [a].[UserId] = @__p_0 AND [a].[RoleId] = @__p_1
info: Microsoft.EntityFrameworkCore.Database.Command[20101]
      Executed DbCommand (16ms) [Parameters=[@__normalizedRoleName_0='BUSINESS' (Size = 256)], CommandType='Text', CommandTimeout='120']
      SELECT TOP(2) [a].[Id], [a].[ConcurrencyStamp], [a].[CreatedTime], [a].[CreatedUser], [a].[Description], [a].[IsDefault], [a].[IsDeleted], [a].[ModifiedTime], [a].[ModifiedUser], [a].[Name], [a].[NormalizedName]
      FROM [AspNetRoles] AS [a]
      WHERE [a].[NormalizedName] = @__normalizedRoleName_0
info: Microsoft.EntityFrameworkCore.Database.Command[20101]
      Executed DbCommand (16ms) [Parameters=[@__p_0='725e2617-76a2-445a-9001-c729ebd56929' (Size = 450), @__p_1='11fdb212-da4d-40a1-90da-07f8bb9c3765' (Size = 450)], CommandType='Text', CommandTimeout='120']
      SELECT TOP(1) [a].[UserId], [a].[RoleId]
      FROM [AspNetUserRoles] AS [a]
      WHERE [a].[UserId] = @__p_0 AND [a].[RoleId] = @__p_1
info: Microsoft.EntityFrameworkCore.Database.Command[20101]
      Executed DbCommand (18ms) [Parameters=[], CommandType='Text', CommandTimeout='120']
      SELECT COUNT(*)
      FROM [CT_ThongTin] AS [c]
      WHERE [c].[DaXoa] = CAST(0 AS bit)
info: Microsoft.EntityFrameworkCore.Database.Command[20101]
      Executed DbCommand (31ms) [Parameters=[@__idTCCN_0='3' (Nullable = true)], CommandType='Text', CommandTimeout='30']
      SELECT [g].[Id], [g].[CoQuanCapPhep], [g].[DaBiThuHoi], [g].[DaXoa], [g].[FileDonXinCP], [g].[FileGiayPhep], [g].[FileGiayToLienQuan], [g].[IdCT], [g].[IdCon], [g].[IdLoaiGP], [g].[IdTCCN], [g].[NgayCoHieuLuc], [g].[NgayHetHieuLuc], [g].[NgayKy], [g].[SoGP], [g].[TaiKhoanSua], [g].[TaiKhoanTao], [g].[TenGP], [g].[ThoiGianSua], [g].[ThoiGianTao], [g].[ThoiHan], [g].[TrangThaiCapPhep], [g0].[Id], [g0].[DaXoa], [g0].[GhiChu], [g0].[MaLoaiGP], [g0].[TaiKhoanSua], [g0].[TaiKhoanTao], [g0].[TenLoaiGP], [g0].[ThoiGianSua], [g0].[ThoiGianTao], [c].[Id], [c].[CapCT], [c].[ChuThich], [c].[DaXoa], [c].[IdLoaiCT], [c].[IdLuuVuc], [c].[IdSong], [c].[IdTangChuaNuoc], [c].[IdTieuLuuVuc], [c].[KhoiLuongCacHangMucTD], [c].[MaCT], [c].[MucDichHNK], [c].[MucDichKT], [c].[MucDichhTD], [c].[NamBatDauVanHanh], [c].[NguonNuocKT], [c].[PhuongThucKT], [c].[QKTThietKe], [c].[QKTThucTe], [c].[QuyMoHNK], [c].[SoDiemXaThai], [c].[SoLuongGieng], [c].[SoLuongGiengKT], [c].[SoLuongGiengQT], [c].[TaiKhoan], [c].[TaiKhoanSua], [c].[TaiKhoanTao], [c].[TenCT], [c].[ThoiGianHNK], [c].[ThoiGianKT], [c].[ThoiGianSua], [c].[ThoiGianTao], [c].[ThoiGianXD], [c].[ViTriCT], [c].[ViTriXT], [c].[X], [c].[Y], [c0].[Id], [c0].[ChuThich], [c0].[DaXoa], [c0].[IdCha], [c0].[MaLoaiCT], [c0].[TaiKhoanSua], [c0].[TaiKhoanTao], [c0].[TenLoaiCT], [c0].[ThoiGianSua], [c0].[ThoiGianTao]
      FROM [GP_ThongTin] AS [g]
      LEFT JOIN [GP_Loai] AS [g0] ON [g].[IdLoaiGP] = [g0].[Id]
      LEFT JOIN [CT_ThongTin] AS [c] ON [g].[IdCT] = [c].[Id]
      LEFT JOIN [CT_Loai] AS [c0] ON [c].[IdLoaiCT] = [c0].[Id]
      WHERE [g].[IdTCCN] = @__idTCCN_0 AND [g].[DaXoa] = CAST(0 AS bit)
      ORDER BY [g].[NgayKy] DESC
info: Microsoft.EntityFrameworkCore.Database.Command[20101]
      Executed DbCommand (195ms) [Parameters=[@__idCT_0='205' (Nullable = true)], CommandType='Text', CommandTimeout='30']
      SELECT [g].[Id], [g].[CoQuanCapPhep], [g].[DaBiThuHoi], [g].[DaXoa], [g].[FileDonXinCP], [g].[FileGiayPhep], [g].[FileGiayToLienQuan], [g].[IdCT], [g].[IdCon], [g].[IdLoaiGP], [g].[IdTCCN], [g].[NgayCoHieuLuc], [g].[NgayHetHieuLuc], [g].[NgayKy], [g].[SoGP], [g].[TaiKhoanSua], [g].[TaiKhoanTao], [g].[TenGP], [g].[ThoiGianSua], [g].[ThoiGianTao], [g].[ThoiHan], [g].[TrangThaiCapPhep], [g0].[Id], [g0].[DaXoa], [g0].[GhiChu], [g0].[MaLoaiGP], [g0].[TaiKhoanSua], [g0].[TaiKhoanTao], [g0].[TenLoaiGP], [g0].[ThoiGianSua], [g0].[ThoiGianTao]
      FROM [GP_ThongTin] AS [g]
      LEFT JOIN [GP_Loai] AS [g0] ON [g].[IdLoaiGP] = [g0].[Id]
      WHERE [g].[IdCT] = @__idCT_0 AND [g].[DaXoa] = CAST(0 AS bit)
      ORDER BY [g].[NgayKy] DESC
info: Microsoft.EntityFrameworkCore.Database.Command[20101]
      Executed DbCommand (342ms) [Parameters=[@__p_0='0', @__p_1='1000'], CommandType='Text', CommandTimeout='120']
      SELECT [t].[Id], [t].[CapCT], [t].[ChuThich], [t].[DaXoa], [t].[IdLoaiCT], [t].[IdLuuVuc], [t].[IdSong], [t].[IdTangChuaNuoc], [t].[IdTieuLuuVuc], [t].[KhoiLuongCacHangMucTD], [t].[MaCT], [t].[MucDichHNK], [t].[MucDichKT], [t].[MucDichhTD], [t].[NamBatDauVanHanh], [t].[NguonNuocKT], [t].[PhuongThucKT], [t].[QKTThietKe], [t].[QKTThucTe], [t].[QuyMoHNK], [t].[SoDiemXaThai], [t].[SoLuongGieng], [t].[SoLuongGiengKT], [t].[SoLuongGiengQT], [t].[TaiKhoan], [t].[TaiKhoanSua], [t].[TaiKhoanTao], [t].[TenCT], [t].[ThoiGianHNK], [t].[ThoiGianKT], [t].[ThoiGianSua], [t].[ThoiGianTao], [t].[ThoiGianXD], [t].[ViTriCT], [t].[ViTriXT], [t].[X], [t].[Y], [c0].[Id], [c0].[ChuThich], [c0].[DaXoa], [c0].[IdCha], [c0].[MaLoaiCT], [c0].[TaiKhoanSua], [c0].[TaiKhoanTao], [c0].[TenLoaiCT], [c0].[ThoiGianSua], [c0].[ThoiGianTao], [t0].[Id], [t0].[DaXoa], [t0].[KyHieuTCN], [t0].[SoLuongGiengQT], [t0].[TaiKhoanSua], [t0].[TaiKhoanTao], [t0].[TenTCN], [t0].[ThoiGianSua], [t0].[ThoiGianTao], [c1].[Id], [l].[Id], [t1].[Id], [t1].[ChuThich], [t1].[DaXoa], [t1].[IdCT], [t1].[IdTangChuaNuoc], [t1].[TaiKhoanSua], [t1].[TaiKhoanTao], [t1].[TenHangMuc], [t1].[ThoiGianSua], [t1].[ThoiGianTao], [t1].[V?TriHangMuc], [t1].[X], [t1].[Y], [t1].[Id0], [t1].[CaoTrinhCong], [t1].[CaoTrinhDap], [t1].[CheDoKT], [t1].[CheDoXT], [t1].[ChieuCaoDap], [t1].[ChieuDaiCong], [t1].[ChieuDaiDap], [t1].[ChieuRongDap], [t1].[ChieuSauDoanThuNuocDen], [t1].[ChieuSauDoanThuNuocTu], [t1].[CongSuatBom], [t1].[CongSuatDamBao], [t1].[CongSuatLM], [t1].[DienTichLuuVuc], [t1].[DienTichTuoiThietKe], [t1].[DienTichTuoiThucTe], [t1].[DungTichChet], [t1].[DungTichHuuIch], [t1].[DungTichToanBo], [t1].[DuongKinhCong], [t1].[HBeHut], [t1].[HDatOngLocDen], [t1].[HDatOngLocTu], [t1].[HDoanThuNuocDen], [t1].[HDoanThuNuocTu], [t1].[HDong], [t1].[HGiengKT], [t1].[HHaLuu], [t1].[HHaThap], [t1].[HThuongLuu], [t1].[HTinh], [t1].[Hgieng], [t1].[Hlu], [t1].[Hmax], [t1].[Hmin], [t1].[HtoiThieu], [t1].[IdCT0], [t1].[IdHangMucCT], [t1].[KichThuocCong], [t1].[KqKf], [t1].[LuongNuocKT], [t1].[MNC], [t1].[MNDBT], [t1].[MNLKT], [t1].[MNLTK], [t1].[MuaTrungBinhNam], [t1].[MucNuocDong], [t1].[MucNuocTinh], [t1].[NguonNuocXT], [t1].[NguongTran], [t1].[PhuongThucXT], [t1].[QBomLonNhat], [t1].[QBomThietKe], [t1].[QDamBao], [t1].[QKTCapNuocSinhHoat], [t1].[QKTLonNhat], [t1].[QKhaiThac], [t1].[QLonNhatTruocLu], [t1].[QMaxKT], [t1].[QMaxXaThai], [t1].[QThietKe], [t1].[QThucTe], [t1].[QTrungBinhNam], [t1].[QXaThai], [t1].[QXaThaiLonNhat], [t1].[QXaThaiTB], [t1].[QXaTran], [t1].[QmaxNM], [t1].[Qtt], [t1].[SoLuongMayBom], [t1].[ThoiGianBomLonNhat], [t1].[ThoiGianBomNhoNhat], [t1].[ThoiGianBomTB], [c1].[CaoTrinhCong], [c1].[CaoTrinhDap], [c1].[CheDoKT], [c1].[CheDoXT], [c1].[ChieuCaoDap], [c1].[ChieuDaiCong], [c1].[ChieuDaiDap], [c1].[ChieuRongDap], [c1].[ChieuSauDoanThuNuocDen], [c1].[ChieuSauDoanThuNuocTu], [c1].[CongSuatBom], [c1].[CongSuatDamBao], [c1].[CongSuatLM], [c1].[DienTichLuuVuc], [c1].[DienTichTuoiThietKe], [c1].[DienTichTuoiThucTe], [c1].[DungTichChet], [c1].[DungTichHuuIch], [c1].[DungTichToanBo], [c1].[DuongKinhCong], [c1].[HBeHut], [c1].[HDatOngLocDen], [c1].[HDatOngLocTu], [c1].[HDoanThuNuocDen], [c1].[HDoanThuNuocTu], [c1].[HDong], [c1].[HGiengKT], [c1].[HHaLuu], [c1].[HHaThap], [c1].[HThuongLuu], [c1].[HTinh], [c1].[Hgieng], [c1].[Hlu], [c1].[Hmax], [c1].[Hmin], [c1].[HtoiThieu], [c1].[IdCT], [c1].[IdHangMucCT], [c1].[KichThuocCong], [c1].[KqKf], [c1].[LuongNuocKT], [c1].[MNC], [c1].[MNDBT], [c1].[MNLKT], [c1].[MNLTK], [c1].[MuaTrungBinhNam], [c1].[MucNuocDong], [c1].[MucNuocTinh], [c1].[NguonNuocXT], [c1].[NguongTran], [c1].[PhuongThucXT], [c1].[QBomLonNhat], [c1].[QBomThietKe], [c1].[QDamBao], [c1].[QKTCapNuocSinhHoat], [c1].[QKTLonNhat], [c1].[QKhaiThac], [c1].[QLonNhatTruocLu], [c1].[QMaxKT], [c1].[QMaxXaThai], [c1].[QThietKe], [c1].[QThucTe], [c1].[QTrungBinhNam], [c1].[QXaThai], [c1].[QXaThaiLonNhat], [c1].[QXaThaiTB], [c1].[QXaTran], [c1].[QmaxNM], [c1].[Qtt], [c1].[SoLuongMayBom], [c1].[ThoiGianBomLonNhat], [c1].[ThoiGianBomNhoNhat], [c1].[ThoiGianBomTB], [l].[BanDo], [l].[ChieuDaiSongChinh], [l].[ChuGiai], [l].[DaXoa], [l].[DienTich], [l].[FileKML], [l].[IdHuyen], [l].[IdXa], [l].[NgayBatDau], [l].[NgayKetThuc], [l].[SoQuyTrinh], [l].[TaiKhoanSua], [l].[TaiKhoanTao], [l].[TenLVS], [l].[ThoiGianSua], [l].[ThoiGianTao], [l].[ViTriQT], [t2].[Id], [t2].[IdCongTrinh], [t2].[IdHuyen], [t2].[IdXa], [t2].[IdXa0], [t2].[CapHanhChinh], [t2].[DaXoa], [t2].[IdHuyen0], [t2].[TaiKhoanSua], [t2].[TaiKhoanTao], [t2].[TenXa], [t2].[ThoiGianSua], [t2].[ThoiGianTao], [t2].[IdHuyen1], [t2].[CapHanhChinh0], [t2].[DaXoa0], [t2].[TaiKhoanSua0], [t2].[TaiKhoanTao0], [t2].[TenHuyen], [t2].[ThoiGianSua0], [t2].[ThoiGianTao0], [t3].[Id], [t3].[CoQuanCapPhep], [t3].[DaBiThuHoi], [t3].[DaXoa], [t3].[FileDonXinCP], [t3].[FileGiayPhep], [t3].[FileGiayToLienQuan], [t3].[IdCT], [t3].[IdCon], [t3].[IdLoaiGP], [t3].[IdTCCN], [t3].[NgayCoHieuLuc], [t3].[NgayHetHieuLuc], [t3].[NgayKy], [t3].[SoGP], [t3].[TaiKhoanSua], [t3].[TaiKhoanTao], [t3].[TenGP], [t3].[ThoiGianSua], [t3].[ThoiGianTao], [t3].[ThoiHan], [t3].[TrangThaiCapPhep], [t3].[Id0], [t3].[DaXoa0], [t3].[DiaChi], [t3].[Email], [t3].[Fax], [t3].[GiamDoc], [t3].[MaSoThue], [t3].[NguoiDaiDienPhapLuat], [t3].[NguoiDuocUyQuyen], [t3].[SDT], [t3].[TaiKhoan], [t3].[TaiKhoanSua0], [t3].[TaiKhoanTao0], [t3].[TenTCCN], [t3].[ThoiGianSua0], [t3].[ThoiGianTao0], [t3].[Id1], [t3].[IdGP], [t3].[IdTCQ], [t3].[Id00], [t3].[CoQuanCP], [t3].[DaXoa1], [t3].[FilePDF], [t3].[GhiChu], [t3].[IdCon0], [t3].[NgayKy0], [t3].[SoQDTCQ], [t3].[TaiKhoanSua1], [t3].[TaiKhoanTao1], [t3].[ThoiGianSua1], [t3].[ThoiGianTao1], [t3].[TongTienCQ], [t7].[Id], [t7].[DaXoa], [t7].[DonViDo], [t7].[GhiChu], [t7].[IdCT], [t7].[IdMucDich], [t7].[LuuLuong], [t7].[TaiKhoanSua], [t7].[TaiKhoanTao], [t7].[ThoiGianSua], [t7].[ThoiGianTao], [t7].[Id0], [t7].[DaXoa0], [t7].[MucDich], [t7].[TaiKhoanSua0], [t7].[TaiKhoanTao0], [t7].[ThoiGianSua0], [t7].[ThoiGianTao0]
      FROM (
          SELECT [c].[Id], [c].[CapCT], [c].[ChuThich], [c].[DaXoa], [c].[IdLoaiCT], [c].[IdLuuVuc], [c].[IdSong], [c].[IdTangChuaNuoc], [c].[IdTieuLuuVuc], [c].[KhoiLuongCacHangMucTD], [c].[MaCT], [c].[MucDichHNK], [c].[MucDichKT], [c].[MucDichhTD], [c].[NamBatDauVanHanh], [c].[NguonNuocKT], [c].[PhuongThucKT], [c].[QKTThietKe], [c].[QKTThucTe], [c].[QuyMoHNK], [c].[SoDiemXaThai], [c].[SoLuongGieng], [c].[SoLuongGiengKT], [c].[SoLuongGiengQT], [c].[TaiKhoan], [c].[TaiKhoanSua], [c].[TaiKhoanTao], [c].[TenCT], [c].[ThoiGianHNK], [c].[ThoiGianKT], [c].[ThoiGianSua], [c].[ThoiGianTao], [c].[ThoiGianXD], [c].[ViTriCT], [c].[ViTriXT], [c].[X], [c].[Y]
          FROM [CT_ThongTin] AS [c]
          WHERE [c].[DaXoa] = CAST(0 AS bit)
          ORDER BY [c].[IdLoaiCT]
          OFFSET @__p_0 ROWS FETCH NEXT @__p_1 ROWS ONLY
      ) AS [t]
      LEFT JOIN [CT_Loai] AS [c0] ON [t].[IdLoaiCT] = [c0].[Id]
      LEFT JOIN [TangChuaNuoc] AS [t0] ON [t].[IdTangChuaNuoc] = [t0].[Id]
      LEFT JOIN [CT_ThongSo] AS [c1] ON [t].[Id] = [c1].[IdCT]
      LEFT JOIN [LuuVucSong] AS [l] ON [t].[IdLuuVuc] = [l].[Id]
      LEFT JOIN (
          SELECT [c2].[Id], [c2].[ChuThich], [c2].[DaXoa], [c2].[IdCT], [c2].[IdTangChuaNuoc], [c2].[TaiKhoanSua], [c2].[TaiKhoanTao], [c2].[TenHangMuc], [c2].[ThoiGianSua], [c2].[ThoiGianTao], [c2].[V?TriHangMuc], [c2].[X], [c2].[Y], [c3].[Id] AS [Id0], [c3].[CaoTrinhCong], [c3].[CaoTrinhDap], [c3].[CheDoKT], [c3].[CheDoXT], [c3].[ChieuCaoDap], [c3].[ChieuDaiCong], [c3].[ChieuDaiDap], [c3].[ChieuRongDap], [c3].[ChieuSauDoanThuNuocDen], [c3].[ChieuSauDoanThuNuocTu], [c3].[CongSuatBom], [c3].[CongSuatDamBao], [c3].[CongSuatLM], [c3].[DienTichLuuVuc], [c3].[DienTichTuoiThietKe], [c3].[DienTichTuoiThucTe], [c3].[DungTichChet], [c3].[DungTichHuuIch], [c3].[DungTichToanBo], [c3].[DuongKinhCong], [c3].[HBeHut], [c3].[HDatOngLocDen], [c3].[HDatOngLocTu], [c3].[HDoanThuNuocDen], [c3].[HDoanThuNuocTu], [c3].[HDong], [c3].[HGiengKT], [c3].[HHaLuu], [c3].[HHaThap], [c3].[HThuongLuu], [c3].[HTinh], [c3].[Hgieng], [c3].[Hlu], [c3].[Hmax], [c3].[Hmin], [c3].[HtoiThieu], [c3].[IdCT] AS [IdCT0], [c3].[IdHangMucCT], [c3].[KichThuocCong], [c3].[KqKf], [c3].[LuongNuocKT], [c3].[MNC], [c3].[MNDBT], [c3].[MNLKT], [c3].[MNLTK], [c3].[MuaTrungBinhNam], [c3].[MucNuocDong], [c3].[MucNuocTinh], [c3].[NguonNuocXT], [c3].[NguongTran], [c3].[PhuongThucXT], [c3].[QBomLonNhat], [c3].[QBomThietKe], [c3].[QDamBao], [c3].[QKTCapNuocSinhHoat], [c3].[QKTLonNhat], [c3].[QKhaiThac], [c3].[QLonNhatTruocLu], [c3].[QMaxKT], [c3].[QMaxXaThai], [c3].[QThietKe], [c3].[QThucTe], [c3].[QTrungBinhNam], [c3].[QXaThai], [c3].[QXaThaiLonNhat], [c3].[QXaThaiTB], [c3].[QXaTran], [c3].[QmaxNM], [c3].[Qtt], [c3].[SoLuongMayBom], [c3].[ThoiGianBomLonNhat], [c3].[ThoiGianBomNhoNhat], [c3].[ThoiGianBomTB]
          FROM [CT_HangMuc] AS [c2]
          LEFT JOIN [CT_ThongSo] AS [c3] ON [c2].[Id] = [c3].[IdHangMucCT]
      ) AS [t1] ON [t].[Id] = [t1].[IdCT]
      LEFT JOIN (
          SELECT [c4].[Id], [c4].[IdCongTrinh], [c4].[IdHuyen], [c4].[IdXa], [x].[IdXa] AS [IdXa0], [x].[CapHanhChinh], [x].[DaXoa], [x].[IdHuyen] AS [IdHuyen0], [x].[TaiKhoanSua], [x].[TaiKhoanTao], [x].[TenXa], [x].[ThoiGianSua], [x].[ThoiGianTao], [h].[IdHuyen] AS [IdHuyen1], [h].[CapHanhChinh] AS [CapHanhChinh0], [h].[DaXoa] AS [DaXoa0], [h].[TaiKhoanSua] AS [TaiKhoanSua0], [h].[TaiKhoanTao] AS [TaiKhoanTao0], [h].[TenHuyen], [h].[ThoiGianSua] AS [ThoiGianSua0], [h].[ThoiGianTao] AS [ThoiGianTao0]
          FROM [CT_ViTri] AS [c4]
          LEFT JOIN [Xa] AS [x] ON [c4].[IdXa] = [x].[IdXa]
          LEFT JOIN [Huyen] AS [h] ON [c4].[IdHuyen] = [h].[IdHuyen]
      ) AS [t2] ON [t].[Id] = [t2].[IdCongTrinh]
      LEFT JOIN (
          SELECT [g].[Id], [g].[CoQuanCapPhep], [g].[DaBiThuHoi], [g].[DaXoa], [g].[FileDonXinCP], [g].[FileGiayPhep], [g].[FileGiayToLienQuan], [g].[IdCT], [g].[IdCon], [g].[IdLoaiGP], [g].[IdTCCN], [g].[NgayCoHieuLuc], [g].[NgayHetHieuLuc], [g].[NgayKy], [g].[SoGP], [g].[TaiKhoanSua], [g].[TaiKhoanTao], [g].[TenGP], [g].[ThoiGianSua], [g].[ThoiGianTao], [g].[ThoiHan], [g].[TrangThaiCapPhep], [t4].[Id] AS [Id0], [t4].[DaXoa] AS [DaXoa0], [t4].[DiaChi], [t4].[Email], [t4].[Fax], [t4].[GiamDoc], [t4].[MaSoThue], [t4].[NguoiDaiDienPhapLuat], [t4].[NguoiDuocUyQuyen], [t4].[SDT], [t4].[TaiKhoan], [t4].[TaiKhoanSua] AS [TaiKhoanSua0], [t4].[TaiKhoanTao] AS [TaiKhoanTao0], [t4].[TenTCCN], [t4].[ThoiGianSua] AS [ThoiGianSua0], [t4].[ThoiGianTao] AS [ThoiGianTao0], [t5].[Id] AS [Id1], [t5].[IdGP], [t5].[IdTCQ], [t5].[Id0] AS [Id00], [t5].[CoQuanCP], [t5].[DaXoa] AS [DaXoa1], [t5].[FilePDF], [t5].[GhiChu], [t5].[IdCon] AS [IdCon0], [t5].[NgayKy] AS [NgayKy0], [t5].[SoQDTCQ], [t5].[TaiKhoanSua] AS [TaiKhoanSua1], [t5].[TaiKhoanTao] AS [TaiKhoanTao1], [t5].[ThoiGianSua] AS [ThoiGianSua1], [t5].[ThoiGianTao] AS [ThoiGianTao1], [t5].[TongTienCQ]
          FROM [GP_ThongTin] AS [g]
          LEFT JOIN [ToChuc_CaNhan] AS [t4] ON [g].[IdTCCN] = [t4].[Id]
          LEFT JOIN (
              SELECT [g0].[Id], [g0].[IdGP], [g0].[IdTCQ], [t6].[Id] AS [Id0], [t6].[CoQuanCP], [t6].[DaXoa], [t6].[FilePDF], [t6].[GhiChu], [t6].[IdCon], [t6].[NgayKy], [t6].[SoQDTCQ], [t6].[TaiKhoanSua], [t6].[TaiKhoanTao], [t6].[ThoiGianSua], [t6].[ThoiGianTao], [t6].[TongTienCQ]
              FROM [GP_TCQ] AS [g0]
              INNER JOIN [TCQ_ThongTin] AS [t6] ON [g0].[IdTCQ] = [t6].[Id]
          ) AS [t5] ON [g].[Id] = [t5].[IdGP]
      ) AS [t3] ON [t].[Id] = [t3].[IdCT]
      LEFT JOIN (
          SELECT [l0].[Id], [l0].[DaXoa], [l0].[DonViDo], [l0].[GhiChu], [l0].[IdCT], [l0].[IdMucDich], [l0].[LuuLuong], [l0].[TaiKhoanSua], [l0].[TaiKhoanTao], [l0].[ThoiGianSua], [l0].[ThoiGianTao], [m].[Id] AS [Id0], [m].[DaXoa] AS [DaXoa0], [m].[MucDich], [m].[TaiKhoanSua] AS [TaiKhoanSua0], [m].[TaiKhoanTao] AS [TaiKhoanTao0], [m].[ThoiGianSua] AS [ThoiGianSua0], [m].[ThoiGianTao] AS [ThoiGianTao0]
          FROM [LuuLuongTheoMucDich] AS [l0]
          LEFT JOIN [MucDichKT] AS [m] ON [l0].[IdMucDich] = [m].[Id]
      ) AS [t7] ON [t].[Id] = [t7].[IdCT]
      ORDER BY [t].[IdLoaiCT], [t].[Id], [c0].[Id], [t0].[Id], [c1].[Id], [l].[Id], [t1].[Id], [t1].[Id0], [t2].[Id], [t2].[IdXa0], [t2].[IdHuyen1], [t3].[NgayKy] DESC, [t3].[Id], [t3].[Id0], [t3].[Id1], [t3].[Id00], [t7].[Id]
info: Microsoft.EntityFrameworkCore.Database.Command[20101]
      Executed DbCommand (55ms) [Parameters=[@__idCT_0='5' (Nullable = true)], CommandType='Text', CommandTimeout='30']
      SELECT [g].[Id], [g].[CoQuanCapPhep], [g].[DaBiThuHoi], [g].[DaXoa], [g].[FileDonXinCP], [g].[FileGiayPhep], [g].[FileGiayToLienQuan], [g].[IdCT], [g].[IdCon], [g].[IdLoaiGP], [g].[IdTCCN], [g].[NgayCoHieuLuc], [g].[NgayHetHieuLuc], [g].[NgayKy], [g].[SoGP], [g].[TaiKhoanSua], [g].[TaiKhoanTao], [g].[TenGP], [g].[ThoiGianSua], [g].[ThoiGianTao], [g].[ThoiHan], [g].[TrangThaiCapPhep], [g0].[Id], [g0].[DaXoa], [g0].[GhiChu], [g0].[MaLoaiGP], [g0].[TaiKhoanSua], [g0].[TaiKhoanTao], [g0].[TenLoaiGP], [g0].[ThoiGianSua], [g0].[ThoiGianTao]
      FROM [GP_ThongTin] AS [g]
      LEFT JOIN [GP_Loai] AS [g0] ON [g].[IdLoaiGP] = [g0].[Id]
      WHERE [g].[IdCT] = @__idCT_0 AND [g].[DaXoa] = CAST(0 AS bit)
      ORDER BY [g].[NgayKy] DESC
info: Microsoft.EntityFrameworkCore.Database.Command[20101]
      Executed DbCommand (16ms) [Parameters=[@__idCT_0='160' (Nullable = true)], CommandType='Text', CommandTimeout='30']
      SELECT [g].[Id], [g].[CoQuanCapPhep], [g].[DaBiThuHoi], [g].[DaXoa], [g].[FileDonXinCP], [g].[FileGiayPhep], [g].[FileGiayToLienQuan], [g].[IdCT], [g].[IdCon], [g].[IdLoaiGP], [g].[IdTCCN], [g].[NgayCoHieuLuc], [g].[NgayHetHieuLuc], [g].[NgayKy], [g].[SoGP], [g].[TaiKhoanSua], [g].[TaiKhoanTao], [g].[TenGP], [g].[ThoiGianSua], [g].[ThoiGianTao], [g].[ThoiHan], [g].[TrangThaiCapPhep], [g0].[Id], [g0].[DaXoa], [g0].[GhiChu], [g0].[MaLoaiGP], [g0].[TaiKhoanSua], [g0].[TaiKhoanTao], [g0].[TenLoaiGP], [g0].[ThoiGianSua], [g0].[ThoiGianTao]
      FROM [GP_ThongTin] AS [g]
      LEFT JOIN [GP_Loai] AS [g0] ON [g].[IdLoaiGP] = [g0].[Id]
      WHERE [g].[IdCT] = @__idCT_0 AND [g].[DaXoa] = CAST(0 AS bit)
      ORDER BY [g].[NgayKy] DESC
info: Microsoft.EntityFrameworkCore.Database.Command[20101]
      Executed DbCommand (19ms) [Parameters=[@__idTCCN_0='134' (Nullable = true)], CommandType='Text', CommandTimeout='30']
      SELECT [g].[Id], [g].[CoQuanCapPhep], [g].[DaBiThuHoi], [g].[DaXoa], [g].[FileDonXinCP], [g].[FileGiayPhep], [g].[FileGiayToLienQuan], [g].[IdCT], [g].[IdCon], [g].[IdLoaiGP], [g].[IdTCCN], [g].[NgayCoHieuLuc], [g].[NgayHetHieuLuc], [g].[NgayKy], [g].[SoGP], [g].[TaiKhoanSua], [g].[TaiKhoanTao], [g].[TenGP], [g].[ThoiGianSua], [g].[ThoiGianTao], [g].[ThoiHan], [g].[TrangThaiCapPhep], [g0].[Id], [g0].[DaXoa], [g0].[GhiChu], [g0].[MaLoaiGP], [g0].[TaiKhoanSua], [g0].[TaiKhoanTao], [g0].[TenLoaiGP], [g0].[ThoiGianSua], [g0].[ThoiGianTao], [c].[Id], [c].[CapCT], [c].[ChuThich], [c].[DaXoa], [c].[IdLoaiCT], [c].[IdLuuVuc], [c].[IdSong], [c].[IdTangChuaNuoc], [c].[IdTieuLuuVuc], [c].[KhoiLuongCacHangMucTD], [c].[MaCT], [c].[MucDichHNK], [c].[MucDichKT], [c].[MucDichhTD], [c].[NamBatDauVanHanh], [c].[NguonNuocKT], [c].[PhuongThucKT], [c].[QKTThietKe], [c].[QKTThucTe], [c].[QuyMoHNK], [c].[SoDiemXaThai], [c].[SoLuongGieng], [c].[SoLuongGiengKT], [c].[SoLuongGiengQT], [c].[TaiKhoan], [c].[TaiKhoanSua], [c].[TaiKhoanTao], [c].[TenCT], [c].[ThoiGianHNK], [c].[ThoiGianKT], [c].[ThoiGianSua], [c].[ThoiGianTao], [c].[ThoiGianXD], [c].[ViTriCT], [c].[ViTriXT], [c].[X], [c].[Y], [c0].[Id], [c0].[ChuThich], [c0].[DaXoa], [c0].[IdCha], [c0].[MaLoaiCT], [c0].[TaiKhoanSua], [c0].[TaiKhoanTao], [c0].[TenLoaiCT], [c0].[ThoiGianSua], [c0].[ThoiGianTao]
      FROM [GP_ThongTin] AS [g]
      LEFT JOIN [GP_Loai] AS [g0] ON [g].[IdLoaiGP] = [g0].[Id]
      LEFT JOIN [CT_ThongTin] AS [c] ON [g].[IdCT] = [c].[Id]
      LEFT JOIN [CT_Loai] AS [c0] ON [c].[IdLoaiCT] = [c0].[Id]
      WHERE [g].[IdTCCN] = @__idTCCN_0 AND [g].[DaXoa] = CAST(0 AS bit)
      ORDER BY [g].[NgayKy] DESC
info: Microsoft.EntityFrameworkCore.Database.Command[20101]
      Executed DbCommand (21ms) [Parameters=[@__idCT_0='4' (Nullable = true)], CommandType='Text', CommandTimeout='30']
      SELECT [g].[Id], [g].[CoQuanCapPhep], [g].[DaBiThuHoi], [g].[DaXoa], [g].[FileDonXinCP], [g].[FileGiayPhep], [g].[FileGiayToLienQuan], [g].[IdCT], [g].[IdCon], [g].[IdLoaiGP], [g].[IdTCCN], [g].[NgayCoHieuLuc], [g].[NgayHetHieuLuc], [g].[NgayKy], [g].[SoGP], [g].[TaiKhoanSua], [g].[TaiKhoanTao], [g].[TenGP], [g].[ThoiGianSua], [g].[ThoiGianTao], [g].[ThoiHan], [g].[TrangThaiCapPhep], [g0].[Id], [g0].[DaXoa], [g0].[GhiChu], [g0].[MaLoaiGP], [g0].[TaiKhoanSua], [g0].[TaiKhoanTao], [g0].[TenLoaiGP], [g0].[ThoiGianSua], [g0].[ThoiGianTao]
      FROM [GP_ThongTin] AS [g]
      LEFT JOIN [GP_Loai] AS [g0] ON [g].[IdLoaiGP] = [g0].[Id]
      WHERE [g].[IdCT] = @__idCT_0 AND [g].[DaXoa] = CAST(0 AS bit)
      ORDER BY [g].[NgayKy] DESC
info: Microsoft.EntityFrameworkCore.Database.Command[20101]
      Executed DbCommand (16ms) [Parameters=[@__idCT_0='2' (Nullable = true)], CommandType='Text', CommandTimeout='30']
      SELECT [g].[Id], [g].[CoQuanCapPhep], [g].[DaBiThuHoi], [g].[DaXoa], [g].[FileDonXinCP], [g].[FileGiayPhep], [g].[FileGiayToLienQuan], [g].[IdCT], [g].[IdCon], [g].[IdLoaiGP], [g].[IdTCCN], [g].[NgayCoHieuLuc], [g].[NgayHetHieuLuc], [g].[NgayKy], [g].[SoGP], [g].[TaiKhoanSua], [g].[TaiKhoanTao], [g].[TenGP], [g].[ThoiGianSua], [g].[ThoiGianTao], [g].[ThoiHan], [g].[TrangThaiCapPhep], [g0].[Id], [g0].[DaXoa], [g0].[GhiChu], [g0].[MaLoaiGP], [g0].[TaiKhoanSua], [g0].[TaiKhoanTao], [g0].[TenLoaiGP], [g0].[ThoiGianSua], [g0].[ThoiGianTao]
      FROM [GP_ThongTin] AS [g]
      LEFT JOIN [GP_Loai] AS [g0] ON [g].[IdLoaiGP] = [g0].[Id]
      WHERE [g].[IdCT] = @__idCT_0 AND [g].[DaXoa] = CAST(0 AS bit)
      ORDER BY [g].[NgayKy] DESC
info: Microsoft.EntityFrameworkCore.Database.Command[20101]
      Executed DbCommand (17ms) [Parameters=[@__idCT_0='346' (Nullable = true)], CommandType='Text', CommandTimeout='30']
      SELECT [g].[Id], [g].[CoQuanCapPhep], [g].[DaBiThuHoi], [g].[DaXoa], [g].[FileDonXinCP], [g].[FileGiayPhep], [g].[FileGiayToLienQuan], [g].[IdCT], [g].[IdCon], [g].[IdLoaiGP], [g].[IdTCCN], [g].[NgayCoHieuLuc], [g].[NgayHetHieuLuc], [g].[NgayKy], [g].[SoGP], [g].[TaiKhoanSua], [g].[TaiKhoanTao], [g].[TenGP], [g].[ThoiGianSua], [g].[ThoiGianTao], [g].[ThoiHan], [g].[TrangThaiCapPhep], [g0].[Id], [g0].[DaXoa], [g0].[GhiChu], [g0].[MaLoaiGP], [g0].[TaiKhoanSua], [g0].[TaiKhoanTao], [g0].[TenLoaiGP], [g0].[ThoiGianSua], [g0].[ThoiGianTao]
      FROM [GP_ThongTin] AS [g]
      LEFT JOIN [GP_Loai] AS [g0] ON [g].[IdLoaiGP] = [g0].[Id]
      WHERE [g].[IdCT] = @__idCT_0 AND [g].[DaXoa] = CAST(0 AS bit)
      ORDER BY [g].[NgayKy] DESC
info: Microsoft.EntityFrameworkCore.Database.Command[20101]
      Executed DbCommand (19ms) [Parameters=[@__idTCCN_0='144' (Nullable = true)], CommandType='Text', CommandTimeout='30']
      SELECT [g].[Id], [g].[CoQuanCapPhep], [g].[DaBiThuHoi], [g].[DaXoa], [g].[FileDonXinCP], [g].[FileGiayPhep], [g].[FileGiayToLienQuan], [g].[IdCT], [g].[IdCon], [g].[IdLoaiGP], [g].[IdTCCN], [g].[NgayCoHieuLuc], [g].[NgayHetHieuLuc], [g].[NgayKy], [g].[SoGP], [g].[TaiKhoanSua], [g].[TaiKhoanTao], [g].[TenGP], [g].[ThoiGianSua], [g].[ThoiGianTao], [g].[ThoiHan], [g].[TrangThaiCapPhep], [g0].[Id], [g0].[DaXoa], [g0].[GhiChu], [g0].[MaLoaiGP], [g0].[TaiKhoanSua], [g0].[TaiKhoanTao], [g0].[TenLoaiGP], [g0].[ThoiGianSua], [g0].[ThoiGianTao], [c].[Id], [c].[CapCT], [c].[ChuThich], [c].[DaXoa], [c].[IdLoaiCT], [c].[IdLuuVuc], [c].[IdSong], [c].[IdTangChuaNuoc], [c].[IdTieuLuuVuc], [c].[KhoiLuongCacHangMucTD], [c].[MaCT], [c].[MucDichHNK], [c].[MucDichKT], [c].[MucDichhTD], [c].[NamBatDauVanHanh], [c].[NguonNuocKT], [c].[PhuongThucKT], [c].[QKTThietKe], [c].[QKTThucTe], [c].[QuyMoHNK], [c].[SoDiemXaThai], [c].[SoLuongGieng], [c].[SoLuongGiengKT], [c].[SoLuongGiengQT], [c].[TaiKhoan], [c].[TaiKhoanSua], [c].[TaiKhoanTao], [c].[TenCT], [c].[ThoiGianHNK], [c].[ThoiGianKT], [c].[ThoiGianSua], [c].[ThoiGianTao], [c].[ThoiGianXD], [c].[ViTriCT], [c].[ViTriXT], [c].[X], [c].[Y], [c0].[Id], [c0].[ChuThich], [c0].[DaXoa], [c0].[IdCha], [c0].[MaLoaiCT], [c0].[TaiKhoanSua], [c0].[TaiKhoanTao], [c0].[TenLoaiCT], [c0].[ThoiGianSua], [c0].[ThoiGianTao]
      FROM [GP_ThongTin] AS [g]
      LEFT JOIN [GP_Loai] AS [g0] ON [g].[IdLoaiGP] = [g0].[Id]
      LEFT JOIN [CT_ThongTin] AS [c] ON [g].[IdCT] = [c].[Id]
      LEFT JOIN [CT_Loai] AS [c0] ON [c].[IdLoaiCT] = [c0].[Id]
      WHERE [g].[IdTCCN] = @__idTCCN_0 AND [g].[DaXoa] = CAST(0 AS bit)
      ORDER BY [g].[NgayKy] DESC
info: Microsoft.EntityFrameworkCore.Database.Command[20101]
      Executed DbCommand (18ms) [Parameters=[@__idCT_0='204' (Nullable = true)], CommandType='Text', CommandTimeout='30']
      SELECT [g].[Id], [g].[CoQuanCapPhep], [g].[DaBiThuHoi], [g].[DaXoa], [g].[FileDonXinCP], [g].[FileGiayPhep], [g].[FileGiayToLienQuan], [g].[IdCT], [g].[IdCon], [g].[IdLoaiGP], [g].[IdTCCN], [g].[NgayCoHieuLuc], [g].[NgayHetHieuLuc], [g].[NgayKy], [g].[SoGP], [g].[TaiKhoanSua], [g].[TaiKhoanTao], [g].[TenGP], [g].[ThoiGianSua], [g].[ThoiGianTao], [g].[ThoiHan], [g].[TrangThaiCapPhep], [g0].[Id], [g0].[DaXoa], [g0].[GhiChu], [g0].[MaLoaiGP], [g0].[TaiKhoanSua], [g0].[TaiKhoanTao], [g0].[TenLoaiGP], [g0].[ThoiGianSua], [g0].[ThoiGianTao]
      FROM [GP_ThongTin] AS [g]
      LEFT JOIN [GP_Loai] AS [g0] ON [g].[IdLoaiGP] = [g0].[Id]
      WHERE [g].[IdCT] = @__idCT_0 AND [g].[DaXoa] = CAST(0 AS bit)
      ORDER BY [g].[NgayKy] DESC
info: Microsoft.EntityFrameworkCore.Database.Command[20101]
      Executed DbCommand (21ms) [Parameters=[@__idCT_0='313' (Nullable = true)], CommandType='Text', CommandTimeout='30']
      SELECT [g].[Id], [g].[CoQuanCapPhep], [g].[DaBiThuHoi], [g].[DaXoa], [g].[FileDonXinCP], [g].[FileGiayPhep], [g].[FileGiayToLienQuan], [g].[IdCT], [g].[IdCon], [g].[IdLoaiGP], [g].[IdTCCN], [g].[NgayCoHieuLuc], [g].[NgayHetHieuLuc], [g].[NgayKy], [g].[SoGP], [g].[TaiKhoanSua], [g].[TaiKhoanTao], [g].[TenGP], [g].[ThoiGianSua], [g].[ThoiGianTao], [g].[ThoiHan], [g].[TrangThaiCapPhep], [g0].[Id], [g0].[DaXoa], [g0].[GhiChu], [g0].[MaLoaiGP], [g0].[TaiKhoanSua], [g0].[TaiKhoanTao], [g0].[TenLoaiGP], [g0].[ThoiGianSua], [g0].[ThoiGianTao]
      FROM [GP_ThongTin] AS [g]
      LEFT JOIN [GP_Loai] AS [g0] ON [g].[IdLoaiGP] = [g0].[Id]
      WHERE [g].[IdCT] = @__idCT_0 AND [g].[DaXoa] = CAST(0 AS bit)
      ORDER BY [g].[NgayKy] DESC
info: Microsoft.EntityFrameworkCore.Database.Command[20101]
      Executed DbCommand (21ms) [Parameters=[@__idCT_0='175' (Nullable = true)], CommandType='Text', CommandTimeout='30']
      SELECT [g].[Id], [g].[CoQuanCapPhep], [g].[DaBiThuHoi], [g].[DaXoa], [g].[FileDonXinCP], [g].[FileGiayPhep], [g].[FileGiayToLienQuan], [g].[IdCT], [g].[IdCon], [g].[IdLoaiGP], [g].[IdTCCN], [g].[NgayCoHieuLuc], [g].[NgayHetHieuLuc], [g].[NgayKy], [g].[SoGP], [g].[TaiKhoanSua], [g].[TaiKhoanTao], [g].[TenGP], [g].[ThoiGianSua], [g].[ThoiGianTao], [g].[ThoiHan], [g].[TrangThaiCapPhep], [g0].[Id], [g0].[DaXoa], [g0].[GhiChu], [g0].[MaLoaiGP], [g0].[TaiKhoanSua], [g0].[TaiKhoanTao], [g0].[TenLoaiGP], [g0].[ThoiGianSua], [g0].[ThoiGianTao]
      FROM [GP_ThongTin] AS [g]
      LEFT JOIN [GP_Loai] AS [g0] ON [g].[IdLoaiGP] = [g0].[Id]
      WHERE [g].[IdCT] = @__idCT_0 AND [g].[DaXoa] = CAST(0 AS bit)
      ORDER BY [g].[NgayKy] DESC
info: Microsoft.EntityFrameworkCore.Database.Command[20101]
      Executed DbCommand (19ms) [Parameters=[@__idTCCN_0='121' (Nullable = true)], CommandType='Text', CommandTimeout='30']
      SELECT [g].[Id], [g].[CoQuanCapPhep], [g].[DaBiThuHoi], [g].[DaXoa], [g].[FileDonXinCP], [g].[FileGiayPhep], [g].[FileGiayToLienQuan], [g].[IdCT], [g].[IdCon], [g].[IdLoaiGP], [g].[IdTCCN], [g].[NgayCoHieuLuc], [g].[NgayHetHieuLuc], [g].[NgayKy], [g].[SoGP], [g].[TaiKhoanSua], [g].[TaiKhoanTao], [g].[TenGP], [g].[ThoiGianSua], [g].[ThoiGianTao], [g].[ThoiHan], [g].[TrangThaiCapPhep], [g0].[Id], [g0].[DaXoa], [g0].[GhiChu], [g0].[MaLoaiGP], [g0].[TaiKhoanSua], [g0].[TaiKhoanTao], [g0].[TenLoaiGP], [g0].[ThoiGianSua], [g0].[ThoiGianTao], [c].[Id], [c].[CapCT], [c].[ChuThich], [c].[DaXoa], [c].[IdLoaiCT], [c].[IdLuuVuc], [c].[IdSong], [c].[IdTangChuaNuoc], [c].[IdTieuLuuVuc], [c].[KhoiLuongCacHangMucTD], [c].[MaCT], [c].[MucDichHNK], [c].[MucDichKT], [c].[MucDichhTD], [c].[NamBatDauVanHanh], [c].[NguonNuocKT], [c].[PhuongThucKT], [c].[QKTThietKe], [c].[QKTThucTe], [c].[QuyMoHNK], [c].[SoDiemXaThai], [c].[SoLuongGieng], [c].[SoLuongGiengKT], [c].[SoLuongGiengQT], [c].[TaiKhoan], [c].[TaiKhoanSua], [c].[TaiKhoanTao], [c].[TenCT], [c].[ThoiGianHNK], [c].[ThoiGianKT], [c].[ThoiGianSua], [c].[ThoiGianTao], [c].[ThoiGianXD], [c].[ViTriCT], [c].[ViTriXT], [c].[X], [c].[Y], [c0].[Id], [c0].[ChuThich], [c0].[DaXoa], [c0].[IdCha], [c0].[MaLoaiCT], [c0].[TaiKhoanSua], [c0].[TaiKhoanTao], [c0].[TenLoaiCT], [c0].[ThoiGianSua], [c0].[ThoiGianTao]
      FROM [GP_ThongTin] AS [g]
      LEFT JOIN [GP_Loai] AS [g0] ON [g].[IdLoaiGP] = [g0].[Id]
      LEFT JOIN [CT_ThongTin] AS [c] ON [g].[IdCT] = [c].[Id]
      LEFT JOIN [CT_Loai] AS [c0] ON [c].[IdLoaiCT] = [c0].[Id]
      WHERE [g].[IdTCCN] = @__idTCCN_0 AND [g].[DaXoa] = CAST(0 AS bit)
      ORDER BY [g].[NgayKy] DESC
info: Microsoft.EntityFrameworkCore.Database.Command[20101]
      Executed DbCommand (21ms) [Parameters=[@__filterDto_loai_ct_0='1' (Nullable = true)], CommandType='Text', CommandTimeout='30']
      SELECT COUNT(*)
      FROM [GP_ThongTin] AS [g]
      LEFT JOIN [CT_ThongTin] AS [c] ON [g].[IdCT] = [c].[Id]
      LEFT JOIN [CT_Loai] AS [c0] ON [c].[IdLoaiCT] = [c0].[Id]
      WHERE [g].[DaXoa] = CAST(0 AS bit) AND [c0].[IdCha] = @__filterDto_loai_ct_0
info: Microsoft.EntityFrameworkCore.Database.Command[20101]
      Executed DbCommand (19ms) [Parameters=[@__filterDto_loai_ct_0='1' (Nullable = true), @__today_1='2026-03-16T00:00:00.0000000+07:00'], CommandType='Text', CommandTimeout='30']
      SELECT COUNT(*)
      FROM [GP_ThongTin] AS [g]
      LEFT JOIN [CT_ThongTin] AS [c] ON [g].[IdCT] = [c].[Id]
      LEFT JOIN [CT_Loai] AS [c0] ON [c].[IdLoaiCT] = [c0].[Id]
      WHERE [g].[DaXoa] = CAST(0 AS bit) AND [c0].[IdCha] = @__filterDto_loai_ct_0 AND CASE
          WHEN [g].[NgayHetHieuLuc] IS NOT NULL THEN CASE
              WHEN [g].[NgayHetHieuLuc] >= @__today_1 AND [g].[DaBiThuHoi] = CAST(0 AS bit) AND ([g].[DaBiThuHoi] IS NOT NULL) THEN CAST(1 AS bit)
              ELSE CAST(0 AS bit)
          END
          ELSE CAST(0 AS bit)
      END = CAST(1 AS bit)
info: Microsoft.EntityFrameworkCore.Database.Command[20101]
      Executed DbCommand (22ms) [Parameters=[@__filterDto_loai_ct_0='1' (Nullable = true), @__today_1='2026-03-16T00:00:00.0000000+07:00', @__AddDays_2='2027-03-16T00:00:00.0000000+07:00'], CommandType='Text', CommandTimeout='30']
      SELECT COUNT(*)
      FROM [GP_ThongTin] AS [g]
      LEFT JOIN [CT_ThongTin] AS [c] ON [g].[IdCT] = [c].[Id]
      LEFT JOIN [CT_Loai] AS [c0] ON [c].[IdLoaiCT] = [c0].[Id]
      WHERE [g].[DaXoa] = CAST(0 AS bit) AND [c0].[IdCha] = @__filterDto_loai_ct_0 AND CASE
          WHEN [g].[NgayHetHieuLuc] IS NOT NULL THEN CASE
              WHEN [g].[NgayHetHieuLuc] >= @__today_1 AND [g].[NgayHetHieuLuc] < @__AddDays_2 AND [g].[DaBiThuHoi] = CAST(0 AS bit) AND ([g].[DaBiThuHoi] IS NOT NULL) THEN CAST(1 AS bit)
              ELSE CAST(0 AS bit)
          END
          ELSE CAST(0 AS bit)
      END = CAST(1 AS bit)
info: Microsoft.EntityFrameworkCore.Database.Command[20101]
      Executed DbCommand (19ms) [Parameters=[@__filterDto_loai_ct_0='1' (Nullable = true), @__today_1='2026-03-16T00:00:00.0000000+07:00'], CommandType='Text', CommandTimeout='30']
      SELECT COUNT(*)
      FROM [GP_ThongTin] AS [g]
      LEFT JOIN [CT_ThongTin] AS [c] ON [g].[IdCT] = [c].[Id]
      LEFT JOIN [CT_Loai] AS [c0] ON [c].[IdLoaiCT] = [c0].[Id]
      WHERE [g].[DaXoa] = CAST(0 AS bit) AND [c0].[IdCha] = @__filterDto_loai_ct_0 AND CASE
          WHEN [g].[NgayHetHieuLuc] IS NOT NULL THEN CASE
              WHEN [g].[NgayHetHieuLuc] < @__today_1 AND [g].[DaBiThuHoi] = CAST(0 AS bit) AND ([g].[DaBiThuHoi] IS NOT NULL) THEN CAST(1 AS bit)
              ELSE CAST(0 AS bit)
          END
          ELSE CAST(0 AS bit)
      END = CAST(1 AS bit)
info: Microsoft.EntityFrameworkCore.Database.Command[20101]
      Executed DbCommand (19ms) [Parameters=[@__filterDto_loai_ct_0='1' (Nullable = true)], CommandType='Text', CommandTimeout='30']
      SELECT COUNT(*)
      FROM [GP_ThongTin] AS [g]
      LEFT JOIN [CT_ThongTin] AS [c] ON [g].[IdCT] = [c].[Id]
      LEFT JOIN [CT_Loai] AS [c0] ON [c].[IdLoaiCT] = [c0].[Id]
      WHERE [g].[DaXoa] = CAST(0 AS bit) AND [c0].[IdCha] = @__filterDto_loai_ct_0 AND [g].[DaBiThuHoi] = CAST(1 AS bit)
info: Microsoft.EntityFrameworkCore.Database.Command[20101]
      Executed DbCommand (19ms) [Parameters=[@__filterDto_loai_ct_0='1' (Nullable = true)], CommandType='Text', CommandTimeout='30']
      SELECT COUNT(*)
      FROM [GP_ThongTin] AS [g]
      LEFT JOIN [CT_ThongTin] AS [c] ON [g].[IdCT] = [c].[Id]
      LEFT JOIN [CT_Loai] AS [c0] ON [c].[IdLoaiCT] = [c0].[Id]
      WHERE [g].[DaXoa] = CAST(0 AS bit) AND [c0].[IdCha] = @__filterDto_loai_ct_0
info: Microsoft.EntityFrameworkCore.Database.Command[20101]
      Executed DbCommand (19ms) [Parameters=[@__filterDto_loai_ct_0='1' (Nullable = true), @__today_1='2026-03-16T00:00:00.0000000+07:00'], CommandType='Text', CommandTimeout='30']
      SELECT COUNT(*)
      FROM [GP_ThongTin] AS [g]
      LEFT JOIN [CT_ThongTin] AS [c] ON [g].[IdCT] = [c].[Id]
      LEFT JOIN [CT_Loai] AS [c0] ON [c].[IdLoaiCT] = [c0].[Id]
      WHERE [g].[DaXoa] = CAST(0 AS bit) AND [c0].[IdCha] = @__filterDto_loai_ct_0 AND CASE
          WHEN [g].[NgayHetHieuLuc] IS NOT NULL THEN CASE
              WHEN [g].[NgayHetHieuLuc] >= @__today_1 AND [g].[DaBiThuHoi] = CAST(0 AS bit) AND ([g].[DaBiThuHoi] IS NOT NULL) THEN CAST(1 AS bit)
              ELSE CAST(0 AS bit)
          END
          ELSE CAST(0 AS bit)
      END = CAST(1 AS bit)
info: Microsoft.EntityFrameworkCore.Database.Command[20101]
      Executed DbCommand (20ms) [Parameters=[@__filterDto_loai_ct_0='1' (Nullable = true), @__today_1='2026-03-16T00:00:00.0000000+07:00', @__AddDays_2='2027-03-16T00:00:00.0000000+07:00'], CommandType='Text', CommandTimeout='30']
      SELECT COUNT(*)
      FROM [GP_ThongTin] AS [g]
      LEFT JOIN [CT_ThongTin] AS [c] ON [g].[IdCT] = [c].[Id]
      LEFT JOIN [CT_Loai] AS [c0] ON [c].[IdLoaiCT] = [c0].[Id]
      WHERE [g].[DaXoa] = CAST(0 AS bit) AND [c0].[IdCha] = @__filterDto_loai_ct_0 AND CASE
          WHEN [g].[NgayHetHieuLuc] IS NOT NULL THEN CASE
              WHEN [g].[NgayHetHieuLuc] >= @__today_1 AND [g].[NgayHetHieuLuc] < @__AddDays_2 AND [g].[DaBiThuHoi] = CAST(0 AS bit) AND ([g].[DaBiThuHoi] IS NOT NULL) THEN CAST(1 AS bit)
              ELSE CAST(0 AS bit)
          END
          ELSE CAST(0 AS bit)
      END = CAST(1 AS bit)
info: Microsoft.EntityFrameworkCore.Database.Command[20101]
      Executed DbCommand (19ms) [Parameters=[@__filterDto_loai_ct_0='1' (Nullable = true), @__today_1='2026-03-16T00:00:00.0000000+07:00'], CommandType='Text', CommandTimeout='30']
      SELECT COUNT(*)
      FROM [GP_ThongTin] AS [g]
      LEFT JOIN [CT_ThongTin] AS [c] ON [g].[IdCT] = [c].[Id]
      LEFT JOIN [CT_Loai] AS [c0] ON [c].[IdLoaiCT] = [c0].[Id]
      WHERE [g].[DaXoa] = CAST(0 AS bit) AND [c0].[IdCha] = @__filterDto_loai_ct_0 AND CASE
          WHEN [g].[NgayHetHieuLuc] IS NOT NULL THEN CASE
              WHEN [g].[NgayHetHieuLuc] < @__today_1 AND [g].[DaBiThuHoi] = CAST(0 AS bit) AND ([g].[DaBiThuHoi] IS NOT NULL) THEN CAST(1 AS bit)
              ELSE CAST(0 AS bit)
          END
          ELSE CAST(0 AS bit)
      END = CAST(1 AS bit)
info: Microsoft.EntityFrameworkCore.Database.Command[20101]
      Executed DbCommand (18ms) [Parameters=[@__filterDto_loai_ct_0='1' (Nullable = true)], CommandType='Text', CommandTimeout='30']
      SELECT COUNT(*)
      FROM [GP_ThongTin] AS [g]
      LEFT JOIN [CT_ThongTin] AS [c] ON [g].[IdCT] = [c].[Id]
      LEFT JOIN [CT_Loai] AS [c0] ON [c].[IdLoaiCT] = [c0].[Id]
      WHERE [g].[DaXoa] = CAST(0 AS bit) AND [c0].[IdCha] = @__filterDto_loai_ct_0 AND [g].[DaBiThuHoi] = CAST(1 AS bit)
info: Microsoft.EntityFrameworkCore.Database.Command[20101]
      Executed DbCommand (23ms) [Parameters=[@__filterDto_loai_ct_0='1' (Nullable = true)], CommandType='Text', CommandTimeout='30']
      SELECT COUNT(*)
      FROM [GP_ThongTin] AS [g]
      LEFT JOIN [CT_ThongTin] AS [c] ON [g].[IdCT] = [c].[Id]
      LEFT JOIN [CT_Loai] AS [c0] ON [c].[IdLoaiCT] = [c0].[Id]
      WHERE [g].[DaXoa] = CAST(0 AS bit) AND [c0].[IdCha] = @__filterDto_loai_ct_0
info: Microsoft.EntityFrameworkCore.Database.Command[20101]
      Executed DbCommand (20ms) [Parameters=[@__filterDto_loai_ct_0='1' (Nullable = true), @__today_1='2026-03-16T00:00:00.0000000+07:00'], CommandType='Text', CommandTimeout='30']
      SELECT COUNT(*)
      FROM [GP_ThongTin] AS [g]
      LEFT JOIN [CT_ThongTin] AS [c] ON [g].[IdCT] = [c].[Id]
      LEFT JOIN [CT_Loai] AS [c0] ON [c].[IdLoaiCT] = [c0].[Id]
      WHERE [g].[DaXoa] = CAST(0 AS bit) AND [c0].[IdCha] = @__filterDto_loai_ct_0 AND CASE
          WHEN [g].[NgayHetHieuLuc] IS NOT NULL THEN CASE
              WHEN [g].[NgayHetHieuLuc] >= @__today_1 AND [g].[DaBiThuHoi] = CAST(0 AS bit) AND ([g].[DaBiThuHoi] IS NOT NULL) THEN CAST(1 AS bit)
              ELSE CAST(0 AS bit)
          END
          ELSE CAST(0 AS bit)
      END = CAST(1 AS bit)
info: Microsoft.EntityFrameworkCore.Database.Command[20101]
      Executed DbCommand (19ms) [Parameters=[@__filterDto_loai_ct_0='1' (Nullable = true), @__today_1='2026-03-16T00:00:00.0000000+07:00', @__AddDays_2='2027-03-16T00:00:00.0000000+07:00'], CommandType='Text', CommandTimeout='30']
      SELECT COUNT(*)
      FROM [GP_ThongTin] AS [g]
      LEFT JOIN [CT_ThongTin] AS [c] ON [g].[IdCT] = [c].[Id]
      LEFT JOIN [CT_Loai] AS [c0] ON [c].[IdLoaiCT] = [c0].[Id]
      WHERE [g].[DaXoa] = CAST(0 AS bit) AND [c0].[IdCha] = @__filterDto_loai_ct_0 AND CASE
          WHEN [g].[NgayHetHieuLuc] IS NOT NULL THEN CASE
              WHEN [g].[NgayHetHieuLuc] >= @__today_1 AND [g].[NgayHetHieuLuc] < @__AddDays_2 AND [g].[DaBiThuHoi] = CAST(0 AS bit) AND ([g].[DaBiThuHoi] IS NOT NULL) THEN CAST(1 AS bit)
              ELSE CAST(0 AS bit)
          END
          ELSE CAST(0 AS bit)
      END = CAST(1 AS bit)
info: Microsoft.EntityFrameworkCore.Database.Command[20101]
      Executed DbCommand (19ms) [Parameters=[@__filterDto_loai_ct_0='1' (Nullable = true), @__today_1='2026-03-16T00:00:00.0000000+07:00'], CommandType='Text', CommandTimeout='30']
      SELECT COUNT(*)
      FROM [GP_ThongTin] AS [g]
      LEFT JOIN [CT_ThongTin] AS [c] ON [g].[IdCT] = [c].[Id]
      LEFT JOIN [CT_Loai] AS [c0] ON [c].[IdLoaiCT] = [c0].[Id]
      WHERE [g].[DaXoa] = CAST(0 AS bit) AND [c0].[IdCha] = @__filterDto_loai_ct_0 AND CASE
          WHEN [g].[NgayHetHieuLuc] IS NOT NULL THEN CASE
              WHEN [g].[NgayHetHieuLuc] < @__today_1 AND [g].[DaBiThuHoi] = CAST(0 AS bit) AND ([g].[DaBiThuHoi] IS NOT NULL) THEN CAST(1 AS bit)
              ELSE CAST(0 AS bit)
          END
          ELSE CAST(0 AS bit)
      END = CAST(1 AS bit)
info: Microsoft.EntityFrameworkCore.Database.Command[20101]
      Executed DbCommand (18ms) [Parameters=[@__filterDto_loai_ct_0='1' (Nullable = true)], CommandType='Text', CommandTimeout='30']
      SELECT COUNT(*)
      FROM [GP_ThongTin] AS [g]
      LEFT JOIN [CT_ThongTin] AS [c] ON [g].[IdCT] = [c].[Id]
      LEFT JOIN [CT_Loai] AS [c0] ON [c].[IdLoaiCT] = [c0].[Id]
      WHERE [g].[DaXoa] = CAST(0 AS bit) AND [c0].[IdCha] = @__filterDto_loai_ct_0 AND [g].[DaBiThuHoi] = CAST(1 AS bit)
info: Microsoft.EntityFrameworkCore.Database.Command[20101]
      Executed DbCommand (22ms) [Parameters=[@__filterDto_loai_ct_0='1' (Nullable = true)], CommandType='Text', CommandTimeout='30']
      SELECT COUNT(*)
      FROM [GP_ThongTin] AS [g]
      LEFT JOIN [CT_ThongTin] AS [c] ON [g].[IdCT] = [c].[Id]
      LEFT JOIN [CT_Loai] AS [c0] ON [c].[IdLoaiCT] = [c0].[Id]
      WHERE [g].[DaXoa] = CAST(0 AS bit) AND [c0].[IdCha] = @__filterDto_loai_ct_0
info: Microsoft.EntityFrameworkCore.Database.Command[20101]
      Executed DbCommand (19ms) [Parameters=[@__filterDto_loai_ct_0='1' (Nullable = true), @__today_1='2026-03-16T00:00:00.0000000+07:00'], CommandType='Text', CommandTimeout='30']
      SELECT COUNT(*)
      FROM [GP_ThongTin] AS [g]
      LEFT JOIN [CT_ThongTin] AS [c] ON [g].[IdCT] = [c].[Id]
      LEFT JOIN [CT_Loai] AS [c0] ON [c].[IdLoaiCT] = [c0].[Id]
      WHERE [g].[DaXoa] = CAST(0 AS bit) AND [c0].[IdCha] = @__filterDto_loai_ct_0 AND CASE
          WHEN [g].[NgayHetHieuLuc] IS NOT NULL THEN CASE
              WHEN [g].[NgayHetHieuLuc] >= @__today_1 AND [g].[DaBiThuHoi] = CAST(0 AS bit) AND ([g].[DaBiThuHoi] IS NOT NULL) THEN CAST(1 AS bit)
              ELSE CAST(0 AS bit)
          END
          ELSE CAST(0 AS bit)
      END = CAST(1 AS bit)
info: Microsoft.EntityFrameworkCore.Database.Command[20101]
      Executed DbCommand (19ms) [Parameters=[@__filterDto_loai_ct_0='1' (Nullable = true), @__today_1='2026-03-16T00:00:00.0000000+07:00', @__AddDays_2='2027-03-16T00:00:00.0000000+07:00'], CommandType='Text', CommandTimeout='30']
      SELECT COUNT(*)
      FROM [GP_ThongTin] AS [g]
      LEFT JOIN [CT_ThongTin] AS [c] ON [g].[IdCT] = [c].[Id]
      LEFT JOIN [CT_Loai] AS [c0] ON [c].[IdLoaiCT] = [c0].[Id]
      WHERE [g].[DaXoa] = CAST(0 AS bit) AND [c0].[IdCha] = @__filterDto_loai_ct_0 AND CASE
          WHEN [g].[NgayHetHieuLuc] IS NOT NULL THEN CASE
              WHEN [g].[NgayHetHieuLuc] >= @__today_1 AND [g].[NgayHetHieuLuc] < @__AddDays_2 AND [g].[DaBiThuHoi] = CAST(0 AS bit) AND ([g].[DaBiThuHoi] IS NOT NULL) THEN CAST(1 AS bit)
              ELSE CAST(0 AS bit)
          END
          ELSE CAST(0 AS bit)
      END = CAST(1 AS bit)
info: Microsoft.EntityFrameworkCore.Database.Command[20101]
      Executed DbCommand (22ms) [Parameters=[@__filterDto_loai_ct_0='1' (Nullable = true), @__today_1='2026-03-16T00:00:00.0000000+07:00'], CommandType='Text', CommandTimeout='30']
      SELECT COUNT(*)
      FROM [GP_ThongTin] AS [g]
      LEFT JOIN [CT_ThongTin] AS [c] ON [g].[IdCT] = [c].[Id]
      LEFT JOIN [CT_Loai] AS [c0] ON [c].[IdLoaiCT] = [c0].[Id]
      WHERE [g].[DaXoa] = CAST(0 AS bit) AND [c0].[IdCha] = @__filterDto_loai_ct_0 AND CASE
          WHEN [g].[NgayHetHieuLuc] IS NOT NULL THEN CASE
              WHEN [g].[NgayHetHieuLuc] < @__today_1 AND [g].[DaBiThuHoi] = CAST(0 AS bit) AND ([g].[DaBiThuHoi] IS NOT NULL) THEN CAST(1 AS bit)
              ELSE CAST(0 AS bit)
          END
          ELSE CAST(0 AS bit)
      END = CAST(1 AS bit)
info: Microsoft.EntityFrameworkCore.Database.Command[20101]
      Executed DbCommand (18ms) [Parameters=[@__filterDto_loai_ct_0='1' (Nullable = true)], CommandType='Text', CommandTimeout='30']
      SELECT COUNT(*)
      FROM [GP_ThongTin] AS [g]
      LEFT JOIN [CT_ThongTin] AS [c] ON [g].[IdCT] = [c].[Id]
      LEFT JOIN [CT_Loai] AS [c0] ON [c].[IdLoaiCT] = [c0].[Id]
      WHERE [g].[DaXoa] = CAST(0 AS bit) AND [c0].[IdCha] = @__filterDto_loai_ct_0 AND [g].[DaBiThuHoi] = CAST(1 AS bit)
info: Microsoft.EntityFrameworkCore.Database.Command[20101]
      Executed DbCommand (24ms) [Parameters=[@__filterDto_loai_ct_0='1' (Nullable = true)], CommandType='Text', CommandTimeout='30']
      SELECT COUNT(*)
      FROM [GP_ThongTin] AS [g]
      LEFT JOIN [CT_ThongTin] AS [c] ON [g].[IdCT] = [c].[Id]
      LEFT JOIN [CT_Loai] AS [c0] ON [c].[IdLoaiCT] = [c0].[Id]
      WHERE [g].[DaXoa] = CAST(0 AS bit) AND [c0].[IdCha] = @__filterDto_loai_ct_0
info: Microsoft.EntityFrameworkCore.Database.Command[20101]
      Executed DbCommand (19ms) [Parameters=[@__filterDto_loai_ct_0='1' (Nullable = true), @__today_1='2026-03-16T00:00:00.0000000+07:00'], CommandType='Text', CommandTimeout='30']
      SELECT COUNT(*)
      FROM [GP_ThongTin] AS [g]
      LEFT JOIN [CT_ThongTin] AS [c] ON [g].[IdCT] = [c].[Id]
      LEFT JOIN [CT_Loai] AS [c0] ON [c].[IdLoaiCT] = [c0].[Id]
      WHERE [g].[DaXoa] = CAST(0 AS bit) AND [c0].[IdCha] = @__filterDto_loai_ct_0 AND CASE
          WHEN [g].[NgayHetHieuLuc] IS NOT NULL THEN CASE
              WHEN [g].[NgayHetHieuLuc] >= @__today_1 AND [g].[DaBiThuHoi] = CAST(0 AS bit) AND ([g].[DaBiThuHoi] IS NOT NULL) THEN CAST(1 AS bit)
              ELSE CAST(0 AS bit)
          END
          ELSE CAST(0 AS bit)
      END = CAST(1 AS bit)
info: Microsoft.EntityFrameworkCore.Database.Command[20101]
      Executed DbCommand (22ms) [Parameters=[@__filterDto_loai_ct_0='1' (Nullable = true), @__today_1='2026-03-16T00:00:00.0000000+07:00', @__AddDays_2='2027-03-16T00:00:00.0000000+07:00'], CommandType='Text', CommandTimeout='30']
      SELECT COUNT(*)
      FROM [GP_ThongTin] AS [g]
      LEFT JOIN [CT_ThongTin] AS [c] ON [g].[IdCT] = [c].[Id]
      LEFT JOIN [CT_Loai] AS [c0] ON [c].[IdLoaiCT] = [c0].[Id]
      WHERE [g].[DaXoa] = CAST(0 AS bit) AND [c0].[IdCha] = @__filterDto_loai_ct_0 AND CASE
          WHEN [g].[NgayHetHieuLuc] IS NOT NULL THEN CASE
              WHEN [g].[NgayHetHieuLuc] >= @__today_1 AND [g].[NgayHetHieuLuc] < @__AddDays_2 AND [g].[DaBiThuHoi] = CAST(0 AS bit) AND ([g].[DaBiThuHoi] IS NOT NULL) THEN CAST(1 AS bit)
              ELSE CAST(0 AS bit)
          END
          ELSE CAST(0 AS bit)
      END = CAST(1 AS bit)
info: Microsoft.EntityFrameworkCore.Database.Command[20101]
      Executed DbCommand (21ms) [Parameters=[@__filterDto_loai_ct_0='1' (Nullable = true), @__today_1='2026-03-16T00:00:00.0000000+07:00'], CommandType='Text', CommandTimeout='30']
      SELECT COUNT(*)
      FROM [GP_ThongTin] AS [g]
      LEFT JOIN [CT_ThongTin] AS [c] ON [g].[IdCT] = [c].[Id]
      LEFT JOIN [CT_Loai] AS [c0] ON [c].[IdLoaiCT] = [c0].[Id]
      WHERE [g].[DaXoa] = CAST(0 AS bit) AND [c0].[IdCha] = @__filterDto_loai_ct_0 AND CASE
          WHEN [g].[NgayHetHieuLuc] IS NOT NULL THEN CASE
              WHEN [g].[NgayHetHieuLuc] < @__today_1 AND [g].[DaBiThuHoi] = CAST(0 AS bit) AND ([g].[DaBiThuHoi] IS NOT NULL) THEN CAST(1 AS bit)
              ELSE CAST(0 AS bit)
          END
          ELSE CAST(0 AS bit)
      END = CAST(1 AS bit)
info: Microsoft.EntityFrameworkCore.Database.Command[20101]
      Executed DbCommand (20ms) [Parameters=[@__filterDto_loai_ct_0='1' (Nullable = true)], CommandType='Text', CommandTimeout='30']
      SELECT COUNT(*)
      FROM [GP_ThongTin] AS [g]
      LEFT JOIN [CT_ThongTin] AS [c] ON [g].[IdCT] = [c].[Id]
      LEFT JOIN [CT_Loai] AS [c0] ON [c].[IdLoaiCT] = [c0].[Id]
      WHERE [g].[DaXoa] = CAST(0 AS bit) AND [c0].[IdCha] = @__filterDto_loai_ct_0 AND [g].[DaBiThuHoi] = CAST(1 AS bit)
info: Microsoft.EntityFrameworkCore.Database.Command[20101]
      Executed DbCommand (20ms) [Parameters=[@__filterDto_loai_ct_0='1' (Nullable = true)], CommandType='Text', CommandTimeout='30']
      SELECT COUNT(*)
      FROM [GP_ThongTin] AS [g]
      LEFT JOIN [CT_ThongTin] AS [c] ON [g].[IdCT] = [c].[Id]
      LEFT JOIN [CT_Loai] AS [c0] ON [c].[IdLoaiCT] = [c0].[Id]
      WHERE [g].[DaXoa] = CAST(0 AS bit) AND [c0].[IdCha] = @__filterDto_loai_ct_0
info: Microsoft.EntityFrameworkCore.Database.Command[20101]
      Executed DbCommand (19ms) [Parameters=[@__filterDto_loai_ct_0='1' (Nullable = true), @__today_1='2026-03-16T00:00:00.0000000+07:00'], CommandType='Text', CommandTimeout='30']
      SELECT COUNT(*)
      FROM [GP_ThongTin] AS [g]
      LEFT JOIN [CT_ThongTin] AS [c] ON [g].[IdCT] = [c].[Id]
      LEFT JOIN [CT_Loai] AS [c0] ON [c].[IdLoaiCT] = [c0].[Id]
      WHERE [g].[DaXoa] = CAST(0 AS bit) AND [c0].[IdCha] = @__filterDto_loai_ct_0 AND CASE
          WHEN [g].[NgayHetHieuLuc] IS NOT NULL THEN CASE
              WHEN [g].[NgayHetHieuLuc] >= @__today_1 AND [g].[DaBiThuHoi] = CAST(0 AS bit) AND ([g].[DaBiThuHoi] IS NOT NULL) THEN CAST(1 AS bit)
              ELSE CAST(0 AS bit)
          END
          ELSE CAST(0 AS bit)
      END = CAST(1 AS bit)
info: Microsoft.EntityFrameworkCore.Database.Command[20101]
      Executed DbCommand (19ms) [Parameters=[@__filterDto_loai_ct_0='1' (Nullable = true), @__today_1='2026-03-16T00:00:00.0000000+07:00', @__AddDays_2='2027-03-16T00:00:00.0000000+07:00'], CommandType='Text', CommandTimeout='30']
      SELECT COUNT(*)
      FROM [GP_ThongTin] AS [g]
      LEFT JOIN [CT_ThongTin] AS [c] ON [g].[IdCT] = [c].[Id]
      LEFT JOIN [CT_Loai] AS [c0] ON [c].[IdLoaiCT] = [c0].[Id]
      WHERE [g].[DaXoa] = CAST(0 AS bit) AND [c0].[IdCha] = @__filterDto_loai_ct_0 AND CASE
          WHEN [g].[NgayHetHieuLuc] IS NOT NULL THEN CASE
              WHEN [g].[NgayHetHieuLuc] >= @__today_1 AND [g].[NgayHetHieuLuc] < @__AddDays_2 AND [g].[DaBiThuHoi] = CAST(0 AS bit) AND ([g].[DaBiThuHoi] IS NOT NULL) THEN CAST(1 AS bit)
              ELSE CAST(0 AS bit)
          END
          ELSE CAST(0 AS bit)
      END = CAST(1 AS bit)
info: Microsoft.EntityFrameworkCore.Database.Command[20101]
      Executed DbCommand (19ms) [Parameters=[@__filterDto_loai_ct_0='1' (Nullable = true), @__today_1='2026-03-16T00:00:00.0000000+07:00'], CommandType='Text', CommandTimeout='30']
      SELECT COUNT(*)
      FROM [GP_ThongTin] AS [g]
      LEFT JOIN [CT_ThongTin] AS [c] ON [g].[IdCT] = [c].[Id]
      LEFT JOIN [CT_Loai] AS [c0] ON [c].[IdLoaiCT] = [c0].[Id]
      WHERE [g].[DaXoa] = CAST(0 AS bit) AND [c0].[IdCha] = @__filterDto_loai_ct_0 AND CASE
          WHEN [g].[NgayHetHieuLuc] IS NOT NULL THEN CASE
              WHEN [g].[NgayHetHieuLuc] < @__today_1 AND [g].[DaBiThuHoi] = CAST(0 AS bit) AND ([g].[DaBiThuHoi] IS NOT NULL) THEN CAST(1 AS bit)
              ELSE CAST(0 AS bit)
          END
          ELSE CAST(0 AS bit)
      END = CAST(1 AS bit)
info: Microsoft.EntityFrameworkCore.Database.Command[20101]
      Executed DbCommand (18ms) [Parameters=[@__filterDto_loai_ct_0='1' (Nullable = true)], CommandType='Text', CommandTimeout='30']
      SELECT COUNT(*)
      FROM [GP_ThongTin] AS [g]
      LEFT JOIN [CT_ThongTin] AS [c] ON [g].[IdCT] = [c].[Id]
      LEFT JOIN [CT_Loai] AS [c0] ON [c].[IdLoaiCT] = [c0].[Id]
      WHERE [g].[DaXoa] = CAST(0 AS bit) AND [c0].[IdCha] = @__filterDto_loai_ct_0 AND [g].[DaBiThuHoi] = CAST(1 AS bit)
info: Microsoft.EntityFrameworkCore.Database.Command[20101]
      Executed DbCommand (23ms) [Parameters=[@__filterDto_loai_ct_0='1' (Nullable = true)], CommandType='Text', CommandTimeout='30']
      SELECT COUNT(*)
      FROM [GP_ThongTin] AS [g]
      LEFT JOIN [CT_ThongTin] AS [c] ON [g].[IdCT] = [c].[Id]
      LEFT JOIN [CT_Loai] AS [c0] ON [c].[IdLoaiCT] = [c0].[Id]
      WHERE [g].[DaXoa] = CAST(0 AS bit) AND [c0].[IdCha] = @__filterDto_loai_ct_0
info: Microsoft.EntityFrameworkCore.Database.Command[20101]
      Executed DbCommand (20ms) [Parameters=[@__filterDto_loai_ct_0='1' (Nullable = true), @__today_1='2026-03-16T00:00:00.0000000+07:00'], CommandType='Text', CommandTimeout='30']
      SELECT COUNT(*)
      FROM [GP_ThongTin] AS [g]
      LEFT JOIN [CT_ThongTin] AS [c] ON [g].[IdCT] = [c].[Id]
      LEFT JOIN [CT_Loai] AS [c0] ON [c].[IdLoaiCT] = [c0].[Id]
      WHERE [g].[DaXoa] = CAST(0 AS bit) AND [c0].[IdCha] = @__filterDto_loai_ct_0 AND CASE
          WHEN [g].[NgayHetHieuLuc] IS NOT NULL THEN CASE
              WHEN [g].[NgayHetHieuLuc] >= @__today_1 AND [g].[DaBiThuHoi] = CAST(0 AS bit) AND ([g].[DaBiThuHoi] IS NOT NULL) THEN CAST(1 AS bit)
              ELSE CAST(0 AS bit)
          END
          ELSE CAST(0 AS bit)
      END = CAST(1 AS bit)
info: Microsoft.EntityFrameworkCore.Database.Command[20101]
      Executed DbCommand (20ms) [Parameters=[@__filterDto_loai_ct_0='1' (Nullable = true), @__today_1='2026-03-16T00:00:00.0000000+07:00', @__AddDays_2='2027-03-16T00:00:00.0000000+07:00'], CommandType='Text', CommandTimeout='30']
      SELECT COUNT(*)
      FROM [GP_ThongTin] AS [g]
      LEFT JOIN [CT_ThongTin] AS [c] ON [g].[IdCT] = [c].[Id]
      LEFT JOIN [CT_Loai] AS [c0] ON [c].[IdLoaiCT] = [c0].[Id]
      WHERE [g].[DaXoa] = CAST(0 AS bit) AND [c0].[IdCha] = @__filterDto_loai_ct_0 AND CASE
          WHEN [g].[NgayHetHieuLuc] IS NOT NULL THEN CASE
              WHEN [g].[NgayHetHieuLuc] >= @__today_1 AND [g].[NgayHetHieuLuc] < @__AddDays_2 AND [g].[DaBiThuHoi] = CAST(0 AS bit) AND ([g].[DaBiThuHoi] IS NOT NULL) THEN CAST(1 AS bit)
              ELSE CAST(0 AS bit)
          END
          ELSE CAST(0 AS bit)
      END = CAST(1 AS bit)
info: Microsoft.EntityFrameworkCore.Database.Command[20101]
      Executed DbCommand (22ms) [Parameters=[@__filterDto_loai_ct_0='1' (Nullable = true), @__today_1='2026-03-16T00:00:00.0000000+07:00'], CommandType='Text', CommandTimeout='30']
      SELECT COUNT(*)
      FROM [GP_ThongTin] AS [g]
      LEFT JOIN [CT_ThongTin] AS [c] ON [g].[IdCT] = [c].[Id]
      LEFT JOIN [CT_Loai] AS [c0] ON [c].[IdLoaiCT] = [c0].[Id]
      WHERE [g].[DaXoa] = CAST(0 AS bit) AND [c0].[IdCha] = @__filterDto_loai_ct_0 AND CASE
          WHEN [g].[NgayHetHieuLuc] IS NOT NULL THEN CASE
              WHEN [g].[NgayHetHieuLuc] < @__today_1 AND [g].[DaBiThuHoi] = CAST(0 AS bit) AND ([g].[DaBiThuHoi] IS NOT NULL) THEN CAST(1 AS bit)
              ELSE CAST(0 AS bit)
          END
          ELSE CAST(0 AS bit)
      END = CAST(1 AS bit)
info: Microsoft.EntityFrameworkCore.Database.Command[20101]
      Executed DbCommand (18ms) [Parameters=[@__filterDto_loai_ct_0='1' (Nullable = true)], CommandType='Text', CommandTimeout='30']
      SELECT COUNT(*)
      FROM [GP_ThongTin] AS [g]
      LEFT JOIN [CT_ThongTin] AS [c] ON [g].[IdCT] = [c].[Id]
      LEFT JOIN [CT_Loai] AS [c0] ON [c].[IdLoaiCT] = [c0].[Id]
      WHERE [g].[DaXoa] = CAST(0 AS bit) AND [c0].[IdCha] = @__filterDto_loai_ct_0 AND [g].[DaBiThuHoi] = CAST(1 AS bit)
info: Microsoft.EntityFrameworkCore.Database.Command[20101]
      Executed DbCommand (27ms) [Parameters=[@__filterDto_loai_ct_0='1' (Nullable = true)], CommandType='Text', CommandTimeout='30']
      SELECT COUNT(*)
      FROM [GP_ThongTin] AS [g]
      LEFT JOIN [CT_ThongTin] AS [c] ON [g].[IdCT] = [c].[Id]
      LEFT JOIN [CT_Loai] AS [c0] ON [c].[IdLoaiCT] = [c0].[Id]
      WHERE [g].[DaXoa] = CAST(0 AS bit) AND [c0].[IdCha] = @__filterDto_loai_ct_0
info: Microsoft.EntityFrameworkCore.Database.Command[20101]
      Executed DbCommand (18ms) [Parameters=[@__filterDto_loai_ct_0='1' (Nullable = true), @__today_1='2026-03-16T00:00:00.0000000+07:00'], CommandType='Text', CommandTimeout='30']
      SELECT COUNT(*)
      FROM [GP_ThongTin] AS [g]
      LEFT JOIN [CT_ThongTin] AS [c] ON [g].[IdCT] = [c].[Id]
      LEFT JOIN [CT_Loai] AS [c0] ON [c].[IdLoaiCT] = [c0].[Id]
      WHERE [g].[DaXoa] = CAST(0 AS bit) AND [c0].[IdCha] = @__filterDto_loai_ct_0 AND CASE
          WHEN [g].[NgayHetHieuLuc] IS NOT NULL THEN CASE
              WHEN [g].[NgayHetHieuLuc] >= @__today_1 AND [g].[DaBiThuHoi] = CAST(0 AS bit) AND ([g].[DaBiThuHoi] IS NOT NULL) THEN CAST(1 AS bit)
              ELSE CAST(0 AS bit)
          END
          ELSE CAST(0 AS bit)
      END = CAST(1 AS bit)
info: Microsoft.EntityFrameworkCore.Database.Command[20101]
      Executed DbCommand (17ms) [Parameters=[@__filterDto_loai_ct_0='1' (Nullable = true), @__today_1='2026-03-16T00:00:00.0000000+07:00', @__AddDays_2='2027-03-16T00:00:00.0000000+07:00'], CommandType='Text', CommandTimeout='30']
      SELECT COUNT(*)
      FROM [GP_ThongTin] AS [g]
      LEFT JOIN [CT_ThongTin] AS [c] ON [g].[IdCT] = [c].[Id]
      LEFT JOIN [CT_Loai] AS [c0] ON [c].[IdLoaiCT] = [c0].[Id]
      WHERE [g].[DaXoa] = CAST(0 AS bit) AND [c0].[IdCha] = @__filterDto_loai_ct_0 AND CASE
          WHEN [g].[NgayHetHieuLuc] IS NOT NULL THEN CASE
              WHEN [g].[NgayHetHieuLuc] >= @__today_1 AND [g].[NgayHetHieuLuc] < @__AddDays_2 AND [g].[DaBiThuHoi] = CAST(0 AS bit) AND ([g].[DaBiThuHoi] IS NOT NULL) THEN CAST(1 AS bit)
              ELSE CAST(0 AS bit)
          END
          ELSE CAST(0 AS bit)
      END = CAST(1 AS bit)
info: Microsoft.EntityFrameworkCore.Database.Command[20101]
      Executed DbCommand (17ms) [Parameters=[@__filterDto_loai_ct_0='1' (Nullable = true), @__today_1='2026-03-16T00:00:00.0000000+07:00'], CommandType='Text', CommandTimeout='30']
      SELECT COUNT(*)
      FROM [GP_ThongTin] AS [g]
      LEFT JOIN [CT_ThongTin] AS [c] ON [g].[IdCT] = [c].[Id]
      LEFT JOIN [CT_Loai] AS [c0] ON [c].[IdLoaiCT] = [c0].[Id]
      WHERE [g].[DaXoa] = CAST(0 AS bit) AND [c0].[IdCha] = @__filterDto_loai_ct_0 AND CASE
          WHEN [g].[NgayHetHieuLuc] IS NOT NULL THEN CASE
              WHEN [g].[NgayHetHieuLuc] < @__today_1 AND [g].[DaBiThuHoi] = CAST(0 AS bit) AND ([g].[DaBiThuHoi] IS NOT NULL) THEN CAST(1 AS bit)
              ELSE CAST(0 AS bit)
          END
          ELSE CAST(0 AS bit)
      END = CAST(1 AS bit)
info: Microsoft.EntityFrameworkCore.Database.Command[20101]
      Executed DbCommand (16ms) [Parameters=[@__filterDto_loai_ct_0='1' (Nullable = true)], CommandType='Text', CommandTimeout='30']
      SELECT COUNT(*)
      FROM [GP_ThongTin] AS [g]
      LEFT JOIN [CT_ThongTin] AS [c] ON [g].[IdCT] = [c].[Id]
      LEFT JOIN [CT_Loai] AS [c0] ON [c].[IdLoaiCT] = [c0].[Id]
      WHERE [g].[DaXoa] = CAST(0 AS bit) AND [c0].[IdCha] = @__filterDto_loai_ct_0 AND [g].[DaBiThuHoi] = CAST(1 AS bit)
info: Microsoft.EntityFrameworkCore.Database.Command[20101]
      Executed DbCommand (17ms) [Parameters=[@__filterDto_loai_ct_0='1' (Nullable = true)], CommandType='Text', CommandTimeout='30']
      SELECT COUNT(*)
      FROM [GP_ThongTin] AS [g]
      LEFT JOIN [CT_ThongTin] AS [c] ON [g].[IdCT] = [c].[Id]
      LEFT JOIN [CT_Loai] AS [c0] ON [c].[IdLoaiCT] = [c0].[Id]
      WHERE [g].[DaXoa] = CAST(0 AS bit) AND [c0].[IdCha] = @__filterDto_loai_ct_0
info: Microsoft.EntityFrameworkCore.Database.Command[20101]
      Executed DbCommand (16ms) [Parameters=[@__filterDto_loai_ct_0='1' (Nullable = true), @__today_1='2026-03-16T00:00:00.0000000+07:00'], CommandType='Text', CommandTimeout='30']
      SELECT COUNT(*)
      FROM [GP_ThongTin] AS [g]
      LEFT JOIN [CT_ThongTin] AS [c] ON [g].[IdCT] = [c].[Id]
      LEFT JOIN [CT_Loai] AS [c0] ON [c].[IdLoaiCT] = [c0].[Id]
      WHERE [g].[DaXoa] = CAST(0 AS bit) AND [c0].[IdCha] = @__filterDto_loai_ct_0 AND CASE
          WHEN [g].[NgayHetHieuLuc] IS NOT NULL THEN CASE
              WHEN [g].[NgayHetHieuLuc] >= @__today_1 AND [g].[DaBiThuHoi] = CAST(0 AS bit) AND ([g].[DaBiThuHoi] IS NOT NULL) THEN CAST(1 AS bit)
              ELSE CAST(0 AS bit)
          END
          ELSE CAST(0 AS bit)
      END = CAST(1 AS bit)
info: Microsoft.EntityFrameworkCore.Database.Command[20101]
      Executed DbCommand (16ms) [Parameters=[@__filterDto_loai_ct_0='1' (Nullable = true), @__today_1='2026-03-16T00:00:00.0000000+07:00', @__AddDays_2='2027-03-16T00:00:00.0000000+07:00'], CommandType='Text', CommandTimeout='30']
      SELECT COUNT(*)
      FROM [GP_ThongTin] AS [g]
      LEFT JOIN [CT_ThongTin] AS [c] ON [g].[IdCT] = [c].[Id]
      LEFT JOIN [CT_Loai] AS [c0] ON [c].[IdLoaiCT] = [c0].[Id]
      WHERE [g].[DaXoa] = CAST(0 AS bit) AND [c0].[IdCha] = @__filterDto_loai_ct_0 AND CASE
          WHEN [g].[NgayHetHieuLuc] IS NOT NULL THEN CASE
              WHEN [g].[NgayHetHieuLuc] >= @__today_1 AND [g].[NgayHetHieuLuc] < @__AddDays_2 AND [g].[DaBiThuHoi] = CAST(0 AS bit) AND ([g].[DaBiThuHoi] IS NOT NULL) THEN CAST(1 AS bit)
              ELSE CAST(0 AS bit)
          END
          ELSE CAST(0 AS bit)
      END = CAST(1 AS bit)
info: Microsoft.EntityFrameworkCore.Database.Command[20101]
      Executed DbCommand (18ms) [Parameters=[@__filterDto_loai_ct_0='1' (Nullable = true), @__today_1='2026-03-16T00:00:00.0000000+07:00'], CommandType='Text', CommandTimeout='30']
      SELECT COUNT(*)
      FROM [GP_ThongTin] AS [g]
      LEFT JOIN [CT_ThongTin] AS [c] ON [g].[IdCT] = [c].[Id]
      LEFT JOIN [CT_Loai] AS [c0] ON [c].[IdLoaiCT] = [c0].[Id]
      WHERE [g].[DaXoa] = CAST(0 AS bit) AND [c0].[IdCha] = @__filterDto_loai_ct_0 AND CASE
          WHEN [g].[NgayHetHieuLuc] IS NOT NULL THEN CASE
              WHEN [g].[NgayHetHieuLuc] < @__today_1 AND [g].[DaBiThuHoi] = CAST(0 AS bit) AND ([g].[DaBiThuHoi] IS NOT NULL) THEN CAST(1 AS bit)
              ELSE CAST(0 AS bit)
          END
          ELSE CAST(0 AS bit)
      END = CAST(1 AS bit)
info: Microsoft.EntityFrameworkCore.Database.Command[20101]
      Executed DbCommand (16ms) [Parameters=[@__filterDto_loai_ct_0='1' (Nullable = true)], CommandType='Text', CommandTimeout='30']
      SELECT COUNT(*)
      FROM [GP_ThongTin] AS [g]
      LEFT JOIN [CT_ThongTin] AS [c] ON [g].[IdCT] = [c].[Id]
      LEFT JOIN [CT_Loai] AS [c0] ON [c].[IdLoaiCT] = [c0].[Id]
      WHERE [g].[DaXoa] = CAST(0 AS bit) AND [c0].[IdCha] = @__filterDto_loai_ct_0 AND [g].[DaBiThuHoi] = CAST(1 AS bit)
info: Microsoft.EntityFrameworkCore.Database.Command[20101]
      Executed DbCommand (18ms) [Parameters=[@__filterDto_loai_ct_0='1' (Nullable = true)], CommandType='Text', CommandTimeout='30']
      SELECT COUNT(*)
      FROM [GP_ThongTin] AS [g]
      LEFT JOIN [CT_ThongTin] AS [c] ON [g].[IdCT] = [c].[Id]
      LEFT JOIN [CT_Loai] AS [c0] ON [c].[IdLoaiCT] = [c0].[Id]
      WHERE [g].[DaXoa] = CAST(0 AS bit) AND [c0].[IdCha] = @__filterDto_loai_ct_0
info: Microsoft.EntityFrameworkCore.Database.Command[20101]
      Executed DbCommand (19ms) [Parameters=[@__filterDto_loai_ct_0='1' (Nullable = true), @__today_1='2026-03-16T00:00:00.0000000+07:00'], CommandType='Text', CommandTimeout='30']
      SELECT COUNT(*)
      FROM [GP_ThongTin] AS [g]
      LEFT JOIN [CT_ThongTin] AS [c] ON [g].[IdCT] = [c].[Id]
      LEFT JOIN [CT_Loai] AS [c0] ON [c].[IdLoaiCT] = [c0].[Id]
      WHERE [g].[DaXoa] = CAST(0 AS bit) AND [c0].[IdCha] = @__filterDto_loai_ct_0 AND CASE
          WHEN [g].[NgayHetHieuLuc] IS NOT NULL THEN CASE
              WHEN [g].[NgayHetHieuLuc] >= @__today_1 AND [g].[DaBiThuHoi] = CAST(0 AS bit) AND ([g].[DaBiThuHoi] IS NOT NULL) THEN CAST(1 AS bit)
              ELSE CAST(0 AS bit)
          END
          ELSE CAST(0 AS bit)
      END = CAST(1 AS bit)
info: Microsoft.EntityFrameworkCore.Database.Command[20101]
      Executed DbCommand (16ms) [Parameters=[@__filterDto_loai_ct_0='1' (Nullable = true), @__today_1='2026-03-16T00:00:00.0000000+07:00', @__AddDays_2='2027-03-16T00:00:00.0000000+07:00'], CommandType='Text', CommandTimeout='30']
      SELECT COUNT(*)
      FROM [GP_ThongTin] AS [g]
      LEFT JOIN [CT_ThongTin] AS [c] ON [g].[IdCT] = [c].[Id]
      LEFT JOIN [CT_Loai] AS [c0] ON [c].[IdLoaiCT] = [c0].[Id]
      WHERE [g].[DaXoa] = CAST(0 AS bit) AND [c0].[IdCha] = @__filterDto_loai_ct_0 AND CASE
          WHEN [g].[NgayHetHieuLuc] IS NOT NULL THEN CASE
              WHEN [g].[NgayHetHieuLuc] >= @__today_1 AND [g].[NgayHetHieuLuc] < @__AddDays_2 AND [g].[DaBiThuHoi] = CAST(0 AS bit) AND ([g].[DaBiThuHoi] IS NOT NULL) THEN CAST(1 AS bit)
              ELSE CAST(0 AS bit)
          END
          ELSE CAST(0 AS bit)
      END = CAST(1 AS bit)
info: Microsoft.EntityFrameworkCore.Database.Command[20101]
      Executed DbCommand (19ms) [Parameters=[@__filterDto_loai_ct_0='1' (Nullable = true), @__today_1='2026-03-16T00:00:00.0000000+07:00'], CommandType='Text', CommandTimeout='30']
      SELECT COUNT(*)
      FROM [GP_ThongTin] AS [g]
      LEFT JOIN [CT_ThongTin] AS [c] ON [g].[IdCT] = [c].[Id]
      LEFT JOIN [CT_Loai] AS [c0] ON [c].[IdLoaiCT] = [c0].[Id]
      WHERE [g].[DaXoa] = CAST(0 AS bit) AND [c0].[IdCha] = @__filterDto_loai_ct_0 AND CASE
          WHEN [g].[NgayHetHieuLuc] IS NOT NULL THEN CASE
              WHEN [g].[NgayHetHieuLuc] < @__today_1 AND [g].[DaBiThuHoi] = CAST(0 AS bit) AND ([g].[DaBiThuHoi] IS NOT NULL) THEN CAST(1 AS bit)
              ELSE CAST(0 AS bit)
          END
          ELSE CAST(0 AS bit)
      END = CAST(1 AS bit)
info: Microsoft.EntityFrameworkCore.Database.Command[20101]
      Executed DbCommand (17ms) [Parameters=[@__filterDto_loai_ct_0='1' (Nullable = true)], CommandType='Text', CommandTimeout='30']
      SELECT COUNT(*)
      FROM [GP_ThongTin] AS [g]
      LEFT JOIN [CT_ThongTin] AS [c] ON [g].[IdCT] = [c].[Id]
      LEFT JOIN [CT_Loai] AS [c0] ON [c].[IdLoaiCT] = [c0].[Id]
      WHERE [g].[DaXoa] = CAST(0 AS bit) AND [c0].[IdCha] = @__filterDto_loai_ct_0 AND [g].[DaBiThuHoi] = CAST(1 AS bit)
info: Microsoft.EntityFrameworkCore.Database.Command[20101]
      Executed DbCommand (37ms) [Parameters=[], CommandType='Text', CommandTimeout='30']
      SELECT [t].[Id], [t].[DaXoa], [t].[DiaChi], [t].[Email], [t].[Fax], [t].[GiamDoc], [t].[MaSoThue], [t].[NguoiDaiDienPhapLuat], [t].[NguoiDuocUyQuyen], [t].[SDT], [t].[TaiKhoan], [t].[TaiKhoanSua], [t].[TaiKhoanTao], [t].[TenTCCN], [t].[ThoiGianSua], [t].[ThoiGianTao]
      FROM [ToChuc_CaNhan] AS [t]
      WHERE [t].[DaXoa] = CAST(0 AS bit)
      ORDER BY [t].[TenTCCN]
info: Microsoft.EntityFrameworkCore.Database.Command[20101]
      Executed DbCommand (205ms) [Parameters=[@__filterDto_loai_ct_0='1' (Nullable = true)], CommandType='Text', CommandTimeout='30']
      SELECT COUNT(*)
      FROM [GP_ThongTin] AS [g]
      LEFT JOIN [CT_ThongTin] AS [c] ON [g].[IdCT] = [c].[Id]
      LEFT JOIN [CT_Loai] AS [c0] ON [c].[IdLoaiCT] = [c0].[Id]
      WHERE [g].[DaXoa] = CAST(0 AS bit) AND [c0].[IdCha] = @__filterDto_loai_ct_0
info: Microsoft.EntityFrameworkCore.Database.Command[20101]
      Executed DbCommand (21ms) [Parameters=[@__filterDto_loai_ct_0='1' (Nullable = true), @__today_1='2026-03-16T00:00:00.0000000+07:00'], CommandType='Text', CommandTimeout='30']
      SELECT COUNT(*)
      FROM [GP_ThongTin] AS [g]
      LEFT JOIN [CT_ThongTin] AS [c] ON [g].[IdCT] = [c].[Id]
      LEFT JOIN [CT_Loai] AS [c0] ON [c].[IdLoaiCT] = [c0].[Id]
      WHERE [g].[DaXoa] = CAST(0 AS bit) AND [c0].[IdCha] = @__filterDto_loai_ct_0 AND CASE
          WHEN [g].[NgayHetHieuLuc] IS NOT NULL THEN CASE
              WHEN [g].[NgayHetHieuLuc] >= @__today_1 AND [g].[DaBiThuHoi] = CAST(0 AS bit) AND ([g].[DaBiThuHoi] IS NOT NULL) THEN CAST(1 AS bit)
              ELSE CAST(0 AS bit)
          END
          ELSE CAST(0 AS bit)
      END = CAST(1 AS bit)
info: Microsoft.EntityFrameworkCore.Database.Command[20101]
      Executed DbCommand (17ms) [Parameters=[@__filterDto_loai_ct_0='1' (Nullable = true), @__today_1='2026-03-16T00:00:00.0000000+07:00', @__AddDays_2='2027-03-16T00:00:00.0000000+07:00'], CommandType='Text', CommandTimeout='30']
      SELECT COUNT(*)
      FROM [GP_ThongTin] AS [g]
      LEFT JOIN [CT_ThongTin] AS [c] ON [g].[IdCT] = [c].[Id]
      LEFT JOIN [CT_Loai] AS [c0] ON [c].[IdLoaiCT] = [c0].[Id]
      WHERE [g].[DaXoa] = CAST(0 AS bit) AND [c0].[IdCha] = @__filterDto_loai_ct_0 AND CASE
          WHEN [g].[NgayHetHieuLuc] IS NOT NULL THEN CASE
              WHEN [g].[NgayHetHieuLuc] >= @__today_1 AND [g].[NgayHetHieuLuc] < @__AddDays_2 AND [g].[DaBiThuHoi] = CAST(0 AS bit) AND ([g].[DaBiThuHoi] IS NOT NULL) THEN CAST(1 AS bit)
              ELSE CAST(0 AS bit)
          END
          ELSE CAST(0 AS bit)
      END = CAST(1 AS bit)
info: Microsoft.EntityFrameworkCore.Database.Command[20101]
      Executed DbCommand (19ms) [Parameters=[@__filterDto_loai_ct_0='1' (Nullable = true), @__today_1='2026-03-16T00:00:00.0000000+07:00'], CommandType='Text', CommandTimeout='30']
      SELECT COUNT(*)
      FROM [GP_ThongTin] AS [g]
      LEFT JOIN [CT_ThongTin] AS [c] ON [g].[IdCT] = [c].[Id]
      LEFT JOIN [CT_Loai] AS [c0] ON [c].[IdLoaiCT] = [c0].[Id]
      WHERE [g].[DaXoa] = CAST(0 AS bit) AND [c0].[IdCha] = @__filterDto_loai_ct_0 AND CASE
          WHEN [g].[NgayHetHieuLuc] IS NOT NULL THEN CASE
              WHEN [g].[NgayHetHieuLuc] < @__today_1 AND [g].[DaBiThuHoi] = CAST(0 AS bit) AND ([g].[DaBiThuHoi] IS NOT NULL) THEN CAST(1 AS bit)
              ELSE CAST(0 AS bit)
          END
          ELSE CAST(0 AS bit)
      END = CAST(1 AS bit)
info: Microsoft.EntityFrameworkCore.Database.Command[20101]
      Executed DbCommand (16ms) [Parameters=[@__filterDto_loai_ct_0='1' (Nullable = true)], CommandType='Text', CommandTimeout='30']
      SELECT COUNT(*)
      FROM [GP_ThongTin] AS [g]
      LEFT JOIN [CT_ThongTin] AS [c] ON [g].[IdCT] = [c].[Id]
      LEFT JOIN [CT_Loai] AS [c0] ON [c].[IdLoaiCT] = [c0].[Id]
      WHERE [g].[DaXoa] = CAST(0 AS bit) AND [c0].[IdCha] = @__filterDto_loai_ct_0 AND [g].[DaBiThuHoi] = CAST(1 AS bit)
info: Microsoft.EntityFrameworkCore.Database.Command[20101]
      Executed DbCommand (56ms) [Parameters=[@__filterDto_loai_ct_0='1' (Nullable = true)], CommandType='Text', CommandTimeout='30']
      SELECT COUNT(*)
      FROM [GP_ThongTin] AS [g]
      LEFT JOIN [CT_ThongTin] AS [c] ON [g].[IdCT] = [c].[Id]
      LEFT JOIN [CT_Loai] AS [c0] ON [c].[IdLoaiCT] = [c0].[Id]
      WHERE [g].[DaXoa] = CAST(0 AS bit) AND [c0].[IdCha] = @__filterDto_loai_ct_0
info: Microsoft.EntityFrameworkCore.Database.Command[20101]
      Executed DbCommand (17ms) [Parameters=[@__filterDto_loai_ct_0='1' (Nullable = true), @__today_1='2026-03-16T00:00:00.0000000+07:00'], CommandType='Text', CommandTimeout='30']
      SELECT COUNT(*)
      FROM [GP_ThongTin] AS [g]
      LEFT JOIN [CT_ThongTin] AS [c] ON [g].[IdCT] = [c].[Id]
      LEFT JOIN [CT_Loai] AS [c0] ON [c].[IdLoaiCT] = [c0].[Id]
      WHERE [g].[DaXoa] = CAST(0 AS bit) AND [c0].[IdCha] = @__filterDto_loai_ct_0 AND CASE
          WHEN [g].[NgayHetHieuLuc] IS NOT NULL THEN CASE
              WHEN [g].[NgayHetHieuLuc] >= @__today_1 AND [g].[DaBiThuHoi] = CAST(0 AS bit) AND ([g].[DaBiThuHoi] IS NOT NULL) THEN CAST(1 AS bit)
              ELSE CAST(0 AS bit)
          END
          ELSE CAST(0 AS bit)
      END = CAST(1 AS bit)
info: Microsoft.EntityFrameworkCore.Database.Command[20101]
      Executed DbCommand (19ms) [Parameters=[@__filterDto_loai_ct_0='1' (Nullable = true), @__today_1='2026-03-16T00:00:00.0000000+07:00', @__AddDays_2='2027-03-16T00:00:00.0000000+07:00'], CommandType='Text', CommandTimeout='30']
      SELECT COUNT(*)
      FROM [GP_ThongTin] AS [g]
      LEFT JOIN [CT_ThongTin] AS [c] ON [g].[IdCT] = [c].[Id]
      LEFT JOIN [CT_Loai] AS [c0] ON [c].[IdLoaiCT] = [c0].[Id]
      WHERE [g].[DaXoa] = CAST(0 AS bit) AND [c0].[IdCha] = @__filterDto_loai_ct_0 AND CASE
          WHEN [g].[NgayHetHieuLuc] IS NOT NULL THEN CASE
              WHEN [g].[NgayHetHieuLuc] >= @__today_1 AND [g].[NgayHetHieuLuc] < @__AddDays_2 AND [g].[DaBiThuHoi] = CAST(0 AS bit) AND ([g].[DaBiThuHoi] IS NOT NULL) THEN CAST(1 AS bit)
              ELSE CAST(0 AS bit)
          END
          ELSE CAST(0 AS bit)
      END = CAST(1 AS bit)
info: Microsoft.EntityFrameworkCore.Database.Command[20101]
      Executed DbCommand (16ms) [Parameters=[@__filterDto_loai_ct_0='1' (Nullable = true), @__today_1='2026-03-16T00:00:00.0000000+07:00'], CommandType='Text', CommandTimeout='30']
      SELECT COUNT(*)
      FROM [GP_ThongTin] AS [g]
      LEFT JOIN [CT_ThongTin] AS [c] ON [g].[IdCT] = [c].[Id]
      LEFT JOIN [CT_Loai] AS [c0] ON [c].[IdLoaiCT] = [c0].[Id]
      WHERE [g].[DaXoa] = CAST(0 AS bit) AND [c0].[IdCha] = @__filterDto_loai_ct_0 AND CASE
          WHEN [g].[NgayHetHieuLuc] IS NOT NULL THEN CASE
              WHEN [g].[NgayHetHieuLuc] < @__today_1 AND [g].[DaBiThuHoi] = CAST(0 AS bit) AND ([g].[DaBiThuHoi] IS NOT NULL) THEN CAST(1 AS bit)
              ELSE CAST(0 AS bit)
          END
          ELSE CAST(0 AS bit)
      END = CAST(1 AS bit)
info: Microsoft.EntityFrameworkCore.Database.Command[20101]
      Executed DbCommand (16ms) [Parameters=[@__filterDto_loai_ct_0='1' (Nullable = true)], CommandType='Text', CommandTimeout='30']
      SELECT COUNT(*)
      FROM [GP_ThongTin] AS [g]
      LEFT JOIN [CT_ThongTin] AS [c] ON [g].[IdCT] = [c].[Id]
      LEFT JOIN [CT_Loai] AS [c0] ON [c].[IdLoaiCT] = [c0].[Id]
      WHERE [g].[DaXoa] = CAST(0 AS bit) AND [c0].[IdCha] = @__filterDto_loai_ct_0 AND [g].[DaBiThuHoi] = CAST(1 AS bit)
info: Microsoft.EntityFrameworkCore.Database.Command[20101]
      Executed DbCommand (17ms) [Parameters=[], CommandType='Text', CommandTimeout='30']
      SELECT [t].[Id], [t].[DaXoa], [t].[DiaChi], [t].[Email], [t].[Fax], [t].[GiamDoc], [t].[MaSoThue], [t].[NguoiDaiDienPhapLuat], [t].[NguoiDuocUyQuyen], [t].[SDT], [t].[TaiKhoan], [t].[TaiKhoanSua], [t].[TaiKhoanTao], [t].[TenTCCN], [t].[ThoiGianSua], [t].[ThoiGianTao]
      FROM [ToChuc_CaNhan] AS [t]
      WHERE [t].[DaXoa] = CAST(0 AS bit)
      ORDER BY [t].[TenTCCN]
info: Microsoft.EntityFrameworkCore.Database.Command[20101]
      Executed DbCommand (103ms) [Parameters=[@__filterDto_loai_ct_0='1' (Nullable = true)], CommandType='Text', CommandTimeout='30']
      SELECT COUNT(*)
      FROM [GP_ThongTin] AS [g]
      LEFT JOIN [CT_ThongTin] AS [c] ON [g].[IdCT] = [c].[Id]
      LEFT JOIN [CT_Loai] AS [c0] ON [c].[IdLoaiCT] = [c0].[Id]
      WHERE [g].[DaXoa] = CAST(0 AS bit) AND [c0].[IdCha] = @__filterDto_loai_ct_0
info: Microsoft.EntityFrameworkCore.Database.Command[20101]
      Executed DbCommand (17ms) [Parameters=[@__filterDto_loai_ct_0='1' (Nullable = true), @__today_1='2026-03-16T00:00:00.0000000+07:00'], CommandType='Text', CommandTimeout='30']
      SELECT COUNT(*)
      FROM [GP_ThongTin] AS [g]
      LEFT JOIN [CT_ThongTin] AS [c] ON [g].[IdCT] = [c].[Id]
      LEFT JOIN [CT_Loai] AS [c0] ON [c].[IdLoaiCT] = [c0].[Id]
      WHERE [g].[DaXoa] = CAST(0 AS bit) AND [c0].[IdCha] = @__filterDto_loai_ct_0 AND CASE
          WHEN [g].[NgayHetHieuLuc] IS NOT NULL THEN CASE
              WHEN [g].[NgayHetHieuLuc] >= @__today_1 AND [g].[DaBiThuHoi] = CAST(0 AS bit) AND ([g].[DaBiThuHoi] IS NOT NULL) THEN CAST(1 AS bit)
              ELSE CAST(0 AS bit)
          END
          ELSE CAST(0 AS bit)
      END = CAST(1 AS bit)
info: Microsoft.EntityFrameworkCore.Database.Command[20101]
      Executed DbCommand (17ms) [Parameters=[@__filterDto_loai_ct_0='1' (Nullable = true), @__today_1='2026-03-16T00:00:00.0000000+07:00', @__AddDays_2='2027-03-16T00:00:00.0000000+07:00'], CommandType='Text', CommandTimeout='30']
      SELECT COUNT(*)
      FROM [GP_ThongTin] AS [g]
      LEFT JOIN [CT_ThongTin] AS [c] ON [g].[IdCT] = [c].[Id]
      LEFT JOIN [CT_Loai] AS [c0] ON [c].[IdLoaiCT] = [c0].[Id]
      WHERE [g].[DaXoa] = CAST(0 AS bit) AND [c0].[IdCha] = @__filterDto_loai_ct_0 AND CASE
          WHEN [g].[NgayHetHieuLuc] IS NOT NULL THEN CASE
              WHEN [g].[NgayHetHieuLuc] >= @__today_1 AND [g].[NgayHetHieuLuc] < @__AddDays_2 AND [g].[DaBiThuHoi] = CAST(0 AS bit) AND ([g].[DaBiThuHoi] IS NOT NULL) THEN CAST(1 AS bit)
              ELSE CAST(0 AS bit)
          END
          ELSE CAST(0 AS bit)
      END = CAST(1 AS bit)
info: Microsoft.EntityFrameworkCore.Database.Command[20101]
      Executed DbCommand (17ms) [Parameters=[@__filterDto_loai_ct_0='1' (Nullable = true), @__today_1='2026-03-16T00:00:00.0000000+07:00'], CommandType='Text', CommandTimeout='30']
      SELECT COUNT(*)
      FROM [GP_ThongTin] AS [g]
      LEFT JOIN [CT_ThongTin] AS [c] ON [g].[IdCT] = [c].[Id]
      LEFT JOIN [CT_Loai] AS [c0] ON [c].[IdLoaiCT] = [c0].[Id]
      WHERE [g].[DaXoa] = CAST(0 AS bit) AND [c0].[IdCha] = @__filterDto_loai_ct_0 AND CASE
          WHEN [g].[NgayHetHieuLuc] IS NOT NULL THEN CASE
              WHEN [g].[NgayHetHieuLuc] < @__today_1 AND [g].[DaBiThuHoi] = CAST(0 AS bit) AND ([g].[DaBiThuHoi] IS NOT NULL) THEN CAST(1 AS bit)
              ELSE CAST(0 AS bit)
          END
          ELSE CAST(0 AS bit)
      END = CAST(1 AS bit)
info: Microsoft.EntityFrameworkCore.Database.Command[20101]
      Executed DbCommand (16ms) [Parameters=[@__filterDto_loai_ct_0='1' (Nullable = true)], CommandType='Text', CommandTimeout='30']
      SELECT COUNT(*)
      FROM [GP_ThongTin] AS [g]
      LEFT JOIN [CT_ThongTin] AS [c] ON [g].[IdCT] = [c].[Id]
      LEFT JOIN [CT_Loai] AS [c0] ON [c].[IdLoaiCT] = [c0].[Id]
      WHERE [g].[DaXoa] = CAST(0 AS bit) AND [c0].[IdCha] = @__filterDto_loai_ct_0 AND [g].[DaBiThuHoi] = CAST(1 AS bit)
info: Microsoft.EntityFrameworkCore.Database.Command[20101]
      Executed DbCommand (218ms) [Parameters=[@__filterDto_loai_ct_0='1' (Nullable = true)], CommandType='Text', CommandTimeout='30']
      SELECT COUNT(*)
      FROM [GP_ThongTin] AS [g]
      LEFT JOIN [CT_ThongTin] AS [c] ON [g].[IdCT] = [c].[Id]
      LEFT JOIN [CT_Loai] AS [c0] ON [c].[IdLoaiCT] = [c0].[Id]
      WHERE [g].[DaXoa] = CAST(0 AS bit) AND [c0].[IdCha] = @__filterDto_loai_ct_0
info: Microsoft.EntityFrameworkCore.Database.Command[20101]
      Executed DbCommand (230ms) [Parameters=[@__filterDto_loai_ct_0='1' (Nullable = true), @__today_1='2026-03-16T00:00:00.0000000+07:00'], CommandType='Text', CommandTimeout='30']
      SELECT COUNT(*)
      FROM [GP_ThongTin] AS [g]
      LEFT JOIN [CT_ThongTin] AS [c] ON [g].[IdCT] = [c].[Id]
      LEFT JOIN [CT_Loai] AS [c0] ON [c].[IdLoaiCT] = [c0].[Id]
      WHERE [g].[DaXoa] = CAST(0 AS bit) AND [c0].[IdCha] = @__filterDto_loai_ct_0 AND CASE
          WHEN [g].[NgayHetHieuLuc] IS NOT NULL THEN CASE
              WHEN [g].[NgayHetHieuLuc] >= @__today_1 AND [g].[DaBiThuHoi] = CAST(0 AS bit) AND ([g].[DaBiThuHoi] IS NOT NULL) THEN CAST(1 AS bit)
              ELSE CAST(0 AS bit)
          END
          ELSE CAST(0 AS bit)
      END = CAST(1 AS bit)
info: Microsoft.EntityFrameworkCore.Database.Command[20101]
      Executed DbCommand (16ms) [Parameters=[@__filterDto_loai_ct_0='1' (Nullable = true), @__today_1='2026-03-16T00:00:00.0000000+07:00', @__AddDays_2='2027-03-16T00:00:00.0000000+07:00'], CommandType='Text', CommandTimeout='30']
      SELECT COUNT(*)
      FROM [GP_ThongTin] AS [g]
      LEFT JOIN [CT_ThongTin] AS [c] ON [g].[IdCT] = [c].[Id]
      LEFT JOIN [CT_Loai] AS [c0] ON [c].[IdLoaiCT] = [c0].[Id]
      WHERE [g].[DaXoa] = CAST(0 AS bit) AND [c0].[IdCha] = @__filterDto_loai_ct_0 AND CASE
          WHEN [g].[NgayHetHieuLuc] IS NOT NULL THEN CASE
              WHEN [g].[NgayHetHieuLuc] >= @__today_1 AND [g].[NgayHetHieuLuc] < @__AddDays_2 AND [g].[DaBiThuHoi] = CAST(0 AS bit) AND ([g].[DaBiThuHoi] IS NOT NULL) THEN CAST(1 AS bit)
              ELSE CAST(0 AS bit)
          END
          ELSE CAST(0 AS bit)
      END = CAST(1 AS bit)
info: Microsoft.EntityFrameworkCore.Database.Command[20101]
      Executed DbCommand (16ms) [Parameters=[@__filterDto_loai_ct_0='1' (Nullable = true), @__today_1='2026-03-16T00:00:00.0000000+07:00'], CommandType='Text', CommandTimeout='30']
      SELECT COUNT(*)
      FROM [GP_ThongTin] AS [g]
      LEFT JOIN [CT_ThongTin] AS [c] ON [g].[IdCT] = [c].[Id]
      LEFT JOIN [CT_Loai] AS [c0] ON [c].[IdLoaiCT] = [c0].[Id]
      WHERE [g].[DaXoa] = CAST(0 AS bit) AND [c0].[IdCha] = @__filterDto_loai_ct_0 AND CASE
          WHEN [g].[NgayHetHieuLuc] IS NOT NULL THEN CASE
              WHEN [g].[NgayHetHieuLuc] < @__today_1 AND [g].[DaBiThuHoi] = CAST(0 AS bit) AND ([g].[DaBiThuHoi] IS NOT NULL) THEN CAST(1 AS bit)
              ELSE CAST(0 AS bit)
          END
          ELSE CAST(0 AS bit)
      END = CAST(1 AS bit)
info: Microsoft.EntityFrameworkCore.Database.Command[20101]
      Executed DbCommand (16ms) [Parameters=[@__filterDto_loai_ct_0='1' (Nullable = true)], CommandType='Text', CommandTimeout='30']
      SELECT COUNT(*)
      FROM [GP_ThongTin] AS [g]
      LEFT JOIN [CT_ThongTin] AS [c] ON [g].[IdCT] = [c].[Id]
      LEFT JOIN [CT_Loai] AS [c0] ON [c].[IdLoaiCT] = [c0].[Id]
      WHERE [g].[DaXoa] = CAST(0 AS bit) AND [c0].[IdCha] = @__filterDto_loai_ct_0 AND [g].[DaBiThuHoi] = CAST(1 AS bit)
info: Microsoft.EntityFrameworkCore.Database.Command[20101]
      Executed DbCommand (16ms) [Parameters=[@__filterDto_loai_ct_0='1' (Nullable = true)], CommandType='Text', CommandTimeout='30']
      SELECT COUNT(*)
      FROM [GP_ThongTin] AS [g]
      LEFT JOIN [CT_ThongTin] AS [c] ON [g].[IdCT] = [c].[Id]
      LEFT JOIN [CT_Loai] AS [c0] ON [c].[IdLoaiCT] = [c0].[Id]
      WHERE [g].[DaXoa] = CAST(0 AS bit) AND [c0].[IdCha] = @__filterDto_loai_ct_0
info: Microsoft.EntityFrameworkCore.Database.Command[20101]
      Executed DbCommand (16ms) [Parameters=[@__filterDto_loai_ct_0='1' (Nullable = true), @__today_1='2026-03-16T00:00:00.0000000+07:00'], CommandType='Text', CommandTimeout='30']
      SELECT COUNT(*)
      FROM [GP_ThongTin] AS [g]
      LEFT JOIN [CT_ThongTin] AS [c] ON [g].[IdCT] = [c].[Id]
      LEFT JOIN [CT_Loai] AS [c0] ON [c].[IdLoaiCT] = [c0].[Id]
      WHERE [g].[DaXoa] = CAST(0 AS bit) AND [c0].[IdCha] = @__filterDto_loai_ct_0 AND CASE
          WHEN [g].[NgayHetHieuLuc] IS NOT NULL THEN CASE
              WHEN [g].[NgayHetHieuLuc] >= @__today_1 AND [g].[DaBiThuHoi] = CAST(0 AS bit) AND ([g].[DaBiThuHoi] IS NOT NULL) THEN CAST(1 AS bit)
              ELSE CAST(0 AS bit)
          END
          ELSE CAST(0 AS bit)
      END = CAST(1 AS bit)
info: Microsoft.EntityFrameworkCore.Database.Command[20101]
      Executed DbCommand (16ms) [Parameters=[@__filterDto_loai_ct_0='1' (Nullable = true), @__today_1='2026-03-16T00:00:00.0000000+07:00', @__AddDays_2='2027-03-16T00:00:00.0000000+07:00'], CommandType='Text', CommandTimeout='30']
      SELECT COUNT(*)
      FROM [GP_ThongTin] AS [g]
      LEFT JOIN [CT_ThongTin] AS [c] ON [g].[IdCT] = [c].[Id]
      LEFT JOIN [CT_Loai] AS [c0] ON [c].[IdLoaiCT] = [c0].[Id]
      WHERE [g].[DaXoa] = CAST(0 AS bit) AND [c0].[IdCha] = @__filterDto_loai_ct_0 AND CASE
          WHEN [g].[NgayHetHieuLuc] IS NOT NULL THEN CASE
              WHEN [g].[NgayHetHieuLuc] >= @__today_1 AND [g].[NgayHetHieuLuc] < @__AddDays_2 AND [g].[DaBiThuHoi] = CAST(0 AS bit) AND ([g].[DaBiThuHoi] IS NOT NULL) THEN CAST(1 AS bit)
              ELSE CAST(0 AS bit)
          END
          ELSE CAST(0 AS bit)
      END = CAST(1 AS bit)
info: Microsoft.EntityFrameworkCore.Database.Command[20101]
      Executed DbCommand (17ms) [Parameters=[@__filterDto_loai_ct_0='1' (Nullable = true), @__today_1='2026-03-16T00:00:00.0000000+07:00'], CommandType='Text', CommandTimeout='30']
      SELECT COUNT(*)
      FROM [GP_ThongTin] AS [g]
      LEFT JOIN [CT_ThongTin] AS [c] ON [g].[IdCT] = [c].[Id]
      LEFT JOIN [CT_Loai] AS [c0] ON [c].[IdLoaiCT] = [c0].[Id]
      WHERE [g].[DaXoa] = CAST(0 AS bit) AND [c0].[IdCha] = @__filterDto_loai_ct_0 AND CASE
          WHEN [g].[NgayHetHieuLuc] IS NOT NULL THEN CASE
              WHEN [g].[NgayHetHieuLuc] < @__today_1 AND [g].[DaBiThuHoi] = CAST(0 AS bit) AND ([g].[DaBiThuHoi] IS NOT NULL) THEN CAST(1 AS bit)
              ELSE CAST(0 AS bit)
          END
          ELSE CAST(0 AS bit)
      END = CAST(1 AS bit)
info: Microsoft.EntityFrameworkCore.Database.Command[20101]
      Executed DbCommand (266ms) [Parameters=[@__filterDto_loai_ct_0='1' (Nullable = true)], CommandType='Text', CommandTimeout='30']
      SELECT COUNT(*)
      FROM [GP_ThongTin] AS [g]
      LEFT JOIN [CT_ThongTin] AS [c] ON [g].[IdCT] = [c].[Id]
      LEFT JOIN [CT_Loai] AS [c0] ON [c].[IdLoaiCT] = [c0].[Id]
      WHERE [g].[DaXoa] = CAST(0 AS bit) AND [c0].[IdCha] = @__filterDto_loai_ct_0 AND [g].[DaBiThuHoi] = CAST(1 AS bit)
info: Microsoft.EntityFrameworkCore.Database.Command[20101]
      Executed DbCommand (146ms) [Parameters=[@__filterDto_loai_ct_0='1' (Nullable = true)], CommandType='Text', CommandTimeout='30']
      SELECT COUNT(*)
      FROM [GP_ThongTin] AS [g]
      LEFT JOIN [CT_ThongTin] AS [c] ON [g].[IdCT] = [c].[Id]
      LEFT JOIN [CT_Loai] AS [c0] ON [c].[IdLoaiCT] = [c0].[Id]
      WHERE [g].[DaXoa] = CAST(0 AS bit) AND [c0].[IdCha] = @__filterDto_loai_ct_0
info: Microsoft.EntityFrameworkCore.Database.Command[20101]
      Executed DbCommand (231ms) [Parameters=[@__filterDto_loai_ct_0='1' (Nullable = true), @__today_1='2026-03-16T00:00:00.0000000+07:00'], CommandType='Text', CommandTimeout='30']
      SELECT COUNT(*)
      FROM [GP_ThongTin] AS [g]
      LEFT JOIN [CT_ThongTin] AS [c] ON [g].[IdCT] = [c].[Id]
      LEFT JOIN [CT_Loai] AS [c0] ON [c].[IdLoaiCT] = [c0].[Id]
      WHERE [g].[DaXoa] = CAST(0 AS bit) AND [c0].[IdCha] = @__filterDto_loai_ct_0 AND CASE
          WHEN [g].[NgayHetHieuLuc] IS NOT NULL THEN CASE
              WHEN [g].[NgayHetHieuLuc] >= @__today_1 AND [g].[DaBiThuHoi] = CAST(0 AS bit) AND ([g].[DaBiThuHoi] IS NOT NULL) THEN CAST(1 AS bit)
              ELSE CAST(0 AS bit)
          END
          ELSE CAST(0 AS bit)
      END = CAST(1 AS bit)
info: Microsoft.EntityFrameworkCore.Database.Command[20101]
      Executed DbCommand (18ms) [Parameters=[@__filterDto_loai_ct_0='1' (Nullable = true), @__today_1='2026-03-16T00:00:00.0000000+07:00', @__AddDays_2='2027-03-16T00:00:00.0000000+07:00'], CommandType='Text', CommandTimeout='30']
      SELECT COUNT(*)
      FROM [GP_ThongTin] AS [g]
      LEFT JOIN [CT_ThongTin] AS [c] ON [g].[IdCT] = [c].[Id]
      LEFT JOIN [CT_Loai] AS [c0] ON [c].[IdLoaiCT] = [c0].[Id]
      WHERE [g].[DaXoa] = CAST(0 AS bit) AND [c0].[IdCha] = @__filterDto_loai_ct_0 AND CASE
          WHEN [g].[NgayHetHieuLuc] IS NOT NULL THEN CASE
              WHEN [g].[NgayHetHieuLuc] >= @__today_1 AND [g].[NgayHetHieuLuc] < @__AddDays_2 AND [g].[DaBiThuHoi] = CAST(0 AS bit) AND ([g].[DaBiThuHoi] IS NOT NULL) THEN CAST(1 AS bit)
              ELSE CAST(0 AS bit)
          END
          ELSE CAST(0 AS bit)
      END = CAST(1 AS bit)
info: Microsoft.EntityFrameworkCore.Database.Command[20101]
      Executed DbCommand (16ms) [Parameters=[@__filterDto_loai_ct_0='1' (Nullable = true), @__today_1='2026-03-16T00:00:00.0000000+07:00'], CommandType='Text', CommandTimeout='30']
      SELECT COUNT(*)
      FROM [GP_ThongTin] AS [g]
      LEFT JOIN [CT_ThongTin] AS [c] ON [g].[IdCT] = [c].[Id]
      LEFT JOIN [CT_Loai] AS [c0] ON [c].[IdLoaiCT] = [c0].[Id]
      WHERE [g].[DaXoa] = CAST(0 AS bit) AND [c0].[IdCha] = @__filterDto_loai_ct_0 AND CASE
          WHEN [g].[NgayHetHieuLuc] IS NOT NULL THEN CASE
              WHEN [g].[NgayHetHieuLuc] < @__today_1 AND [g].[DaBiThuHoi] = CAST(0 AS bit) AND ([g].[DaBiThuHoi] IS NOT NULL) THEN CAST(1 AS bit)
              ELSE CAST(0 AS bit)
          END
          ELSE CAST(0 AS bit)
      END = CAST(1 AS bit)
info: Microsoft.EntityFrameworkCore.Database.Command[20101]
      Executed DbCommand (16ms) [Parameters=[@__filterDto_loai_ct_0='1' (Nullable = true)], CommandType='Text', CommandTimeout='30']
      SELECT COUNT(*)
      FROM [GP_ThongTin] AS [g]
      LEFT JOIN [CT_ThongTin] AS [c] ON [g].[IdCT] = [c].[Id]
      LEFT JOIN [CT_Loai] AS [c0] ON [c].[IdLoaiCT] = [c0].[Id]
      WHERE [g].[DaXoa] = CAST(0 AS bit) AND [c0].[IdCha] = @__filterDto_loai_ct_0 AND [g].[DaBiThuHoi] = CAST(1 AS bit)
info: Microsoft.EntityFrameworkCore.Database.Command[20101]
      Executed DbCommand (213ms) [Parameters=[@__filterDto_loai_ct_0='1' (Nullable = true)], CommandType='Text', CommandTimeout='30']
      SELECT COUNT(*)
      FROM [GP_ThongTin] AS [g]
      LEFT JOIN [CT_ThongTin] AS [c] ON [g].[IdCT] = [c].[Id]
      LEFT JOIN [CT_Loai] AS [c0] ON [c].[IdLoaiCT] = [c0].[Id]
      WHERE [g].[DaXoa] = CAST(0 AS bit) AND [c0].[IdCha] = @__filterDto_loai_ct_0
info: Microsoft.EntityFrameworkCore.Database.Command[20101]
      Executed DbCommand (229ms) [Parameters=[@__filterDto_loai_ct_0='1' (Nullable = true), @__today_1='2026-03-16T00:00:00.0000000+07:00'], CommandType='Text', CommandTimeout='30']
      SELECT COUNT(*)
      FROM [GP_ThongTin] AS [g]
      LEFT JOIN [CT_ThongTin] AS [c] ON [g].[IdCT] = [c].[Id]
      LEFT JOIN [CT_Loai] AS [c0] ON [c].[IdLoaiCT] = [c0].[Id]
      WHERE [g].[DaXoa] = CAST(0 AS bit) AND [c0].[IdCha] = @__filterDto_loai_ct_0 AND CASE
          WHEN [g].[NgayHetHieuLuc] IS NOT NULL THEN CASE
              WHEN [g].[NgayHetHieuLuc] >= @__today_1 AND [g].[DaBiThuHoi] = CAST(0 AS bit) AND ([g].[DaBiThuHoi] IS NOT NULL) THEN CAST(1 AS bit)
              ELSE CAST(0 AS bit)
          END
          ELSE CAST(0 AS bit)
      END = CAST(1 AS bit)
info: Microsoft.EntityFrameworkCore.Database.Command[20101]
      Executed DbCommand (17ms) [Parameters=[@__filterDto_loai_ct_0='1' (Nullable = true), @__today_1='2026-03-16T00:00:00.0000000+07:00', @__AddDays_2='2027-03-16T00:00:00.0000000+07:00'], CommandType='Text', CommandTimeout='30']
      SELECT COUNT(*)
      FROM [GP_ThongTin] AS [g]
      LEFT JOIN [CT_ThongTin] AS [c] ON [g].[IdCT] = [c].[Id]
      LEFT JOIN [CT_Loai] AS [c0] ON [c].[IdLoaiCT] = [c0].[Id]
      WHERE [g].[DaXoa] = CAST(0 AS bit) AND [c0].[IdCha] = @__filterDto_loai_ct_0 AND CASE
          WHEN [g].[NgayHetHieuLuc] IS NOT NULL THEN CASE
              WHEN [g].[NgayHetHieuLuc] >= @__today_1 AND [g].[NgayHetHieuLuc] < @__AddDays_2 AND [g].[DaBiThuHoi] = CAST(0 AS bit) AND ([g].[DaBiThuHoi] IS NOT NULL) THEN CAST(1 AS bit)
              ELSE CAST(0 AS bit)
          END
          ELSE CAST(0 AS bit)
      END = CAST(1 AS bit)
info: Microsoft.EntityFrameworkCore.Database.Command[20101]
      Executed DbCommand (19ms) [Parameters=[@__filterDto_loai_ct_0='1' (Nullable = true), @__today_1='2026-03-16T00:00:00.0000000+07:00'], CommandType='Text', CommandTimeout='30']
      SELECT COUNT(*)
      FROM [GP_ThongTin] AS [g]
      LEFT JOIN [CT_ThongTin] AS [c] ON [g].[IdCT] = [c].[Id]
      LEFT JOIN [CT_Loai] AS [c0] ON [c].[IdLoaiCT] = [c0].[Id]
      WHERE [g].[DaXoa] = CAST(0 AS bit) AND [c0].[IdCha] = @__filterDto_loai_ct_0 AND CASE
          WHEN [g].[NgayHetHieuLuc] IS NOT NULL THEN CASE
              WHEN [g].[NgayHetHieuLuc] < @__today_1 AND [g].[DaBiThuHoi] = CAST(0 AS bit) AND ([g].[DaBiThuHoi] IS NOT NULL) THEN CAST(1 AS bit)
              ELSE CAST(0 AS bit)
          END
          ELSE CAST(0 AS bit)
      END = CAST(1 AS bit)
info: Microsoft.EntityFrameworkCore.Database.Command[20101]
      Executed DbCommand (16ms) [Parameters=[@__filterDto_loai_ct_0='1' (Nullable = true)], CommandType='Text', CommandTimeout='30']
      SELECT COUNT(*)
      FROM [GP_ThongTin] AS [g]
      LEFT JOIN [CT_ThongTin] AS [c] ON [g].[IdCT] = [c].[Id]
      LEFT JOIN [CT_Loai] AS [c0] ON [c].[IdLoaiCT] = [c0].[Id]
      WHERE [g].[DaXoa] = CAST(0 AS bit) AND [c0].[IdCha] = @__filterDto_loai_ct_0 AND [g].[DaBiThuHoi] = CAST(1 AS bit)
info: Microsoft.EntityFrameworkCore.Database.Command[20101]
      Executed DbCommand (16ms) [Parameters=[@__filterDto_loai_ct_0='1' (Nullable = true)], CommandType='Text', CommandTimeout='30']
      SELECT COUNT(*)
      FROM [GP_ThongTin] AS [g]
      LEFT JOIN [CT_ThongTin] AS [c] ON [g].[IdCT] = [c].[Id]
      LEFT JOIN [CT_Loai] AS [c0] ON [c].[IdLoaiCT] = [c0].[Id]
      WHERE [g].[DaXoa] = CAST(0 AS bit) AND [c0].[IdCha] = @__filterDto_loai_ct_0
info: Microsoft.EntityFrameworkCore.Database.Command[20101]
      Executed DbCommand (17ms) [Parameters=[@__filterDto_loai_ct_0='1' (Nullable = true), @__today_1='2026-03-16T00:00:00.0000000+07:00'], CommandType='Text', CommandTimeout='30']
      SELECT COUNT(*)
      FROM [GP_ThongTin] AS [g]
      LEFT JOIN [CT_ThongTin] AS [c] ON [g].[IdCT] = [c].[Id]
      LEFT JOIN [CT_Loai] AS [c0] ON [c].[IdLoaiCT] = [c0].[Id]
      WHERE [g].[DaXoa] = CAST(0 AS bit) AND [c0].[IdCha] = @__filterDto_loai_ct_0 AND CASE
          WHEN [g].[NgayHetHieuLuc] IS NOT NULL THEN CASE
              WHEN [g].[NgayHetHieuLuc] >= @__today_1 AND [g].[DaBiThuHoi] = CAST(0 AS bit) AND ([g].[DaBiThuHoi] IS NOT NULL) THEN CAST(1 AS bit)
              ELSE CAST(0 AS bit)
          END
          ELSE CAST(0 AS bit)
      END = CAST(1 AS bit)
info: Microsoft.EntityFrameworkCore.Database.Command[20101]
      Executed DbCommand (22ms) [Parameters=[@__filterDto_loai_ct_0='1' (Nullable = true), @__today_1='2026-03-16T00:00:00.0000000+07:00', @__AddDays_2='2027-03-16T00:00:00.0000000+07:00'], CommandType='Text', CommandTimeout='30']
      SELECT COUNT(*)
      FROM [GP_ThongTin] AS [g]
      LEFT JOIN [CT_ThongTin] AS [c] ON [g].[IdCT] = [c].[Id]
      LEFT JOIN [CT_Loai] AS [c0] ON [c].[IdLoaiCT] = [c0].[Id]
      WHERE [g].[DaXoa] = CAST(0 AS bit) AND [c0].[IdCha] = @__filterDto_loai_ct_0 AND CASE
          WHEN [g].[NgayHetHieuLuc] IS NOT NULL THEN CASE
              WHEN [g].[NgayHetHieuLuc] >= @__today_1 AND [g].[NgayHetHieuLuc] < @__AddDays_2 AND [g].[DaBiThuHoi] = CAST(0 AS bit) AND ([g].[DaBiThuHoi] IS NOT NULL) THEN CAST(1 AS bit)
              ELSE CAST(0 AS bit)
          END
          ELSE CAST(0 AS bit)
      END = CAST(1 AS bit)
info: Microsoft.EntityFrameworkCore.Database.Command[20101]
      Executed DbCommand (260ms) [Parameters=[@__filterDto_loai_ct_0='1' (Nullable = true), @__today_1='2026-03-16T00:00:00.0000000+07:00'], CommandType='Text', CommandTimeout='30']
      SELECT COUNT(*)
      FROM [GP_ThongTin] AS [g]
      LEFT JOIN [CT_ThongTin] AS [c] ON [g].[IdCT] = [c].[Id]
      LEFT JOIN [CT_Loai] AS [c0] ON [c].[IdLoaiCT] = [c0].[Id]
      WHERE [g].[DaXoa] = CAST(0 AS bit) AND [c0].[IdCha] = @__filterDto_loai_ct_0 AND CASE
          WHEN [g].[NgayHetHieuLuc] IS NOT NULL THEN CASE
              WHEN [g].[NgayHetHieuLuc] < @__today_1 AND [g].[DaBiThuHoi] = CAST(0 AS bit) AND ([g].[DaBiThuHoi] IS NOT NULL) THEN CAST(1 AS bit)
              ELSE CAST(0 AS bit)
          END
          ELSE CAST(0 AS bit)
      END = CAST(1 AS bit)
info: Microsoft.EntityFrameworkCore.Database.Command[20101]
      Executed DbCommand (15ms) [Parameters=[@__filterDto_loai_ct_0='1' (Nullable = true)], CommandType='Text', CommandTimeout='30']
      SELECT COUNT(*)
      FROM [GP_ThongTin] AS [g]
      LEFT JOIN [CT_ThongTin] AS [c] ON [g].[IdCT] = [c].[Id]
      LEFT JOIN [CT_Loai] AS [c0] ON [c].[IdLoaiCT] = [c0].[Id]
      WHERE [g].[DaXoa] = CAST(0 AS bit) AND [c0].[IdCha] = @__filterDto_loai_ct_0 AND [g].[DaBiThuHoi] = CAST(1 AS bit)
info: Microsoft.EntityFrameworkCore.Database.Command[20101]
      Executed DbCommand (90ms) [Parameters=[@__filterDto_loai_ct_0='1' (Nullable = true)], CommandType='Text', CommandTimeout='30']
      SELECT COUNT(*)
      FROM [GP_ThongTin] AS [g]
      LEFT JOIN [CT_ThongTin] AS [c] ON [g].[IdCT] = [c].[Id]
      LEFT JOIN [CT_Loai] AS [c0] ON [c].[IdLoaiCT] = [c0].[Id]
      WHERE [g].[DaXoa] = CAST(0 AS bit) AND [c0].[IdCha] = @__filterDto_loai_ct_0
info: Microsoft.EntityFrameworkCore.Database.Command[20101]
      Executed DbCommand (19ms) [Parameters=[@__filterDto_loai_ct_0='1' (Nullable = true), @__today_1='2026-03-16T00:00:00.0000000+07:00'], CommandType='Text', CommandTimeout='30']
      SELECT COUNT(*)
      FROM [GP_ThongTin] AS [g]
      LEFT JOIN [CT_ThongTin] AS [c] ON [g].[IdCT] = [c].[Id]
      LEFT JOIN [CT_Loai] AS [c0] ON [c].[IdLoaiCT] = [c0].[Id]
      WHERE [g].[DaXoa] = CAST(0 AS bit) AND [c0].[IdCha] = @__filterDto_loai_ct_0 AND CASE
          WHEN [g].[NgayHetHieuLuc] IS NOT NULL THEN CASE
              WHEN [g].[NgayHetHieuLuc] >= @__today_1 AND [g].[DaBiThuHoi] = CAST(0 AS bit) AND ([g].[DaBiThuHoi] IS NOT NULL) THEN CAST(1 AS bit)
              ELSE CAST(0 AS bit)
          END
          ELSE CAST(0 AS bit)
      END = CAST(1 AS bit)
info: Microsoft.EntityFrameworkCore.Database.Command[20101]
      Executed DbCommand (16ms) [Parameters=[@__filterDto_loai_ct_0='1' (Nullable = true), @__today_1='2026-03-16T00:00:00.0000000+07:00', @__AddDays_2='2027-03-16T00:00:00.0000000+07:00'], CommandType='Text', CommandTimeout='30']
      SELECT COUNT(*)
      FROM [GP_ThongTin] AS [g]
      LEFT JOIN [CT_ThongTin] AS [c] ON [g].[IdCT] = [c].[Id]
      LEFT JOIN [CT_Loai] AS [c0] ON [c].[IdLoaiCT] = [c0].[Id]
      WHERE [g].[DaXoa] = CAST(0 AS bit) AND [c0].[IdCha] = @__filterDto_loai_ct_0 AND CASE
          WHEN [g].[NgayHetHieuLuc] IS NOT NULL THEN CASE
              WHEN [g].[NgayHetHieuLuc] >= @__today_1 AND [g].[NgayHetHieuLuc] < @__AddDays_2 AND [g].[DaBiThuHoi] = CAST(0 AS bit) AND ([g].[DaBiThuHoi] IS NOT NULL) THEN CAST(1 AS bit)
              ELSE CAST(0 AS bit)
          END
          ELSE CAST(0 AS bit)
      END = CAST(1 AS bit)
info: Microsoft.EntityFrameworkCore.Database.Command[20101]
      Executed DbCommand (17ms) [Parameters=[@__filterDto_loai_ct_0='1' (Nullable = true), @__today_1='2026-03-16T00:00:00.0000000+07:00'], CommandType='Text', CommandTimeout='30']
      SELECT COUNT(*)
      FROM [GP_ThongTin] AS [g]
      LEFT JOIN [CT_ThongTin] AS [c] ON [g].[IdCT] = [c].[Id]
      LEFT JOIN [CT_Loai] AS [c0] ON [c].[IdLoaiCT] = [c0].[Id]
      WHERE [g].[DaXoa] = CAST(0 AS bit) AND [c0].[IdCha] = @__filterDto_loai_ct_0 AND CASE
          WHEN [g].[NgayHetHieuLuc] IS NOT NULL THEN CASE
              WHEN [g].[NgayHetHieuLuc] < @__today_1 AND [g].[DaBiThuHoi] = CAST(0 AS bit) AND ([g].[DaBiThuHoi] IS NOT NULL) THEN CAST(1 AS bit)
              ELSE CAST(0 AS bit)
          END
          ELSE CAST(0 AS bit)
      END = CAST(1 AS bit)
info: Microsoft.EntityFrameworkCore.Database.Command[20101]
      Executed DbCommand (16ms) [Parameters=[@__filterDto_loai_ct_0='1' (Nullable = true)], CommandType='Text', CommandTimeout='30']
      SELECT COUNT(*)
      FROM [GP_ThongTin] AS [g]
      LEFT JOIN [CT_ThongTin] AS [c] ON [g].[IdCT] = [c].[Id]
      LEFT JOIN [CT_Loai] AS [c0] ON [c].[IdLoaiCT] = [c0].[Id]
      WHERE [g].[DaXoa] = CAST(0 AS bit) AND [c0].[IdCha] = @__filterDto_loai_ct_0 AND [g].[DaBiThuHoi] = CAST(1 AS bit)
info: Microsoft.EntityFrameworkCore.Database.Command[20101]
      Executed DbCommand (98ms) [Parameters=[], CommandType='Text', CommandTimeout='30']
      SELECT [t].[Id], [t].[DaXoa], [t].[DiaChi], [t].[Email], [t].[Fax], [t].[GiamDoc], [t].[MaSoThue], [t].[NguoiDaiDienPhapLuat], [t].[NguoiDuocUyQuyen], [t].[SDT], [t].[TaiKhoan], [t].[TaiKhoanSua], [t].[TaiKhoanTao], [t].[TenTCCN], [t].[ThoiGianSua], [t].[ThoiGianTao]
      FROM [ToChuc_CaNhan] AS [t]
      WHERE [t].[DaXoa] = CAST(0 AS bit)
      ORDER BY [t].[TenTCCN]
info: Microsoft.EntityFrameworkCore.Database.Command[20101]
      Executed DbCommand (107ms) [Parameters=[@__filterDto_loai_ct_0='1' (Nullable = true)], CommandType='Text', CommandTimeout='30']
      SELECT COUNT(*)
      FROM [GP_ThongTin] AS [g]
      LEFT JOIN [CT_ThongTin] AS [c] ON [g].[IdCT] = [c].[Id]
      LEFT JOIN [CT_Loai] AS [c0] ON [c].[IdLoaiCT] = [c0].[Id]
      WHERE [g].[DaXoa] = CAST(0 AS bit) AND [c0].[IdCha] = @__filterDto_loai_ct_0
info: Microsoft.EntityFrameworkCore.Database.Command[20101]
      Executed DbCommand (17ms) [Parameters=[@__filterDto_loai_ct_0='1' (Nullable = true), @__today_1='2026-03-16T00:00:00.0000000+07:00'], CommandType='Text', CommandTimeout='30']
      SELECT COUNT(*)
      FROM [GP_ThongTin] AS [g]
      LEFT JOIN [CT_ThongTin] AS [c] ON [g].[IdCT] = [c].[Id]
      LEFT JOIN [CT_Loai] AS [c0] ON [c].[IdLoaiCT] = [c0].[Id]
      WHERE [g].[DaXoa] = CAST(0 AS bit) AND [c0].[IdCha] = @__filterDto_loai_ct_0 AND CASE
          WHEN [g].[NgayHetHieuLuc] IS NOT NULL THEN CASE
              WHEN [g].[NgayHetHieuLuc] >= @__today_1 AND [g].[DaBiThuHoi] = CAST(0 AS bit) AND ([g].[DaBiThuHoi] IS NOT NULL) THEN CAST(1 AS bit)
              ELSE CAST(0 AS bit)
          END
          ELSE CAST(0 AS bit)
      END = CAST(1 AS bit)
info: Microsoft.EntityFrameworkCore.Database.Command[20101]
      Executed DbCommand (17ms) [Parameters=[@__filterDto_loai_ct_0='1' (Nullable = true), @__today_1='2026-03-16T00:00:00.0000000+07:00', @__AddDays_2='2027-03-16T00:00:00.0000000+07:00'], CommandType='Text', CommandTimeout='30']
      SELECT COUNT(*)
      FROM [GP_ThongTin] AS [g]
      LEFT JOIN [CT_ThongTin] AS [c] ON [g].[IdCT] = [c].[Id]
      LEFT JOIN [CT_Loai] AS [c0] ON [c].[IdLoaiCT] = [c0].[Id]
      WHERE [g].[DaXoa] = CAST(0 AS bit) AND [c0].[IdCha] = @__filterDto_loai_ct_0 AND CASE
          WHEN [g].[NgayHetHieuLuc] IS NOT NULL THEN CASE
              WHEN [g].[NgayHetHieuLuc] >= @__today_1 AND [g].[NgayHetHieuLuc] < @__AddDays_2 AND [g].[DaBiThuHoi] = CAST(0 AS bit) AND ([g].[DaBiThuHoi] IS NOT NULL) THEN CAST(1 AS bit)
              ELSE CAST(0 AS bit)
          END
          ELSE CAST(0 AS bit)
      END = CAST(1 AS bit)
info: Microsoft.EntityFrameworkCore.Database.Command[20101]
      Executed DbCommand (18ms) [Parameters=[@__filterDto_loai_ct_0='1' (Nullable = true), @__today_1='2026-03-16T00:00:00.0000000+07:00'], CommandType='Text', CommandTimeout='30']
      SELECT COUNT(*)
      FROM [GP_ThongTin] AS [g]
      LEFT JOIN [CT_ThongTin] AS [c] ON [g].[IdCT] = [c].[Id]
      LEFT JOIN [CT_Loai] AS [c0] ON [c].[IdLoaiCT] = [c0].[Id]
      WHERE [g].[DaXoa] = CAST(0 AS bit) AND [c0].[IdCha] = @__filterDto_loai_ct_0 AND CASE
          WHEN [g].[NgayHetHieuLuc] IS NOT NULL THEN CASE
              WHEN [g].[NgayHetHieuLuc] < @__today_1 AND [g].[DaBiThuHoi] = CAST(0 AS bit) AND ([g].[DaBiThuHoi] IS NOT NULL) THEN CAST(1 AS bit)
              ELSE CAST(0 AS bit)
          END
          ELSE CAST(0 AS bit)
      END = CAST(1 AS bit)
info: Microsoft.EntityFrameworkCore.Database.Command[20101]
      Executed DbCommand (16ms) [Parameters=[@__filterDto_loai_ct_0='1' (Nullable = true)], CommandType='Text', CommandTimeout='30']
      SELECT COUNT(*)
      FROM [GP_ThongTin] AS [g]
      LEFT JOIN [CT_ThongTin] AS [c] ON [g].[IdCT] = [c].[Id]
      LEFT JOIN [CT_Loai] AS [c0] ON [c].[IdLoaiCT] = [c0].[Id]
      WHERE [g].[DaXoa] = CAST(0 AS bit) AND [c0].[IdCha] = @__filterDto_loai_ct_0 AND [g].[DaBiThuHoi] = CAST(1 AS bit)
info: Microsoft.EntityFrameworkCore.Database.Command[20101]
      Executed DbCommand (17ms) [Parameters=[], CommandType='Text', CommandTimeout='30']
      SELECT [t].[Id], [t].[DaXoa], [t].[DiaChi], [t].[Email], [t].[Fax], [t].[GiamDoc], [t].[MaSoThue], [t].[NguoiDaiDienPhapLuat], [t].[NguoiDuocUyQuyen], [t].[SDT], [t].[TaiKhoan], [t].[TaiKhoanSua], [t].[TaiKhoanTao], [t].[TenTCCN], [t].[ThoiGianSua], [t].[ThoiGianTao]
      FROM [ToChuc_CaNhan] AS [t]
      WHERE [t].[DaXoa] = CAST(0 AS bit)
      ORDER BY [t].[TenTCCN]
info: Microsoft.EntityFrameworkCore.Database.Command[20101]
      Executed DbCommand (17ms) [Parameters=[@__filterDto_loai_ct_0='1' (Nullable = true)], CommandType='Text', CommandTimeout='30']
      SELECT COUNT(*)
      FROM [GP_ThongTin] AS [g]
      LEFT JOIN [CT_ThongTin] AS [c] ON [g].[IdCT] = [c].[Id]
      LEFT JOIN [CT_Loai] AS [c0] ON [c].[IdLoaiCT] = [c0].[Id]
      WHERE [g].[DaXoa] = CAST(0 AS bit) AND [c0].[IdCha] = @__filterDto_loai_ct_0
info: Microsoft.EntityFrameworkCore.Database.Command[20101]
      Executed DbCommand (16ms) [Parameters=[@__filterDto_loai_ct_0='1' (Nullable = true), @__today_1='2026-03-16T00:00:00.0000000+07:00'], CommandType='Text', CommandTimeout='30']
      SELECT COUNT(*)
      FROM [GP_ThongTin] AS [g]
      LEFT JOIN [CT_ThongTin] AS [c] ON [g].[IdCT] = [c].[Id]
      LEFT JOIN [CT_Loai] AS [c0] ON [c].[IdLoaiCT] = [c0].[Id]
      WHERE [g].[DaXoa] = CAST(0 AS bit) AND [c0].[IdCha] = @__filterDto_loai_ct_0 AND CASE
          WHEN [g].[NgayHetHieuLuc] IS NOT NULL THEN CASE
              WHEN [g].[NgayHetHieuLuc] >= @__today_1 AND [g].[DaBiThuHoi] = CAST(0 AS bit) AND ([g].[DaBiThuHoi] IS NOT NULL) THEN CAST(1 AS bit)
              ELSE CAST(0 AS bit)
          END
          ELSE CAST(0 AS bit)
      END = CAST(1 AS bit)
info: Microsoft.EntityFrameworkCore.Database.Command[20101]
      Executed DbCommand (16ms) [Parameters=[@__filterDto_loai_ct_0='1' (Nullable = true), @__today_1='2026-03-16T00:00:00.0000000+07:00', @__AddDays_2='2027-03-16T00:00:00.0000000+07:00'], CommandType='Text', CommandTimeout='30']
      SELECT COUNT(*)
      FROM [GP_ThongTin] AS [g]
      LEFT JOIN [CT_ThongTin] AS [c] ON [g].[IdCT] = [c].[Id]
      LEFT JOIN [CT_Loai] AS [c0] ON [c].[IdLoaiCT] = [c0].[Id]
      WHERE [g].[DaXoa] = CAST(0 AS bit) AND [c0].[IdCha] = @__filterDto_loai_ct_0 AND CASE
          WHEN [g].[NgayHetHieuLuc] IS NOT NULL THEN CASE
              WHEN [g].[NgayHetHieuLuc] >= @__today_1 AND [g].[NgayHetHieuLuc] < @__AddDays_2 AND [g].[DaBiThuHoi] = CAST(0 AS bit) AND ([g].[DaBiThuHoi] IS NOT NULL) THEN CAST(1 AS bit)
              ELSE CAST(0 AS bit)
          END
          ELSE CAST(0 AS bit)
      END = CAST(1 AS bit)
info: Microsoft.EntityFrameworkCore.Database.Command[20101]
      Executed DbCommand (306ms) [Parameters=[@__filterDto_loai_ct_0='1' (Nullable = true), @__today_1='2026-03-16T00:00:00.0000000+07:00'], CommandType='Text', CommandTimeout='30']
      SELECT COUNT(*)
      FROM [GP_ThongTin] AS [g]
      LEFT JOIN [CT_ThongTin] AS [c] ON [g].[IdCT] = [c].[Id]
      LEFT JOIN [CT_Loai] AS [c0] ON [c].[IdLoaiCT] = [c0].[Id]
      WHERE [g].[DaXoa] = CAST(0 AS bit) AND [c0].[IdCha] = @__filterDto_loai_ct_0 AND CASE
          WHEN [g].[NgayHetHieuLuc] IS NOT NULL THEN CASE
              WHEN [g].[NgayHetHieuLuc] < @__today_1 AND [g].[DaBiThuHoi] = CAST(0 AS bit) AND ([g].[DaBiThuHoi] IS NOT NULL) THEN CAST(1 AS bit)
              ELSE CAST(0 AS bit)
          END
          ELSE CAST(0 AS bit)
      END = CAST(1 AS bit)
info: Microsoft.EntityFrameworkCore.Database.Command[20101]
      Executed DbCommand (16ms) [Parameters=[@__filterDto_loai_ct_0='1' (Nullable = true)], CommandType='Text', CommandTimeout='30']
      SELECT COUNT(*)
      FROM [GP_ThongTin] AS [g]
      LEFT JOIN [CT_ThongTin] AS [c] ON [g].[IdCT] = [c].[Id]
      LEFT JOIN [CT_Loai] AS [c0] ON [c].[IdLoaiCT] = [c0].[Id]
      WHERE [g].[DaXoa] = CAST(0 AS bit) AND [c0].[IdCha] = @__filterDto_loai_ct_0 AND [g].[DaBiThuHoi] = CAST(1 AS bit)
info: Microsoft.EntityFrameworkCore.Database.Command[20101]
      Executed DbCommand (17ms) [Parameters=[@__filterDto_loai_ct_0='1' (Nullable = true)], CommandType='Text', CommandTimeout='30']
      SELECT COUNT(*)
      FROM [GP_ThongTin] AS [g]
      LEFT JOIN [CT_ThongTin] AS [c] ON [g].[IdCT] = [c].[Id]
      LEFT JOIN [CT_Loai] AS [c0] ON [c].[IdLoaiCT] = [c0].[Id]
      WHERE [g].[DaXoa] = CAST(0 AS bit) AND [c0].[IdCha] = @__filterDto_loai_ct_0
info: Microsoft.EntityFrameworkCore.Database.Command[20101]
      Executed DbCommand (20ms) [Parameters=[@__filterDto_loai_ct_0='1' (Nullable = true), @__today_1='2026-03-16T00:00:00.0000000+07:00'], CommandType='Text', CommandTimeout='30']
      SELECT COUNT(*)
      FROM [GP_ThongTin] AS [g]
      LEFT JOIN [CT_ThongTin] AS [c] ON [g].[IdCT] = [c].[Id]
      LEFT JOIN [CT_Loai] AS [c0] ON [c].[IdLoaiCT] = [c0].[Id]
      WHERE [g].[DaXoa] = CAST(0 AS bit) AND [c0].[IdCha] = @__filterDto_loai_ct_0 AND CASE
          WHEN [g].[NgayHetHieuLuc] IS NOT NULL THEN CASE
              WHEN [g].[NgayHetHieuLuc] >= @__today_1 AND [g].[DaBiThuHoi] = CAST(0 AS bit) AND ([g].[DaBiThuHoi] IS NOT NULL) THEN CAST(1 AS bit)
              ELSE CAST(0 AS bit)
          END
          ELSE CAST(0 AS bit)
      END = CAST(1 AS bit)
info: Microsoft.EntityFrameworkCore.Database.Command[20101]
      Executed DbCommand (17ms) [Parameters=[@__filterDto_loai_ct_0='1' (Nullable = true), @__today_1='2026-03-16T00:00:00.0000000+07:00', @__AddDays_2='2027-03-16T00:00:00.0000000+07:00'], CommandType='Text', CommandTimeout='30']
      SELECT COUNT(*)
      FROM [GP_ThongTin] AS [g]
      LEFT JOIN [CT_ThongTin] AS [c] ON [g].[IdCT] = [c].[Id]
      LEFT JOIN [CT_Loai] AS [c0] ON [c].[IdLoaiCT] = [c0].[Id]
      WHERE [g].[DaXoa] = CAST(0 AS bit) AND [c0].[IdCha] = @__filterDto_loai_ct_0 AND CASE
          WHEN [g].[NgayHetHieuLuc] IS NOT NULL THEN CASE
              WHEN [g].[NgayHetHieuLuc] >= @__today_1 AND [g].[NgayHetHieuLuc] < @__AddDays_2 AND [g].[DaBiThuHoi] = CAST(0 AS bit) AND ([g].[DaBiThuHoi] IS NOT NULL) THEN CAST(1 AS bit)
              ELSE CAST(0 AS bit)
          END
          ELSE CAST(0 AS bit)
      END = CAST(1 AS bit)
info: Microsoft.EntityFrameworkCore.Database.Command[20101]
      Executed DbCommand (16ms) [Parameters=[@__filterDto_loai_ct_0='1' (Nullable = true), @__today_1='2026-03-16T00:00:00.0000000+07:00'], CommandType='Text', CommandTimeout='30']
      SELECT COUNT(*)
      FROM [GP_ThongTin] AS [g]
      LEFT JOIN [CT_ThongTin] AS [c] ON [g].[IdCT] = [c].[Id]
      LEFT JOIN [CT_Loai] AS [c0] ON [c].[IdLoaiCT] = [c0].[Id]
      WHERE [g].[DaXoa] = CAST(0 AS bit) AND [c0].[IdCha] = @__filterDto_loai_ct_0 AND CASE
          WHEN [g].[NgayHetHieuLuc] IS NOT NULL THEN CASE
              WHEN [g].[NgayHetHieuLuc] < @__today_1 AND [g].[DaBiThuHoi] = CAST(0 AS bit) AND ([g].[DaBiThuHoi] IS NOT NULL) THEN CAST(1 AS bit)
              ELSE CAST(0 AS bit)
          END
          ELSE CAST(0 AS bit)
      END = CAST(1 AS bit)
info: Microsoft.EntityFrameworkCore.Database.Command[20101]
      Executed DbCommand (17ms) [Parameters=[@__filterDto_loai_ct_0='1' (Nullable = true)], CommandType='Text', CommandTimeout='30']
      SELECT COUNT(*)
      FROM [GP_ThongTin] AS [g]
      LEFT JOIN [CT_ThongTin] AS [c] ON [g].[IdCT] = [c].[Id]
      LEFT JOIN [CT_Loai] AS [c0] ON [c].[IdLoaiCT] = [c0].[Id]
      WHERE [g].[DaXoa] = CAST(0 AS bit) AND [c0].[IdCha] = @__filterDto_loai_ct_0 AND [g].[DaBiThuHoi] = CAST(1 AS bit)
info: Microsoft.EntityFrameworkCore.Database.Command[20101]
      Executed DbCommand (228ms) [Parameters=[@__filterDto_loai_ct_0='1' (Nullable = true)], CommandType='Text', CommandTimeout='30']
      SELECT COUNT(*)
      FROM [GP_ThongTin] AS [g]
      LEFT JOIN [CT_ThongTin] AS [c] ON [g].[IdCT] = [c].[Id]
      LEFT JOIN [CT_Loai] AS [c0] ON [c].[IdLoaiCT] = [c0].[Id]
      WHERE [g].[DaXoa] = CAST(0 AS bit) AND [c0].[IdCha] = @__filterDto_loai_ct_0
info: Microsoft.EntityFrameworkCore.Database.Command[20101]
      Executed DbCommand (251ms) [Parameters=[@__filterDto_loai_ct_0='1' (Nullable = true), @__today_1='2026-03-16T00:00:00.0000000+07:00'], CommandType='Text', CommandTimeout='30']
      SELECT COUNT(*)
      FROM [GP_ThongTin] AS [g]
      LEFT JOIN [CT_ThongTin] AS [c] ON [g].[IdCT] = [c].[Id]
      LEFT JOIN [CT_Loai] AS [c0] ON [c].[IdLoaiCT] = [c0].[Id]
      WHERE [g].[DaXoa] = CAST(0 AS bit) AND [c0].[IdCha] = @__filterDto_loai_ct_0 AND CASE
          WHEN [g].[NgayHetHieuLuc] IS NOT NULL THEN CASE
              WHEN [g].[NgayHetHieuLuc] >= @__today_1 AND [g].[DaBiThuHoi] = CAST(0 AS bit) AND ([g].[DaBiThuHoi] IS NOT NULL) THEN CAST(1 AS bit)
              ELSE CAST(0 AS bit)
          END
          ELSE CAST(0 AS bit)
      END = CAST(1 AS bit)
info: Microsoft.EntityFrameworkCore.Database.Command[20101]
      Executed DbCommand (18ms) [Parameters=[@__filterDto_loai_ct_0='1' (Nullable = true), @__today_1='2026-03-16T00:00:00.0000000+07:00', @__AddDays_2='2027-03-16T00:00:00.0000000+07:00'], CommandType='Text', CommandTimeout='30']
      SELECT COUNT(*)
      FROM [GP_ThongTin] AS [g]
      LEFT JOIN [CT_ThongTin] AS [c] ON [g].[IdCT] = [c].[Id]
      LEFT JOIN [CT_Loai] AS [c0] ON [c].[IdLoaiCT] = [c0].[Id]
      WHERE [g].[DaXoa] = CAST(0 AS bit) AND [c0].[IdCha] = @__filterDto_loai_ct_0 AND CASE
          WHEN [g].[NgayHetHieuLuc] IS NOT NULL THEN CASE
              WHEN [g].[NgayHetHieuLuc] >= @__today_1 AND [g].[NgayHetHieuLuc] < @__AddDays_2 AND [g].[DaBiThuHoi] = CAST(0 AS bit) AND ([g].[DaBiThuHoi] IS NOT NULL) THEN CAST(1 AS bit)
              ELSE CAST(0 AS bit)
          END
          ELSE CAST(0 AS bit)
      END = CAST(1 AS bit)
info: Microsoft.EntityFrameworkCore.Database.Command[20101]
      Executed DbCommand (19ms) [Parameters=[@__filterDto_loai_ct_0='1' (Nullable = true), @__today_1='2026-03-16T00:00:00.0000000+07:00'], CommandType='Text', CommandTimeout='30']
      SELECT COUNT(*)
      FROM [GP_ThongTin] AS [g]
      LEFT JOIN [CT_ThongTin] AS [c] ON [g].[IdCT] = [c].[Id]
      LEFT JOIN [CT_Loai] AS [c0] ON [c].[IdLoaiCT] = [c0].[Id]
      WHERE [g].[DaXoa] = CAST(0 AS bit) AND [c0].[IdCha] = @__filterDto_loai_ct_0 AND CASE
          WHEN [g].[NgayHetHieuLuc] IS NOT NULL THEN CASE
              WHEN [g].[NgayHetHieuLuc] < @__today_1 AND [g].[DaBiThuHoi] = CAST(0 AS bit) AND ([g].[DaBiThuHoi] IS NOT NULL) THEN CAST(1 AS bit)
              ELSE CAST(0 AS bit)
          END
          ELSE CAST(0 AS bit)
      END = CAST(1 AS bit)
info: Microsoft.EntityFrameworkCore.Database.Command[20101]
      Executed DbCommand (15ms) [Parameters=[@__filterDto_loai_ct_0='1' (Nullable = true)], CommandType='Text', CommandTimeout='30']
      SELECT COUNT(*)
      FROM [GP_ThongTin] AS [g]
      LEFT JOIN [CT_ThongTin] AS [c] ON [g].[IdCT] = [c].[Id]
      LEFT JOIN [CT_Loai] AS [c0] ON [c].[IdLoaiCT] = [c0].[Id]
      WHERE [g].[DaXoa] = CAST(0 AS bit) AND [c0].[IdCha] = @__filterDto_loai_ct_0 AND [g].[DaBiThuHoi] = CAST(1 AS bit)
info: Microsoft.EntityFrameworkCore.Database.Command[20101]
      Executed DbCommand (17ms) [Parameters=[@__filterDto_loai_ct_0='1' (Nullable = true)], CommandType='Text', CommandTimeout='30']
      SELECT COUNT(*)
      FROM [GP_ThongTin] AS [g]
      LEFT JOIN [CT_ThongTin] AS [c] ON [g].[IdCT] = [c].[Id]
      LEFT JOIN [CT_Loai] AS [c0] ON [c].[IdLoaiCT] = [c0].[Id]
      WHERE [g].[DaXoa] = CAST(0 AS bit) AND [c0].[IdCha] = @__filterDto_loai_ct_0
info: Microsoft.EntityFrameworkCore.Database.Command[20101]
      Executed DbCommand (16ms) [Parameters=[@__filterDto_loai_ct_0='1' (Nullable = true), @__today_1='2026-03-16T00:00:00.0000000+07:00'], CommandType='Text', CommandTimeout='30']
      SELECT COUNT(*)
      FROM [GP_ThongTin] AS [g]
      LEFT JOIN [CT_ThongTin] AS [c] ON [g].[IdCT] = [c].[Id]
      LEFT JOIN [CT_Loai] AS [c0] ON [c].[IdLoaiCT] = [c0].[Id]
      WHERE [g].[DaXoa] = CAST(0 AS bit) AND [c0].[IdCha] = @__filterDto_loai_ct_0 AND CASE
          WHEN [g].[NgayHetHieuLuc] IS NOT NULL THEN CASE
              WHEN [g].[NgayHetHieuLuc] >= @__today_1 AND [g].[DaBiThuHoi] = CAST(0 AS bit) AND ([g].[DaBiThuHoi] IS NOT NULL) THEN CAST(1 AS bit)
              ELSE CAST(0 AS bit)
          END
          ELSE CAST(0 AS bit)
      END = CAST(1 AS bit)
info: Microsoft.EntityFrameworkCore.Database.Command[20101]
      Executed DbCommand (19ms) [Parameters=[@__filterDto_loai_ct_0='1' (Nullable = true), @__today_1='2026-03-16T00:00:00.0000000+07:00', @__AddDays_2='2027-03-16T00:00:00.0000000+07:00'], CommandType='Text', CommandTimeout='30']
      SELECT COUNT(*)
      FROM [GP_ThongTin] AS [g]
      LEFT JOIN [CT_ThongTin] AS [c] ON [g].[IdCT] = [c].[Id]
      LEFT JOIN [CT_Loai] AS [c0] ON [c].[IdLoaiCT] = [c0].[Id]
      WHERE [g].[DaXoa] = CAST(0 AS bit) AND [c0].[IdCha] = @__filterDto_loai_ct_0 AND CASE
          WHEN [g].[NgayHetHieuLuc] IS NOT NULL THEN CASE
              WHEN [g].[NgayHetHieuLuc] >= @__today_1 AND [g].[NgayHetHieuLuc] < @__AddDays_2 AND [g].[DaBiThuHoi] = CAST(0 AS bit) AND ([g].[DaBiThuHoi] IS NOT NULL) THEN CAST(1 AS bit)
              ELSE CAST(0 AS bit)
          END
          ELSE CAST(0 AS bit)
      END = CAST(1 AS bit)
info: Microsoft.EntityFrameworkCore.Database.Command[20101]
      Executed DbCommand (17ms) [Parameters=[@__filterDto_loai_ct_0='1' (Nullable = true), @__today_1='2026-03-16T00:00:00.0000000+07:00'], CommandType='Text', CommandTimeout='30']
      SELECT COUNT(*)
      FROM [GP_ThongTin] AS [g]
      LEFT JOIN [CT_ThongTin] AS [c] ON [g].[IdCT] = [c].[Id]
      LEFT JOIN [CT_Loai] AS [c0] ON [c].[IdLoaiCT] = [c0].[Id]
      WHERE [g].[DaXoa] = CAST(0 AS bit) AND [c0].[IdCha] = @__filterDto_loai_ct_0 AND CASE
          WHEN [g].[NgayHetHieuLuc] IS NOT NULL THEN CASE
              WHEN [g].[NgayHetHieuLuc] < @__today_1 AND [g].[DaBiThuHoi] = CAST(0 AS bit) AND ([g].[DaBiThuHoi] IS NOT NULL) THEN CAST(1 AS bit)
              ELSE CAST(0 AS bit)
          END
          ELSE CAST(0 AS bit)
      END = CAST(1 AS bit)
info: Microsoft.EntityFrameworkCore.Database.Command[20101]
      Executed DbCommand (15ms) [Parameters=[@__filterDto_loai_ct_0='1' (Nullable = true)], CommandType='Text', CommandTimeout='30']
      SELECT COUNT(*)
      FROM [GP_ThongTin] AS [g]
      LEFT JOIN [CT_ThongTin] AS [c] ON [g].[IdCT] = [c].[Id]
      LEFT JOIN [CT_Loai] AS [c0] ON [c].[IdLoaiCT] = [c0].[Id]
      WHERE [g].[DaXoa] = CAST(0 AS bit) AND [c0].[IdCha] = @__filterDto_loai_ct_0 AND [g].[DaBiThuHoi] = CAST(1 AS bit)
info: Microsoft.EntityFrameworkCore.Database.Command[20101]
      Executed DbCommand (175ms) [Parameters=[@__filterDto_loai_ct_0='1' (Nullable = true)], CommandType='Text', CommandTimeout='30']
      SELECT COUNT(*)
      FROM [GP_ThongTin] AS [g]
      LEFT JOIN [CT_ThongTin] AS [c] ON [g].[IdCT] = [c].[Id]
      LEFT JOIN [CT_Loai] AS [c0] ON [c].[IdLoaiCT] = [c0].[Id]
      WHERE [g].[DaXoa] = CAST(0 AS bit) AND [c0].[IdCha] = @__filterDto_loai_ct_0
info: Microsoft.EntityFrameworkCore.Database.Command[20101]
      Executed DbCommand (17ms) [Parameters=[@__filterDto_loai_ct_0='1' (Nullable = true), @__today_1='2026-03-16T00:00:00.0000000+07:00'], CommandType='Text', CommandTimeout='30']
      SELECT COUNT(*)
      FROM [GP_ThongTin] AS [g]
      LEFT JOIN [CT_ThongTin] AS [c] ON [g].[IdCT] = [c].[Id]
      LEFT JOIN [CT_Loai] AS [c0] ON [c].[IdLoaiCT] = [c0].[Id]
      WHERE [g].[DaXoa] = CAST(0 AS bit) AND [c0].[IdCha] = @__filterDto_loai_ct_0 AND CASE
          WHEN [g].[NgayHetHieuLuc] IS NOT NULL THEN CASE
              WHEN [g].[NgayHetHieuLuc] >= @__today_1 AND [g].[DaBiThuHoi] = CAST(0 AS bit) AND ([g].[DaBiThuHoi] IS NOT NULL) THEN CAST(1 AS bit)
              ELSE CAST(0 AS bit)
          END
          ELSE CAST(0 AS bit)
      END = CAST(1 AS bit)
info: Microsoft.EntityFrameworkCore.Database.Command[20101]
      Executed DbCommand (20ms) [Parameters=[@__filterDto_loai_ct_0='1' (Nullable = true), @__today_1='2026-03-16T00:00:00.0000000+07:00', @__AddDays_2='2027-03-16T00:00:00.0000000+07:00'], CommandType='Text', CommandTimeout='30']
      SELECT COUNT(*)
      FROM [GP_ThongTin] AS [g]
      LEFT JOIN [CT_ThongTin] AS [c] ON [g].[IdCT] = [c].[Id]
      LEFT JOIN [CT_Loai] AS [c0] ON [c].[IdLoaiCT] = [c0].[Id]
      WHERE [g].[DaXoa] = CAST(0 AS bit) AND [c0].[IdCha] = @__filterDto_loai_ct_0 AND CASE
          WHEN [g].[NgayHetHieuLuc] IS NOT NULL THEN CASE
              WHEN [g].[NgayHetHieuLuc] >= @__today_1 AND [g].[NgayHetHieuLuc] < @__AddDays_2 AND [g].[DaBiThuHoi] = CAST(0 AS bit) AND ([g].[DaBiThuHoi] IS NOT NULL) THEN CAST(1 AS bit)
              ELSE CAST(0 AS bit)
          END
          ELSE CAST(0 AS bit)
      END = CAST(1 AS bit)
info: Microsoft.EntityFrameworkCore.Database.Command[20101]
      Executed DbCommand (17ms) [Parameters=[@__filterDto_loai_ct_0='1' (Nullable = true), @__today_1='2026-03-16T00:00:00.0000000+07:00'], CommandType='Text', CommandTimeout='30']
      SELECT COUNT(*)
      FROM [GP_ThongTin] AS [g]
      LEFT JOIN [CT_ThongTin] AS [c] ON [g].[IdCT] = [c].[Id]
      LEFT JOIN [CT_Loai] AS [c0] ON [c].[IdLoaiCT] = [c0].[Id]
      WHERE [g].[DaXoa] = CAST(0 AS bit) AND [c0].[IdCha] = @__filterDto_loai_ct_0 AND CASE
          WHEN [g].[NgayHetHieuLuc] IS NOT NULL THEN CASE
              WHEN [g].[NgayHetHieuLuc] < @__today_1 AND [g].[DaBiThuHoi] = CAST(0 AS bit) AND ([g].[DaBiThuHoi] IS NOT NULL) THEN CAST(1 AS bit)
              ELSE CAST(0 AS bit)
          END
          ELSE CAST(0 AS bit)
      END = CAST(1 AS bit)
info: Microsoft.EntityFrameworkCore.Database.Command[20101]
      Executed DbCommand (16ms) [Parameters=[@__filterDto_loai_ct_0='1' (Nullable = true)], CommandType='Text', CommandTimeout='30']
      SELECT COUNT(*)
      FROM [GP_ThongTin] AS [g]
      LEFT JOIN [CT_ThongTin] AS [c] ON [g].[IdCT] = [c].[Id]
      LEFT JOIN [CT_Loai] AS [c0] ON [c].[IdLoaiCT] = [c0].[Id]
      WHERE [g].[DaXoa] = CAST(0 AS bit) AND [c0].[IdCha] = @__filterDto_loai_ct_0 AND [g].[DaBiThuHoi] = CAST(1 AS bit)
info: Microsoft.EntityFrameworkCore.Database.Command[20101]
      Executed DbCommand (91ms) [Parameters=[@__filterDto_loai_ct_0='1' (Nullable = true)], CommandType='Text', CommandTimeout='30']
      SELECT COUNT(*)
      FROM [GP_ThongTin] AS [g]
      LEFT JOIN [CT_ThongTin] AS [c] ON [g].[IdCT] = [c].[Id]
      LEFT JOIN [CT_Loai] AS [c0] ON [c].[IdLoaiCT] = [c0].[Id]
      WHERE [g].[DaXoa] = CAST(0 AS bit) AND [c0].[IdCha] = @__filterDto_loai_ct_0
info: Microsoft.EntityFrameworkCore.Database.Command[20101]
      Executed DbCommand (17ms) [Parameters=[@__filterDto_loai_ct_0='1' (Nullable = true), @__today_1='2026-03-16T00:00:00.0000000+07:00'], CommandType='Text', CommandTimeout='30']
      SELECT COUNT(*)
      FROM [GP_ThongTin] AS [g]
      LEFT JOIN [CT_ThongTin] AS [c] ON [g].[IdCT] = [c].[Id]
      LEFT JOIN [CT_Loai] AS [c0] ON [c].[IdLoaiCT] = [c0].[Id]
      WHERE [g].[DaXoa] = CAST(0 AS bit) AND [c0].[IdCha] = @__filterDto_loai_ct_0 AND CASE
          WHEN [g].[NgayHetHieuLuc] IS NOT NULL THEN CASE
              WHEN [g].[NgayHetHieuLuc] >= @__today_1 AND [g].[DaBiThuHoi] = CAST(0 AS bit) AND ([g].[DaBiThuHoi] IS NOT NULL) THEN CAST(1 AS bit)
              ELSE CAST(0 AS bit)
          END
          ELSE CAST(0 AS bit)
      END = CAST(1 AS bit)
info: Microsoft.EntityFrameworkCore.Database.Command[20101]
      Executed DbCommand (17ms) [Parameters=[@__filterDto_loai_ct_0='1' (Nullable = true), @__today_1='2026-03-16T00:00:00.0000000+07:00', @__AddDays_2='2027-03-16T00:00:00.0000000+07:00'], CommandType='Text', CommandTimeout='30']
      SELECT COUNT(*)
      FROM [GP_ThongTin] AS [g]
      LEFT JOIN [CT_ThongTin] AS [c] ON [g].[IdCT] = [c].[Id]
      LEFT JOIN [CT_Loai] AS [c0] ON [c].[IdLoaiCT] = [c0].[Id]
      WHERE [g].[DaXoa] = CAST(0 AS bit) AND [c0].[IdCha] = @__filterDto_loai_ct_0 AND CASE
          WHEN [g].[NgayHetHieuLuc] IS NOT NULL THEN CASE
              WHEN [g].[NgayHetHieuLuc] >= @__today_1 AND [g].[NgayHetHieuLuc] < @__AddDays_2 AND [g].[DaBiThuHoi] = CAST(0 AS bit) AND ([g].[DaBiThuHoi] IS NOT NULL) THEN CAST(1 AS bit)
              ELSE CAST(0 AS bit)
          END
          ELSE CAST(0 AS bit)
      END = CAST(1 AS bit)
info: Microsoft.EntityFrameworkCore.Database.Command[20101]
      Executed DbCommand (18ms) [Parameters=[@__filterDto_loai_ct_0='1' (Nullable = true), @__today_1='2026-03-16T00:00:00.0000000+07:00'], CommandType='Text', CommandTimeout='30']
      SELECT COUNT(*)
      FROM [GP_ThongTin] AS [g]
      LEFT JOIN [CT_ThongTin] AS [c] ON [g].[IdCT] = [c].[Id]
      LEFT JOIN [CT_Loai] AS [c0] ON [c].[IdLoaiCT] = [c0].[Id]
      WHERE [g].[DaXoa] = CAST(0 AS bit) AND [c0].[IdCha] = @__filterDto_loai_ct_0 AND CASE
          WHEN [g].[NgayHetHieuLuc] IS NOT NULL THEN CASE
              WHEN [g].[NgayHetHieuLuc] < @__today_1 AND [g].[DaBiThuHoi] = CAST(0 AS bit) AND ([g].[DaBiThuHoi] IS NOT NULL) THEN CAST(1 AS bit)
              ELSE CAST(0 AS bit)
          END
          ELSE CAST(0 AS bit)
      END = CAST(1 AS bit)
info: Microsoft.EntityFrameworkCore.Database.Command[20101]
      Executed DbCommand (16ms) [Parameters=[@__filterDto_loai_ct_0='1' (Nullable = true)], CommandType='Text', CommandTimeout='30']
      SELECT COUNT(*)
      FROM [GP_ThongTin] AS [g]
      LEFT JOIN [CT_ThongTin] AS [c] ON [g].[IdCT] = [c].[Id]
      LEFT JOIN [CT_Loai] AS [c0] ON [c].[IdLoaiCT] = [c0].[Id]
      WHERE [g].[DaXoa] = CAST(0 AS bit) AND [c0].[IdCha] = @__filterDto_loai_ct_0 AND [g].[DaBiThuHoi] = CAST(1 AS bit)
info: Microsoft.EntityFrameworkCore.Database.Command[20101]
      Executed DbCommand (21ms) [Parameters=[@__filterDto_loai_ct_0='1' (Nullable = true)], CommandType='Text', CommandTimeout='30']
      SELECT COUNT(*)
      FROM [GP_ThongTin] AS [g]
      LEFT JOIN [CT_ThongTin] AS [c] ON [g].[IdCT] = [c].[Id]
      LEFT JOIN [CT_Loai] AS [c0] ON [c].[IdLoaiCT] = [c0].[Id]
      WHERE [g].[DaXoa] = CAST(0 AS bit) AND [c0].[IdCha] = @__filterDto_loai_ct_0
info: Microsoft.EntityFrameworkCore.Database.Command[20101]
      Executed DbCommand (17ms) [Parameters=[@__filterDto_loai_ct_0='1' (Nullable = true), @__today_1='2026-03-16T00:00:00.0000000+07:00'], CommandType='Text', CommandTimeout='30']
      SELECT COUNT(*)
      FROM [GP_ThongTin] AS [g]
      LEFT JOIN [CT_ThongTin] AS [c] ON [g].[IdCT] = [c].[Id]
      LEFT JOIN [CT_Loai] AS [c0] ON [c].[IdLoaiCT] = [c0].[Id]
      WHERE [g].[DaXoa] = CAST(0 AS bit) AND [c0].[IdCha] = @__filterDto_loai_ct_0 AND CASE
          WHEN [g].[NgayHetHieuLuc] IS NOT NULL THEN CASE
              WHEN [g].[NgayHetHieuLuc] >= @__today_1 AND [g].[DaBiThuHoi] = CAST(0 AS bit) AND ([g].[DaBiThuHoi] IS NOT NULL) THEN CAST(1 AS bit)
              ELSE CAST(0 AS bit)
          END
          ELSE CAST(0 AS bit)
      END = CAST(1 AS bit)
info: Microsoft.EntityFrameworkCore.Database.Command[20101]
      Executed DbCommand (17ms) [Parameters=[@__filterDto_loai_ct_0='1' (Nullable = true), @__today_1='2026-03-16T00:00:00.0000000+07:00', @__AddDays_2='2027-03-16T00:00:00.0000000+07:00'], CommandType='Text', CommandTimeout='30']
      SELECT COUNT(*)
      FROM [GP_ThongTin] AS [g]
      LEFT JOIN [CT_ThongTin] AS [c] ON [g].[IdCT] = [c].[Id]
      LEFT JOIN [CT_Loai] AS [c0] ON [c].[IdLoaiCT] = [c0].[Id]
      WHERE [g].[DaXoa] = CAST(0 AS bit) AND [c0].[IdCha] = @__filterDto_loai_ct_0 AND CASE
          WHEN [g].[NgayHetHieuLuc] IS NOT NULL THEN CASE
              WHEN [g].[NgayHetHieuLuc] >= @__today_1 AND [g].[NgayHetHieuLuc] < @__AddDays_2 AND [g].[DaBiThuHoi] = CAST(0 AS bit) AND ([g].[DaBiThuHoi] IS NOT NULL) THEN CAST(1 AS bit)
              ELSE CAST(0 AS bit)
          END
          ELSE CAST(0 AS bit)
      END = CAST(1 AS bit)
info: Microsoft.EntityFrameworkCore.Database.Command[20101]
      Executed DbCommand (16ms) [Parameters=[@__filterDto_loai_ct_0='1' (Nullable = true), @__today_1='2026-03-16T00:00:00.0000000+07:00'], CommandType='Text', CommandTimeout='30']
      SELECT COUNT(*)
      FROM [GP_ThongTin] AS [g]
      LEFT JOIN [CT_ThongTin] AS [c] ON [g].[IdCT] = [c].[Id]
      LEFT JOIN [CT_Loai] AS [c0] ON [c].[IdLoaiCT] = [c0].[Id]
      WHERE [g].[DaXoa] = CAST(0 AS bit) AND [c0].[IdCha] = @__filterDto_loai_ct_0 AND CASE
          WHEN [g].[NgayHetHieuLuc] IS NOT NULL THEN CASE
              WHEN [g].[NgayHetHieuLuc] < @__today_1 AND [g].[DaBiThuHoi] = CAST(0 AS bit) AND ([g].[DaBiThuHoi] IS NOT NULL) THEN CAST(1 AS bit)
              ELSE CAST(0 AS bit)
          END
          ELSE CAST(0 AS bit)
      END = CAST(1 AS bit)
info: Microsoft.EntityFrameworkCore.Database.Command[20101]
      Executed DbCommand (16ms) [Parameters=[@__filterDto_loai_ct_0='1' (Nullable = true)], CommandType='Text', CommandTimeout='30']
      SELECT COUNT(*)
      FROM [GP_ThongTin] AS [g]
      LEFT JOIN [CT_ThongTin] AS [c] ON [g].[IdCT] = [c].[Id]
      LEFT JOIN [CT_Loai] AS [c0] ON [c].[IdLoaiCT] = [c0].[Id]
      WHERE [g].[DaXoa] = CAST(0 AS bit) AND [c0].[IdCha] = @__filterDto_loai_ct_0 AND [g].[DaBiThuHoi] = CAST(1 AS bit)
info: Microsoft.EntityFrameworkCore.Database.Command[20101]
      Executed DbCommand (23ms) [Parameters=[@__filterDto_loai_ct_0='1' (Nullable = true)], CommandType='Text', CommandTimeout='30']
      SELECT COUNT(*)
      FROM [GP_ThongTin] AS [g]
      LEFT JOIN [CT_ThongTin] AS [c] ON [g].[IdCT] = [c].[Id]
      LEFT JOIN [CT_Loai] AS [c0] ON [c].[IdLoaiCT] = [c0].[Id]
      WHERE [g].[DaXoa] = CAST(0 AS bit) AND [c0].[IdCha] = @__filterDto_loai_ct_0
info: Microsoft.EntityFrameworkCore.Database.Command[20101]
      Executed DbCommand (18ms) [Parameters=[@__filterDto_loai_ct_0='1' (Nullable = true), @__today_1='2026-03-16T00:00:00.0000000+07:00'], CommandType='Text', CommandTimeout='30']
      SELECT COUNT(*)
      FROM [GP_ThongTin] AS [g]
      LEFT JOIN [CT_ThongTin] AS [c] ON [g].[IdCT] = [c].[Id]
      LEFT JOIN [CT_Loai] AS [c0] ON [c].[IdLoaiCT] = [c0].[Id]
      WHERE [g].[DaXoa] = CAST(0 AS bit) AND [c0].[IdCha] = @__filterDto_loai_ct_0 AND CASE
          WHEN [g].[NgayHetHieuLuc] IS NOT NULL THEN CASE
              WHEN [g].[NgayHetHieuLuc] >= @__today_1 AND [g].[DaBiThuHoi] = CAST(0 AS bit) AND ([g].[DaBiThuHoi] IS NOT NULL) THEN CAST(1 AS bit)
              ELSE CAST(0 AS bit)
          END
          ELSE CAST(0 AS bit)
      END = CAST(1 AS bit)
info: Microsoft.EntityFrameworkCore.Database.Command[20101]
      Executed DbCommand (18ms) [Parameters=[@__filterDto_loai_ct_0='1' (Nullable = true), @__today_1='2026-03-16T00:00:00.0000000+07:00', @__AddDays_2='2027-03-16T00:00:00.0000000+07:00'], CommandType='Text', CommandTimeout='30']
      SELECT COUNT(*)
      FROM [GP_ThongTin] AS [g]
      LEFT JOIN [CT_ThongTin] AS [c] ON [g].[IdCT] = [c].[Id]
      LEFT JOIN [CT_Loai] AS [c0] ON [c].[IdLoaiCT] = [c0].[Id]
      WHERE [g].[DaXoa] = CAST(0 AS bit) AND [c0].[IdCha] = @__filterDto_loai_ct_0 AND CASE
          WHEN [g].[NgayHetHieuLuc] IS NOT NULL THEN CASE
              WHEN [g].[NgayHetHieuLuc] >= @__today_1 AND [g].[NgayHetHieuLuc] < @__AddDays_2 AND [g].[DaBiThuHoi] = CAST(0 AS bit) AND ([g].[DaBiThuHoi] IS NOT NULL) THEN CAST(1 AS bit)
              ELSE CAST(0 AS bit)
          END
          ELSE CAST(0 AS bit)
      END = CAST(1 AS bit)
info: Microsoft.EntityFrameworkCore.Database.Command[20101]
      Executed DbCommand (20ms) [Parameters=[@__filterDto_loai_ct_0='1' (Nullable = true), @__today_1='2026-03-16T00:00:00.0000000+07:00'], CommandType='Text', CommandTimeout='30']
      SELECT COUNT(*)
      FROM [GP_ThongTin] AS [g]
      LEFT JOIN [CT_ThongTin] AS [c] ON [g].[IdCT] = [c].[Id]
      LEFT JOIN [CT_Loai] AS [c0] ON [c].[IdLoaiCT] = [c0].[Id]
      WHERE [g].[DaXoa] = CAST(0 AS bit) AND [c0].[IdCha] = @__filterDto_loai_ct_0 AND CASE
          WHEN [g].[NgayHetHieuLuc] IS NOT NULL THEN CASE
              WHEN [g].[NgayHetHieuLuc] < @__today_1 AND [g].[DaBiThuHoi] = CAST(0 AS bit) AND ([g].[DaBiThuHoi] IS NOT NULL) THEN CAST(1 AS bit)
              ELSE CAST(0 AS bit)
          END
          ELSE CAST(0 AS bit)
      END = CAST(1 AS bit)
info: Microsoft.EntityFrameworkCore.Database.Command[20101]
      Executed DbCommand (17ms) [Parameters=[@__filterDto_loai_ct_0='1' (Nullable = true)], CommandType='Text', CommandTimeout='30']
      SELECT COUNT(*)
      FROM [GP_ThongTin] AS [g]
      LEFT JOIN [CT_ThongTin] AS [c] ON [g].[IdCT] = [c].[Id]
      LEFT JOIN [CT_Loai] AS [c0] ON [c].[IdLoaiCT] = [c0].[Id]
      WHERE [g].[DaXoa] = CAST(0 AS bit) AND [c0].[IdCha] = @__filterDto_loai_ct_0 AND [g].[DaBiThuHoi] = CAST(1 AS bit)
info: Microsoft.EntityFrameworkCore.Database.Command[20101]
      Executed DbCommand (17ms) [Parameters=[@__filterDto_loai_ct_0='1' (Nullable = true)], CommandType='Text', CommandTimeout='30']
      SELECT COUNT(*)
      FROM [GP_ThongTin] AS [g]
      LEFT JOIN [CT_ThongTin] AS [c] ON [g].[IdCT] = [c].[Id]
      LEFT JOIN [CT_Loai] AS [c0] ON [c].[IdLoaiCT] = [c0].[Id]
      WHERE [g].[DaXoa] = CAST(0 AS bit) AND [c0].[IdCha] = @__filterDto_loai_ct_0
info: Microsoft.EntityFrameworkCore.Database.Command[20101]
      Executed DbCommand (17ms) [Parameters=[@__filterDto_loai_ct_0='1' (Nullable = true), @__today_1='2026-03-16T00:00:00.0000000+07:00'], CommandType='Text', CommandTimeout='30']
      SELECT COUNT(*)
      FROM [GP_ThongTin] AS [g]
      LEFT JOIN [CT_ThongTin] AS [c] ON [g].[IdCT] = [c].[Id]
      LEFT JOIN [CT_Loai] AS [c0] ON [c].[IdLoaiCT] = [c0].[Id]
      WHERE [g].[DaXoa] = CAST(0 AS bit) AND [c0].[IdCha] = @__filterDto_loai_ct_0 AND CASE
          WHEN [g].[NgayHetHieuLuc] IS NOT NULL THEN CASE
              WHEN [g].[NgayHetHieuLuc] >= @__today_1 AND [g].[DaBiThuHoi] = CAST(0 AS bit) AND ([g].[DaBiThuHoi] IS NOT NULL) THEN CAST(1 AS bit)
              ELSE CAST(0 AS bit)
          END
          ELSE CAST(0 AS bit)
      END = CAST(1 AS bit)
info: Microsoft.EntityFrameworkCore.Database.Command[20101]
      Executed DbCommand (17ms) [Parameters=[@__filterDto_loai_ct_0='1' (Nullable = true), @__today_1='2026-03-16T00:00:00.0000000+07:00', @__AddDays_2='2027-03-16T00:00:00.0000000+07:00'], CommandType='Text', CommandTimeout='30']
      SELECT COUNT(*)
      FROM [GP_ThongTin] AS [g]
      LEFT JOIN [CT_ThongTin] AS [c] ON [g].[IdCT] = [c].[Id]
      LEFT JOIN [CT_Loai] AS [c0] ON [c].[IdLoaiCT] = [c0].[Id]
      WHERE [g].[DaXoa] = CAST(0 AS bit) AND [c0].[IdCha] = @__filterDto_loai_ct_0 AND CASE
          WHEN [g].[NgayHetHieuLuc] IS NOT NULL THEN CASE
              WHEN [g].[NgayHetHieuLuc] >= @__today_1 AND [g].[NgayHetHieuLuc] < @__AddDays_2 AND [g].[DaBiThuHoi] = CAST(0 AS bit) AND ([g].[DaBiThuHoi] IS NOT NULL) THEN CAST(1 AS bit)
              ELSE CAST(0 AS bit)
          END
          ELSE CAST(0 AS bit)
      END = CAST(1 AS bit)
info: Microsoft.EntityFrameworkCore.Database.Command[20101]
      Executed DbCommand (16ms) [Parameters=[@__filterDto_loai_ct_0='1' (Nullable = true), @__today_1='2026-03-16T00:00:00.0000000+07:00'], CommandType='Text', CommandTimeout='30']
      SELECT COUNT(*)
      FROM [GP_ThongTin] AS [g]
      LEFT JOIN [CT_ThongTin] AS [c] ON [g].[IdCT] = [c].[Id]
      LEFT JOIN [CT_Loai] AS [c0] ON [c].[IdLoaiCT] = [c0].[Id]
      WHERE [g].[DaXoa] = CAST(0 AS bit) AND [c0].[IdCha] = @__filterDto_loai_ct_0 AND CASE
          WHEN [g].[NgayHetHieuLuc] IS NOT NULL THEN CASE
              WHEN [g].[NgayHetHieuLuc] < @__today_1 AND [g].[DaBiThuHoi] = CAST(0 AS bit) AND ([g].[DaBiThuHoi] IS NOT NULL) THEN CAST(1 AS bit)
              ELSE CAST(0 AS bit)
          END
          ELSE CAST(0 AS bit)
      END = CAST(1 AS bit)
info: Microsoft.EntityFrameworkCore.Database.Command[20101]
      Executed DbCommand (16ms) [Parameters=[@__filterDto_loai_ct_0='1' (Nullable = true)], CommandType='Text', CommandTimeout='30']
      SELECT COUNT(*)
      FROM [GP_ThongTin] AS [g]
      LEFT JOIN [CT_ThongTin] AS [c] ON [g].[IdCT] = [c].[Id]
      LEFT JOIN [CT_Loai] AS [c0] ON [c].[IdLoaiCT] = [c0].[Id]
      WHERE [g].[DaXoa] = CAST(0 AS bit) AND [c0].[IdCha] = @__filterDto_loai_ct_0 AND [g].[DaBiThuHoi] = CAST(1 AS bit)
info: Microsoft.EntityFrameworkCore.Database.Command[20101]
      Executed DbCommand (170ms) [Parameters=[@__filterDto_loai_ct_0='1' (Nullable = true)], CommandType='Text', CommandTimeout='30']
      SELECT COUNT(*)
      FROM [GP_ThongTin] AS [g]
      LEFT JOIN [CT_ThongTin] AS [c] ON [g].[IdCT] = [c].[Id]
      LEFT JOIN [CT_Loai] AS [c0] ON [c].[IdLoaiCT] = [c0].[Id]
      WHERE [g].[DaXoa] = CAST(0 AS bit) AND [c0].[IdCha] = @__filterDto_loai_ct_0
info: Microsoft.EntityFrameworkCore.Database.Command[20101]
      Executed DbCommand (17ms) [Parameters=[@__filterDto_loai_ct_0='1' (Nullable = true), @__today_1='2026-03-16T00:00:00.0000000+07:00'], CommandType='Text', CommandTimeout='30']
      SELECT COUNT(*)
      FROM [GP_ThongTin] AS [g]
      LEFT JOIN [CT_ThongTin] AS [c] ON [g].[IdCT] = [c].[Id]
      LEFT JOIN [CT_Loai] AS [c0] ON [c].[IdLoaiCT] = [c0].[Id]
      WHERE [g].[DaXoa] = CAST(0 AS bit) AND [c0].[IdCha] = @__filterDto_loai_ct_0 AND CASE
          WHEN [g].[NgayHetHieuLuc] IS NOT NULL THEN CASE
              WHEN [g].[NgayHetHieuLuc] >= @__today_1 AND [g].[DaBiThuHoi] = CAST(0 AS bit) AND ([g].[DaBiThuHoi] IS NOT NULL) THEN CAST(1 AS bit)
              ELSE CAST(0 AS bit)
          END
          ELSE CAST(0 AS bit)
      END = CAST(1 AS bit)
info: Microsoft.EntityFrameworkCore.Database.Command[20101]
      Executed DbCommand (17ms) [Parameters=[@__filterDto_loai_ct_0='1' (Nullable = true), @__today_1='2026-03-16T00:00:00.0000000+07:00', @__AddDays_2='2027-03-16T00:00:00.0000000+07:00'], CommandType='Text', CommandTimeout='30']
      SELECT COUNT(*)
      FROM [GP_ThongTin] AS [g]
      LEFT JOIN [CT_ThongTin] AS [c] ON [g].[IdCT] = [c].[Id]
      LEFT JOIN [CT_Loai] AS [c0] ON [c].[IdLoaiCT] = [c0].[Id]
      WHERE [g].[DaXoa] = CAST(0 AS bit) AND [c0].[IdCha] = @__filterDto_loai_ct_0 AND CASE
          WHEN [g].[NgayHetHieuLuc] IS NOT NULL THEN CASE
              WHEN [g].[NgayHetHieuLuc] >= @__today_1 AND [g].[NgayHetHieuLuc] < @__AddDays_2 AND [g].[DaBiThuHoi] = CAST(0 AS bit) AND ([g].[DaBiThuHoi] IS NOT NULL) THEN CAST(1 AS bit)
              ELSE CAST(0 AS bit)
          END
          ELSE CAST(0 AS bit)
      END = CAST(1 AS bit)
info: Microsoft.EntityFrameworkCore.Database.Command[20101]
      Executed DbCommand (16ms) [Parameters=[@__filterDto_loai_ct_0='1' (Nullable = true), @__today_1='2026-03-16T00:00:00.0000000+07:00'], CommandType='Text', CommandTimeout='30']
      SELECT COUNT(*)
      FROM [GP_ThongTin] AS [g]
      LEFT JOIN [CT_ThongTin] AS [c] ON [g].[IdCT] = [c].[Id]
      LEFT JOIN [CT_Loai] AS [c0] ON [c].[IdLoaiCT] = [c0].[Id]
      WHERE [g].[DaXoa] = CAST(0 AS bit) AND [c0].[IdCha] = @__filterDto_loai_ct_0 AND CASE
          WHEN [g].[NgayHetHieuLuc] IS NOT NULL THEN CASE
              WHEN [g].[NgayHetHieuLuc] < @__today_1 AND [g].[DaBiThuHoi] = CAST(0 AS bit) AND ([g].[DaBiThuHoi] IS NOT NULL) THEN CAST(1 AS bit)
              ELSE CAST(0 AS bit)
          END
          ELSE CAST(0 AS bit)
      END = CAST(1 AS bit)
info: Microsoft.EntityFrameworkCore.Database.Command[20101]
      Executed DbCommand (15ms) [Parameters=[@__filterDto_loai_ct_0='1' (Nullable = true)], CommandType='Text', CommandTimeout='30']
      SELECT COUNT(*)
      FROM [GP_ThongTin] AS [g]
      LEFT JOIN [CT_ThongTin] AS [c] ON [g].[IdCT] = [c].[Id]
      LEFT JOIN [CT_Loai] AS [c0] ON [c].[IdLoaiCT] = [c0].[Id]
      WHERE [g].[DaXoa] = CAST(0 AS bit) AND [c0].[IdCha] = @__filterDto_loai_ct_0 AND [g].[DaBiThuHoi] = CAST(1 AS bit)
info: Microsoft.EntityFrameworkCore.Database.Command[20101]
      Executed DbCommand (162ms) [Parameters=[@__filterDto_loai_ct_0='1' (Nullable = true)], CommandType='Text', CommandTimeout='30']
      SELECT COUNT(*)
      FROM [GP_ThongTin] AS [g]
      LEFT JOIN [CT_ThongTin] AS [c] ON [g].[IdCT] = [c].[Id]
      LEFT JOIN [CT_Loai] AS [c0] ON [c].[IdLoaiCT] = [c0].[Id]
      WHERE [g].[DaXoa] = CAST(0 AS bit) AND [c0].[IdCha] = @__filterDto_loai_ct_0
info: Microsoft.EntityFrameworkCore.Database.Command[20101]
      Executed DbCommand (20ms) [Parameters=[@__filterDto_loai_ct_0='1' (Nullable = true), @__today_1='2026-03-16T00:00:00.0000000+07:00'], CommandType='Text', CommandTimeout='30']
      SELECT COUNT(*)
      FROM [GP_ThongTin] AS [g]
      LEFT JOIN [CT_ThongTin] AS [c] ON [g].[IdCT] = [c].[Id]
      LEFT JOIN [CT_Loai] AS [c0] ON [c].[IdLoaiCT] = [c0].[Id]
      WHERE [g].[DaXoa] = CAST(0 AS bit) AND [c0].[IdCha] = @__filterDto_loai_ct_0 AND CASE
          WHEN [g].[NgayHetHieuLuc] IS NOT NULL THEN CASE
              WHEN [g].[NgayHetHieuLuc] >= @__today_1 AND [g].[DaBiThuHoi] = CAST(0 AS bit) AND ([g].[DaBiThuHoi] IS NOT NULL) THEN CAST(1 AS bit)
              ELSE CAST(0 AS bit)
          END
          ELSE CAST(0 AS bit)
      END = CAST(1 AS bit)
info: Microsoft.EntityFrameworkCore.Database.Command[20101]
      Executed DbCommand (19ms) [Parameters=[@__filterDto_loai_ct_0='1' (Nullable = true), @__today_1='2026-03-16T00:00:00.0000000+07:00', @__AddDays_2='2027-03-16T00:00:00.0000000+07:00'], CommandType='Text', CommandTimeout='30']
      SELECT COUNT(*)
      FROM [GP_ThongTin] AS [g]
      LEFT JOIN [CT_ThongTin] AS [c] ON [g].[IdCT] = [c].[Id]
      LEFT JOIN [CT_Loai] AS [c0] ON [c].[IdLoaiCT] = [c0].[Id]
      WHERE [g].[DaXoa] = CAST(0 AS bit) AND [c0].[IdCha] = @__filterDto_loai_ct_0 AND CASE
          WHEN [g].[NgayHetHieuLuc] IS NOT NULL THEN CASE
              WHEN [g].[NgayHetHieuLuc] >= @__today_1 AND [g].[NgayHetHieuLuc] < @__AddDays_2 AND [g].[DaBiThuHoi] = CAST(0 AS bit) AND ([g].[DaBiThuHoi] IS NOT NULL) THEN CAST(1 AS bit)
              ELSE CAST(0 AS bit)
          END
          ELSE CAST(0 AS bit)
      END = CAST(1 AS bit)
info: Microsoft.EntityFrameworkCore.Database.Command[20101]
      Executed DbCommand (18ms) [Parameters=[@__filterDto_loai_ct_0='1' (Nullable = true), @__today_1='2026-03-16T00:00:00.0000000+07:00'], CommandType='Text', CommandTimeout='30']
      SELECT COUNT(*)
      FROM [GP_ThongTin] AS [g]
      LEFT JOIN [CT_ThongTin] AS [c] ON [g].[IdCT] = [c].[Id]
      LEFT JOIN [CT_Loai] AS [c0] ON [c].[IdLoaiCT] = [c0].[Id]
      WHERE [g].[DaXoa] = CAST(0 AS bit) AND [c0].[IdCha] = @__filterDto_loai_ct_0 AND CASE
          WHEN [g].[NgayHetHieuLuc] IS NOT NULL THEN CASE
              WHEN [g].[NgayHetHieuLuc] < @__today_1 AND [g].[DaBiThuHoi] = CAST(0 AS bit) AND ([g].[DaBiThuHoi] IS NOT NULL) THEN CAST(1 AS bit)
              ELSE CAST(0 AS bit)
          END
          ELSE CAST(0 AS bit)
      END = CAST(1 AS bit)
info: Microsoft.EntityFrameworkCore.Database.Command[20101]
      Executed DbCommand (16ms) [Parameters=[@__filterDto_loai_ct_0='1' (Nullable = true)], CommandType='Text', CommandTimeout='30']
      SELECT COUNT(*)
      FROM [GP_ThongTin] AS [g]
      LEFT JOIN [CT_ThongTin] AS [c] ON [g].[IdCT] = [c].[Id]
      LEFT JOIN [CT_Loai] AS [c0] ON [c].[IdLoaiCT] = [c0].[Id]
      WHERE [g].[DaXoa] = CAST(0 AS bit) AND [c0].[IdCha] = @__filterDto_loai_ct_0 AND [g].[DaBiThuHoi] = CAST(1 AS bit)
info: Microsoft.EntityFrameworkCore.Database.Command[20101]
      Executed DbCommand (16ms) [Parameters=[@__filterDto_loai_ct_0='1' (Nullable = true)], CommandType='Text', CommandTimeout='30']
      SELECT COUNT(*)
      FROM [GP_ThongTin] AS [g]
      LEFT JOIN [CT_ThongTin] AS [c] ON [g].[IdCT] = [c].[Id]
      LEFT JOIN [CT_Loai] AS [c0] ON [c].[IdLoaiCT] = [c0].[Id]
      WHERE [g].[DaXoa] = CAST(0 AS bit) AND [c0].[IdCha] = @__filterDto_loai_ct_0
info: Microsoft.EntityFrameworkCore.Database.Command[20101]
      Executed DbCommand (18ms) [Parameters=[@__filterDto_loai_ct_0='1' (Nullable = true), @__today_1='2026-03-16T00:00:00.0000000+07:00'], CommandType='Text', CommandTimeout='30']
      SELECT COUNT(*)
      FROM [GP_ThongTin] AS [g]
      LEFT JOIN [CT_ThongTin] AS [c] ON [g].[IdCT] = [c].[Id]
      LEFT JOIN [CT_Loai] AS [c0] ON [c].[IdLoaiCT] = [c0].[Id]
      WHERE [g].[DaXoa] = CAST(0 AS bit) AND [c0].[IdCha] = @__filterDto_loai_ct_0 AND CASE
          WHEN [g].[NgayHetHieuLuc] IS NOT NULL THEN CASE
              WHEN [g].[NgayHetHieuLuc] >= @__today_1 AND [g].[DaBiThuHoi] = CAST(0 AS bit) AND ([g].[DaBiThuHoi] IS NOT NULL) THEN CAST(1 AS bit)
              ELSE CAST(0 AS bit)
          END
          ELSE CAST(0 AS bit)
      END = CAST(1 AS bit)
info: Microsoft.EntityFrameworkCore.Database.Command[20101]
      Executed DbCommand (267ms) [Parameters=[@__filterDto_loai_ct_0='1' (Nullable = true), @__today_1='2026-03-16T00:00:00.0000000+07:00', @__AddDays_2='2027-03-16T00:00:00.0000000+07:00'], CommandType='Text', CommandTimeout='30']
      SELECT COUNT(*)
      FROM [GP_ThongTin] AS [g]
      LEFT JOIN [CT_ThongTin] AS [c] ON [g].[IdCT] = [c].[Id]
      LEFT JOIN [CT_Loai] AS [c0] ON [c].[IdLoaiCT] = [c0].[Id]
      WHERE [g].[DaXoa] = CAST(0 AS bit) AND [c0].[IdCha] = @__filterDto_loai_ct_0 AND CASE
          WHEN [g].[NgayHetHieuLuc] IS NOT NULL THEN CASE
              WHEN [g].[NgayHetHieuLuc] >= @__today_1 AND [g].[NgayHetHieuLuc] < @__AddDays_2 AND [g].[DaBiThuHoi] = CAST(0 AS bit) AND ([g].[DaBiThuHoi] IS NOT NULL) THEN CAST(1 AS bit)
              ELSE CAST(0 AS bit)
          END
          ELSE CAST(0 AS bit)
      END = CAST(1 AS bit)
info: Microsoft.EntityFrameworkCore.Database.Command[20101]
      Executed DbCommand (18ms) [Parameters=[@__filterDto_loai_ct_0='1' (Nullable = true), @__today_1='2026-03-16T00:00:00.0000000+07:00'], CommandType='Text', CommandTimeout='30']
      SELECT COUNT(*)
      FROM [GP_ThongTin] AS [g]
      LEFT JOIN [CT_ThongTin] AS [c] ON [g].[IdCT] = [c].[Id]
      LEFT JOIN [CT_Loai] AS [c0] ON [c].[IdLoaiCT] = [c0].[Id]
      WHERE [g].[DaXoa] = CAST(0 AS bit) AND [c0].[IdCha] = @__filterDto_loai_ct_0 AND CASE
          WHEN [g].[NgayHetHieuLuc] IS NOT NULL THEN CASE
              WHEN [g].[NgayHetHieuLuc] < @__today_1 AND [g].[DaBiThuHoi] = CAST(0 AS bit) AND ([g].[DaBiThuHoi] IS NOT NULL) THEN CAST(1 AS bit)
              ELSE CAST(0 AS bit)
          END
          ELSE CAST(0 AS bit)
      END = CAST(1 AS bit)
info: Microsoft.EntityFrameworkCore.Database.Command[20101]
      Executed DbCommand (16ms) [Parameters=[@__filterDto_loai_ct_0='1' (Nullable = true)], CommandType='Text', CommandTimeout='30']
      SELECT COUNT(*)
      FROM [GP_ThongTin] AS [g]
      LEFT JOIN [CT_ThongTin] AS [c] ON [g].[IdCT] = [c].[Id]
      LEFT JOIN [CT_Loai] AS [c0] ON [c].[IdLoaiCT] = [c0].[Id]
      WHERE [g].[DaXoa] = CAST(0 AS bit) AND [c0].[IdCha] = @__filterDto_loai_ct_0 AND [g].[DaBiThuHoi] = CAST(1 AS bit)
info: Microsoft.EntityFrameworkCore.Database.Command[20101]
      Executed DbCommand (20ms) [Parameters=[@__filterDto_loai_ct_0='1' (Nullable = true)], CommandType='Text', CommandTimeout='30']
      SELECT COUNT(*)
      FROM [GP_ThongTin] AS [g]
      LEFT JOIN [CT_ThongTin] AS [c] ON [g].[IdCT] = [c].[Id]
      LEFT JOIN [CT_Loai] AS [c0] ON [c].[IdLoaiCT] = [c0].[Id]
      WHERE [g].[DaXoa] = CAST(0 AS bit) AND [c0].[IdCha] = @__filterDto_loai_ct_0
info: Microsoft.EntityFrameworkCore.Database.Command[20101]
      Executed DbCommand (20ms) [Parameters=[@__filterDto_loai_ct_0='1' (Nullable = true), @__today_1='2026-03-16T00:00:00.0000000+07:00'], CommandType='Text', CommandTimeout='30']
      SELECT COUNT(*)
      FROM [GP_ThongTin] AS [g]
      LEFT JOIN [CT_ThongTin] AS [c] ON [g].[IdCT] = [c].[Id]
      LEFT JOIN [CT_Loai] AS [c0] ON [c].[IdLoaiCT] = [c0].[Id]
      WHERE [g].[DaXoa] = CAST(0 AS bit) AND [c0].[IdCha] = @__filterDto_loai_ct_0 AND CASE
          WHEN [g].[NgayHetHieuLuc] IS NOT NULL THEN CASE
              WHEN [g].[NgayHetHieuLuc] >= @__today_1 AND [g].[DaBiThuHoi] = CAST(0 AS bit) AND ([g].[DaBiThuHoi] IS NOT NULL) THEN CAST(1 AS bit)
              ELSE CAST(0 AS bit)
          END
          ELSE CAST(0 AS bit)
      END = CAST(1 AS bit)
info: Microsoft.EntityFrameworkCore.Database.Command[20101]
      Executed DbCommand (18ms) [Parameters=[@__filterDto_loai_ct_0='1' (Nullable = true), @__today_1='2026-03-16T00:00:00.0000000+07:00', @__AddDays_2='2027-03-16T00:00:00.0000000+07:00'], CommandType='Text', CommandTimeout='30']
      SELECT COUNT(*)
      FROM [GP_ThongTin] AS [g]
      LEFT JOIN [CT_ThongTin] AS [c] ON [g].[IdCT] = [c].[Id]
      LEFT JOIN [CT_Loai] AS [c0] ON [c].[IdLoaiCT] = [c0].[Id]
      WHERE [g].[DaXoa] = CAST(0 AS bit) AND [c0].[IdCha] = @__filterDto_loai_ct_0 AND CASE
          WHEN [g].[NgayHetHieuLuc] IS NOT NULL THEN CASE
              WHEN [g].[NgayHetHieuLuc] >= @__today_1 AND [g].[NgayHetHieuLuc] < @__AddDays_2 AND [g].[DaBiThuHoi] = CAST(0 AS bit) AND ([g].[DaBiThuHoi] IS NOT NULL) THEN CAST(1 AS bit)
              ELSE CAST(0 AS bit)
          END
          ELSE CAST(0 AS bit)
      END = CAST(1 AS bit)
info: Microsoft.EntityFrameworkCore.Database.Command[20101]
      Executed DbCommand (17ms) [Parameters=[@__filterDto_loai_ct_0='1' (Nullable = true), @__today_1='2026-03-16T00:00:00.0000000+07:00'], CommandType='Text', CommandTimeout='30']
      SELECT COUNT(*)
      FROM [GP_ThongTin] AS [g]
      LEFT JOIN [CT_ThongTin] AS [c] ON [g].[IdCT] = [c].[Id]
      LEFT JOIN [CT_Loai] AS [c0] ON [c].[IdLoaiCT] = [c0].[Id]
      WHERE [g].[DaXoa] = CAST(0 AS bit) AND [c0].[IdCha] = @__filterDto_loai_ct_0 AND CASE
          WHEN [g].[NgayHetHieuLuc] IS NOT NULL THEN CASE
              WHEN [g].[NgayHetHieuLuc] < @__today_1 AND [g].[DaBiThuHoi] = CAST(0 AS bit) AND ([g].[DaBiThuHoi] IS NOT NULL) THEN CAST(1 AS bit)
              ELSE CAST(0 AS bit)
          END
          ELSE CAST(0 AS bit)
      END = CAST(1 AS bit)
info: Microsoft.EntityFrameworkCore.Database.Command[20101]
      Executed DbCommand (244ms) [Parameters=[@__filterDto_loai_ct_0='1' (Nullable = true)], CommandType='Text', CommandTimeout='30']
      SELECT COUNT(*)
      FROM [GP_ThongTin] AS [g]
      LEFT JOIN [CT_ThongTin] AS [c] ON [g].[IdCT] = [c].[Id]
      LEFT JOIN [CT_Loai] AS [c0] ON [c].[IdLoaiCT] = [c0].[Id]
      WHERE [g].[DaXoa] = CAST(0 AS bit) AND [c0].[IdCha] = @__filterDto_loai_ct_0 AND [g].[DaBiThuHoi] = CAST(1 AS bit)
info: Microsoft.EntityFrameworkCore.Database.Command[20101]
      Executed DbCommand (127ms) [Parameters=[@__filterDto_loai_ct_0='1' (Nullable = true)], CommandType='Text', CommandTimeout='30']
      SELECT COUNT(*)
      FROM [GP_ThongTin] AS [g]
      LEFT JOIN [CT_ThongTin] AS [c] ON [g].[IdCT] = [c].[Id]
      LEFT JOIN [CT_Loai] AS [c0] ON [c].[IdLoaiCT] = [c0].[Id]
      WHERE [g].[DaXoa] = CAST(0 AS bit) AND [c0].[IdCha] = @__filterDto_loai_ct_0
info: Microsoft.EntityFrameworkCore.Database.Command[20101]
      Executed DbCommand (19ms) [Parameters=[@__filterDto_loai_ct_0='1' (Nullable = true), @__today_1='2026-03-16T00:00:00.0000000+07:00'], CommandType='Text', CommandTimeout='30']
      SELECT COUNT(*)
      FROM [GP_ThongTin] AS [g]
      LEFT JOIN [CT_ThongTin] AS [c] ON [g].[IdCT] = [c].[Id]
      LEFT JOIN [CT_Loai] AS [c0] ON [c].[IdLoaiCT] = [c0].[Id]
      WHERE [g].[DaXoa] = CAST(0 AS bit) AND [c0].[IdCha] = @__filterDto_loai_ct_0 AND CASE
          WHEN [g].[NgayHetHieuLuc] IS NOT NULL THEN CASE
              WHEN [g].[NgayHetHieuLuc] >= @__today_1 AND [g].[DaBiThuHoi] = CAST(0 AS bit) AND ([g].[DaBiThuHoi] IS NOT NULL) THEN CAST(1 AS bit)
              ELSE CAST(0 AS bit)
          END
          ELSE CAST(0 AS bit)
      END = CAST(1 AS bit)
info: Microsoft.EntityFrameworkCore.Database.Command[20101]
      Executed DbCommand (17ms) [Parameters=[@__filterDto_loai_ct_0='1' (Nullable = true), @__today_1='2026-03-16T00:00:00.0000000+07:00', @__AddDays_2='2027-03-16T00:00:00.0000000+07:00'], CommandType='Text', CommandTimeout='30']
      SELECT COUNT(*)
      FROM [GP_ThongTin] AS [g]
      LEFT JOIN [CT_ThongTin] AS [c] ON [g].[IdCT] = [c].[Id]
      LEFT JOIN [CT_Loai] AS [c0] ON [c].[IdLoaiCT] = [c0].[Id]
      WHERE [g].[DaXoa] = CAST(0 AS bit) AND [c0].[IdCha] = @__filterDto_loai_ct_0 AND CASE
          WHEN [g].[NgayHetHieuLuc] IS NOT NULL THEN CASE
              WHEN [g].[NgayHetHieuLuc] >= @__today_1 AND [g].[NgayHetHieuLuc] < @__AddDays_2 AND [g].[DaBiThuHoi] = CAST(0 AS bit) AND ([g].[DaBiThuHoi] IS NOT NULL) THEN CAST(1 AS bit)
              ELSE CAST(0 AS bit)
          END
          ELSE CAST(0 AS bit)
      END = CAST(1 AS bit)
info: Microsoft.EntityFrameworkCore.Database.Command[20101]
      Executed DbCommand (17ms) [Parameters=[@__filterDto_loai_ct_0='1' (Nullable = true), @__today_1='2026-03-16T00:00:00.0000000+07:00'], CommandType='Text', CommandTimeout='30']
      SELECT COUNT(*)
      FROM [GP_ThongTin] AS [g]
      LEFT JOIN [CT_ThongTin] AS [c] ON [g].[IdCT] = [c].[Id]
      LEFT JOIN [CT_Loai] AS [c0] ON [c].[IdLoaiCT] = [c0].[Id]
      WHERE [g].[DaXoa] = CAST(0 AS bit) AND [c0].[IdCha] = @__filterDto_loai_ct_0 AND CASE
          WHEN [g].[NgayHetHieuLuc] IS NOT NULL THEN CASE
              WHEN [g].[NgayHetHieuLuc] < @__today_1 AND [g].[DaBiThuHoi] = CAST(0 AS bit) AND ([g].[DaBiThuHoi] IS NOT NULL) THEN CAST(1 AS bit)
              ELSE CAST(0 AS bit)
          END
          ELSE CAST(0 AS bit)
      END = CAST(1 AS bit)
info: Microsoft.EntityFrameworkCore.Database.Command[20101]
      Executed DbCommand (16ms) [Parameters=[@__filterDto_loai_ct_0='1' (Nullable = true)], CommandType='Text', CommandTimeout='30']
      SELECT COUNT(*)
      FROM [GP_ThongTin] AS [g]
      LEFT JOIN [CT_ThongTin] AS [c] ON [g].[IdCT] = [c].[Id]
      LEFT JOIN [CT_Loai] AS [c0] ON [c].[IdLoaiCT] = [c0].[Id]
      WHERE [g].[DaXoa] = CAST(0 AS bit) AND [c0].[IdCha] = @__filterDto_loai_ct_0 AND [g].[DaBiThuHoi] = CAST(1 AS bit)
info: Microsoft.EntityFrameworkCore.Database.Command[20101]
      Executed DbCommand (17ms) [Parameters=[@__filterDto_loai_ct_0='1' (Nullable = true)], CommandType='Text', CommandTimeout='30']
      SELECT COUNT(*)
      FROM [GP_ThongTin] AS [g]
      LEFT JOIN [CT_ThongTin] AS [c] ON [g].[IdCT] = [c].[Id]
      LEFT JOIN [CT_Loai] AS [c0] ON [c].[IdLoaiCT] = [c0].[Id]
      WHERE [g].[DaXoa] = CAST(0 AS bit) AND [c0].[IdCha] = @__filterDto_loai_ct_0
info: Microsoft.EntityFrameworkCore.Database.Command[20101]
      Executed DbCommand (17ms) [Parameters=[@__filterDto_loai_ct_0='1' (Nullable = true), @__today_1='2026-03-16T00:00:00.0000000+07:00'], CommandType='Text', CommandTimeout='30']
      SELECT COUNT(*)
      FROM [GP_ThongTin] AS [g]
      LEFT JOIN [CT_ThongTin] AS [c] ON [g].[IdCT] = [c].[Id]
      LEFT JOIN [CT_Loai] AS [c0] ON [c].[IdLoaiCT] = [c0].[Id]
      WHERE [g].[DaXoa] = CAST(0 AS bit) AND [c0].[IdCha] = @__filterDto_loai_ct_0 AND CASE
          WHEN [g].[NgayHetHieuLuc] IS NOT NULL THEN CASE
              WHEN [g].[NgayHetHieuLuc] >= @__today_1 AND [g].[DaBiThuHoi] = CAST(0 AS bit) AND ([g].[DaBiThuHoi] IS NOT NULL) THEN CAST(1 AS bit)
              ELSE CAST(0 AS bit)
          END
          ELSE CAST(0 AS bit)
      END = CAST(1 AS bit)
info: Microsoft.EntityFrameworkCore.Database.Command[20101]
      Executed DbCommand (17ms) [Parameters=[@__filterDto_loai_ct_0='1' (Nullable = true), @__today_1='2026-03-16T00:00:00.0000000+07:00', @__AddDays_2='2027-03-16T00:00:00.0000000+07:00'], CommandType='Text', CommandTimeout='30']
      SELECT COUNT(*)
      FROM [GP_ThongTin] AS [g]
      LEFT JOIN [CT_ThongTin] AS [c] ON [g].[IdCT] = [c].[Id]
      LEFT JOIN [CT_Loai] AS [c0] ON [c].[IdLoaiCT] = [c0].[Id]
      WHERE [g].[DaXoa] = CAST(0 AS bit) AND [c0].[IdCha] = @__filterDto_loai_ct_0 AND CASE
          WHEN [g].[NgayHetHieuLuc] IS NOT NULL THEN CASE
              WHEN [g].[NgayHetHieuLuc] >= @__today_1 AND [g].[NgayHetHieuLuc] < @__AddDays_2 AND [g].[DaBiThuHoi] = CAST(0 AS bit) AND ([g].[DaBiThuHoi] IS NOT NULL) THEN CAST(1 AS bit)
              ELSE CAST(0 AS bit)
          END
          ELSE CAST(0 AS bit)
      END = CAST(1 AS bit)
info: Microsoft.EntityFrameworkCore.Database.Command[20101]
      Executed DbCommand (17ms) [Parameters=[@__filterDto_loai_ct_0='1' (Nullable = true), @__today_1='2026-03-16T00:00:00.0000000+07:00'], CommandType='Text', CommandTimeout='30']
      SELECT COUNT(*)
      FROM [GP_ThongTin] AS [g]
      LEFT JOIN [CT_ThongTin] AS [c] ON [g].[IdCT] = [c].[Id]
      LEFT JOIN [CT_Loai] AS [c0] ON [c].[IdLoaiCT] = [c0].[Id]
      WHERE [g].[DaXoa] = CAST(0 AS bit) AND [c0].[IdCha] = @__filterDto_loai_ct_0 AND CASE
          WHEN [g].[NgayHetHieuLuc] IS NOT NULL THEN CASE
              WHEN [g].[NgayHetHieuLuc] < @__today_1 AND [g].[DaBiThuHoi] = CAST(0 AS bit) AND ([g].[DaBiThuHoi] IS NOT NULL) THEN CAST(1 AS bit)
              ELSE CAST(0 AS bit)
          END
          ELSE CAST(0 AS bit)
      END = CAST(1 AS bit)
info: Microsoft.EntityFrameworkCore.Database.Command[20101]
      Executed DbCommand (277ms) [Parameters=[@__filterDto_loai_ct_0='1' (Nullable = true)], CommandType='Text', CommandTimeout='30']
      SELECT COUNT(*)
      FROM [GP_ThongTin] AS [g]
      LEFT JOIN [CT_ThongTin] AS [c] ON [g].[IdCT] = [c].[Id]
      LEFT JOIN [CT_Loai] AS [c0] ON [c].[IdLoaiCT] = [c0].[Id]
      WHERE [g].[DaXoa] = CAST(0 AS bit) AND [c0].[IdCha] = @__filterDto_loai_ct_0 AND [g].[DaBiThuHoi] = CAST(1 AS bit)
info: Microsoft.EntityFrameworkCore.Database.Command[20101]
      Executed DbCommand (45ms) [Parameters=[@__filterDto_loai_ct_0='1' (Nullable = true)], CommandType='Text', CommandTimeout='30']
      SELECT COUNT(*)
      FROM [GP_ThongTin] AS [g]
      LEFT JOIN [CT_ThongTin] AS [c] ON [g].[IdCT] = [c].[Id]
      LEFT JOIN [CT_Loai] AS [c0] ON [c].[IdLoaiCT] = [c0].[Id]
      WHERE [g].[DaXoa] = CAST(0 AS bit) AND [c0].[IdCha] = @__filterDto_loai_ct_0
info: Microsoft.EntityFrameworkCore.Database.Command[20101]
      Executed DbCommand (17ms) [Parameters=[@__filterDto_loai_ct_0='1' (Nullable = true), @__today_1='2026-03-16T00:00:00.0000000+07:00'], CommandType='Text', CommandTimeout='30']
      SELECT COUNT(*)
      FROM [GP_ThongTin] AS [g]
      LEFT JOIN [CT_ThongTin] AS [c] ON [g].[IdCT] = [c].[Id]
      LEFT JOIN [CT_Loai] AS [c0] ON [c].[IdLoaiCT] = [c0].[Id]
      WHERE [g].[DaXoa] = CAST(0 AS bit) AND [c0].[IdCha] = @__filterDto_loai_ct_0 AND CASE
          WHEN [g].[NgayHetHieuLuc] IS NOT NULL THEN CASE
              WHEN [g].[NgayHetHieuLuc] >= @__today_1 AND [g].[DaBiThuHoi] = CAST(0 AS bit) AND ([g].[DaBiThuHoi] IS NOT NULL) THEN CAST(1 AS bit)
              ELSE CAST(0 AS bit)
          END
          ELSE CAST(0 AS bit)
      END = CAST(1 AS bit)
info: Microsoft.EntityFrameworkCore.Database.Command[20101]
      Executed DbCommand (18ms) [Parameters=[@__filterDto_loai_ct_0='1' (Nullable = true), @__today_1='2026-03-16T00:00:00.0000000+07:00', @__AddDays_2='2027-03-16T00:00:00.0000000+07:00'], CommandType='Text', CommandTimeout='30']
      SELECT COUNT(*)
      FROM [GP_ThongTin] AS [g]
      LEFT JOIN [CT_ThongTin] AS [c] ON [g].[IdCT] = [c].[Id]
      LEFT JOIN [CT_Loai] AS [c0] ON [c].[IdLoaiCT] = [c0].[Id]
      WHERE [g].[DaXoa] = CAST(0 AS bit) AND [c0].[IdCha] = @__filterDto_loai_ct_0 AND CASE
          WHEN [g].[NgayHetHieuLuc] IS NOT NULL THEN CASE
              WHEN [g].[NgayHetHieuLuc] >= @__today_1 AND [g].[NgayHetHieuLuc] < @__AddDays_2 AND [g].[DaBiThuHoi] = CAST(0 AS bit) AND ([g].[DaBiThuHoi] IS NOT NULL) THEN CAST(1 AS bit)
              ELSE CAST(0 AS bit)
          END
          ELSE CAST(0 AS bit)
      END = CAST(1 AS bit)
info: Microsoft.EntityFrameworkCore.Database.Command[20101]
      Executed DbCommand (17ms) [Parameters=[@__filterDto_loai_ct_0='1' (Nullable = true), @__today_1='2026-03-16T00:00:00.0000000+07:00'], CommandType='Text', CommandTimeout='30']
      SELECT COUNT(*)
      FROM [GP_ThongTin] AS [g]
      LEFT JOIN [CT_ThongTin] AS [c] ON [g].[IdCT] = [c].[Id]
      LEFT JOIN [CT_Loai] AS [c0] ON [c].[IdLoaiCT] = [c0].[Id]
      WHERE [g].[DaXoa] = CAST(0 AS bit) AND [c0].[IdCha] = @__filterDto_loai_ct_0 AND CASE
          WHEN [g].[NgayHetHieuLuc] IS NOT NULL THEN CASE
              WHEN [g].[NgayHetHieuLuc] < @__today_1 AND [g].[DaBiThuHoi] = CAST(0 AS bit) AND ([g].[DaBiThuHoi] IS NOT NULL) THEN CAST(1 AS bit)
              ELSE CAST(0 AS bit)
          END
          ELSE CAST(0 AS bit)
      END = CAST(1 AS bit)
info: Microsoft.EntityFrameworkCore.Database.Command[20101]
      Executed DbCommand (16ms) [Parameters=[@__filterDto_loai_ct_0='1' (Nullable = true)], CommandType='Text', CommandTimeout='30']
      SELECT COUNT(*)
      FROM [GP_ThongTin] AS [g]
      LEFT JOIN [CT_ThongTin] AS [c] ON [g].[IdCT] = [c].[Id]
      LEFT JOIN [CT_Loai] AS [c0] ON [c].[IdLoaiCT] = [c0].[Id]
      WHERE [g].[DaXoa] = CAST(0 AS bit) AND [c0].[IdCha] = @__filterDto_loai_ct_0 AND [g].[DaBiThuHoi] = CAST(1 AS bit)
info: Microsoft.EntityFrameworkCore.Database.Command[20101]
      Executed DbCommand (136ms) [Parameters=[@__filterDto_loai_ct_0='1' (Nullable = true)], CommandType='Text', CommandTimeout='30']
      SELECT COUNT(*)
      FROM [GP_ThongTin] AS [g]
      LEFT JOIN [CT_ThongTin] AS [c] ON [g].[IdCT] = [c].[Id]
      LEFT JOIN [CT_Loai] AS [c0] ON [c].[IdLoaiCT] = [c0].[Id]
      WHERE [g].[DaXoa] = CAST(0 AS bit) AND [c0].[IdCha] = @__filterDto_loai_ct_0
info: Microsoft.EntityFrameworkCore.Database.Command[20101]
      Executed DbCommand (234ms) [Parameters=[@__filterDto_loai_ct_0='1' (Nullable = true), @__today_1='2026-03-16T00:00:00.0000000+07:00'], CommandType='Text', CommandTimeout='30']
      SELECT COUNT(*)
      FROM [GP_ThongTin] AS [g]
      LEFT JOIN [CT_ThongTin] AS [c] ON [g].[IdCT] = [c].[Id]
      LEFT JOIN [CT_Loai] AS [c0] ON [c].[IdLoaiCT] = [c0].[Id]
      WHERE [g].[DaXoa] = CAST(0 AS bit) AND [c0].[IdCha] = @__filterDto_loai_ct_0 AND CASE
          WHEN [g].[NgayHetHieuLuc] IS NOT NULL THEN CASE
              WHEN [g].[NgayHetHieuLuc] >= @__today_1 AND [g].[DaBiThuHoi] = CAST(0 AS bit) AND ([g].[DaBiThuHoi] IS NOT NULL) THEN CAST(1 AS bit)
              ELSE CAST(0 AS bit)
          END
          ELSE CAST(0 AS bit)
      END = CAST(1 AS bit)
info: Microsoft.EntityFrameworkCore.Database.Command[20101]
      Executed DbCommand (17ms) [Parameters=[@__filterDto_loai_ct_0='1' (Nullable = true), @__today_1='2026-03-16T00:00:00.0000000+07:00', @__AddDays_2='2027-03-16T00:00:00.0000000+07:00'], CommandType='Text', CommandTimeout='30']
      SELECT COUNT(*)
      FROM [GP_ThongTin] AS [g]
      LEFT JOIN [CT_ThongTin] AS [c] ON [g].[IdCT] = [c].[Id]
      LEFT JOIN [CT_Loai] AS [c0] ON [c].[IdLoaiCT] = [c0].[Id]
      WHERE [g].[DaXoa] = CAST(0 AS bit) AND [c0].[IdCha] = @__filterDto_loai_ct_0 AND CASE
          WHEN [g].[NgayHetHieuLuc] IS NOT NULL THEN CASE
              WHEN [g].[NgayHetHieuLuc] >= @__today_1 AND [g].[NgayHetHieuLuc] < @__AddDays_2 AND [g].[DaBiThuHoi] = CAST(0 AS bit) AND ([g].[DaBiThuHoi] IS NOT NULL) THEN CAST(1 AS bit)
              ELSE CAST(0 AS bit)
          END
          ELSE CAST(0 AS bit)
      END = CAST(1 AS bit)
info: Microsoft.EntityFrameworkCore.Database.Command[20101]
      Executed DbCommand (17ms) [Parameters=[@__filterDto_loai_ct_0='1' (Nullable = true), @__today_1='2026-03-16T00:00:00.0000000+07:00'], CommandType='Text', CommandTimeout='30']
      SELECT COUNT(*)
      FROM [GP_ThongTin] AS [g]
      LEFT JOIN [CT_ThongTin] AS [c] ON [g].[IdCT] = [c].[Id]
      LEFT JOIN [CT_Loai] AS [c0] ON [c].[IdLoaiCT] = [c0].[Id]
      WHERE [g].[DaXoa] = CAST(0 AS bit) AND [c0].[IdCha] = @__filterDto_loai_ct_0 AND CASE
          WHEN [g].[NgayHetHieuLuc] IS NOT NULL THEN CASE
              WHEN [g].[NgayHetHieuLuc] < @__today_1 AND [g].[DaBiThuHoi] = CAST(0 AS bit) AND ([g].[DaBiThuHoi] IS NOT NULL) THEN CAST(1 AS bit)
              ELSE CAST(0 AS bit)
          END
          ELSE CAST(0 AS bit)
      END = CAST(1 AS bit)
info: Microsoft.EntityFrameworkCore.Database.Command[20101]
      Executed DbCommand (17ms) [Parameters=[@__filterDto_loai_ct_0='1' (Nullable = true)], CommandType='Text', CommandTimeout='30']
      SELECT COUNT(*)
      FROM [GP_ThongTin] AS [g]
      LEFT JOIN [CT_ThongTin] AS [c] ON [g].[IdCT] = [c].[Id]
      LEFT JOIN [CT_Loai] AS [c0] ON [c].[IdLoaiCT] = [c0].[Id]
      WHERE [g].[DaXoa] = CAST(0 AS bit) AND [c0].[IdCha] = @__filterDto_loai_ct_0 AND [g].[DaBiThuHoi] = CAST(1 AS bit)
info: Microsoft.EntityFrameworkCore.Database.Command[20101]
      Executed DbCommand (18ms) [Parameters=[@__filterDto_loai_ct_0='1' (Nullable = true)], CommandType='Text', CommandTimeout='30']
      SELECT COUNT(*)
      FROM [GP_ThongTin] AS [g]
      LEFT JOIN [CT_ThongTin] AS [c] ON [g].[IdCT] = [c].[Id]
      LEFT JOIN [CT_Loai] AS [c0] ON [c].[IdLoaiCT] = [c0].[Id]
      WHERE [g].[DaXoa] = CAST(0 AS bit) AND [c0].[IdCha] = @__filterDto_loai_ct_0
info: Microsoft.EntityFrameworkCore.Database.Command[20101]
      Executed DbCommand (18ms) [Parameters=[@__filterDto_loai_ct_0='1' (Nullable = true), @__today_1='2026-03-16T00:00:00.0000000+07:00'], CommandType='Text', CommandTimeout='30']
      SELECT COUNT(*)
      FROM [GP_ThongTin] AS [g]
      LEFT JOIN [CT_ThongTin] AS [c] ON [g].[IdCT] = [c].[Id]
      LEFT JOIN [CT_Loai] AS [c0] ON [c].[IdLoaiCT] = [c0].[Id]
      WHERE [g].[DaXoa] = CAST(0 AS bit) AND [c0].[IdCha] = @__filterDto_loai_ct_0 AND CASE
          WHEN [g].[NgayHetHieuLuc] IS NOT NULL THEN CASE
              WHEN [g].[NgayHetHieuLuc] >= @__today_1 AND [g].[DaBiThuHoi] = CAST(0 AS bit) AND ([g].[DaBiThuHoi] IS NOT NULL) THEN CAST(1 AS bit)
              ELSE CAST(0 AS bit)
          END
          ELSE CAST(0 AS bit)
      END = CAST(1 AS bit)
info: Microsoft.EntityFrameworkCore.Database.Command[20101]
      Executed DbCommand (19ms) [Parameters=[@__filterDto_loai_ct_0='1' (Nullable = true), @__today_1='2026-03-16T00:00:00.0000000+07:00', @__AddDays_2='2027-03-16T00:00:00.0000000+07:00'], CommandType='Text', CommandTimeout='30']
      SELECT COUNT(*)
      FROM [GP_ThongTin] AS [g]
      LEFT JOIN [CT_ThongTin] AS [c] ON [g].[IdCT] = [c].[Id]
      LEFT JOIN [CT_Loai] AS [c0] ON [c].[IdLoaiCT] = [c0].[Id]
      WHERE [g].[DaXoa] = CAST(0 AS bit) AND [c0].[IdCha] = @__filterDto_loai_ct_0 AND CASE
          WHEN [g].[NgayHetHieuLuc] IS NOT NULL THEN CASE
              WHEN [g].[NgayHetHieuLuc] >= @__today_1 AND [g].[NgayHetHieuLuc] < @__AddDays_2 AND [g].[DaBiThuHoi] = CAST(0 AS bit) AND ([g].[DaBiThuHoi] IS NOT NULL) THEN CAST(1 AS bit)
              ELSE CAST(0 AS bit)
          END
          ELSE CAST(0 AS bit)
      END = CAST(1 AS bit)
info: Microsoft.EntityFrameworkCore.Database.Command[20101]
      Executed DbCommand (254ms) [Parameters=[@__filterDto_loai_ct_0='1' (Nullable = true), @__today_1='2026-03-16T00:00:00.0000000+07:00'], CommandType='Text', CommandTimeout='30']
      SELECT COUNT(*)
      FROM [GP_ThongTin] AS [g]
      LEFT JOIN [CT_ThongTin] AS [c] ON [g].[IdCT] = [c].[Id]
      LEFT JOIN [CT_Loai] AS [c0] ON [c].[IdLoaiCT] = [c0].[Id]
      WHERE [g].[DaXoa] = CAST(0 AS bit) AND [c0].[IdCha] = @__filterDto_loai_ct_0 AND CASE
          WHEN [g].[NgayHetHieuLuc] IS NOT NULL THEN CASE
              WHEN [g].[NgayHetHieuLuc] < @__today_1 AND [g].[DaBiThuHoi] = CAST(0 AS bit) AND ([g].[DaBiThuHoi] IS NOT NULL) THEN CAST(1 AS bit)
              ELSE CAST(0 AS bit)
          END
          ELSE CAST(0 AS bit)
      END = CAST(1 AS bit)
info: Microsoft.EntityFrameworkCore.Database.Command[20101]
      Executed DbCommand (251ms) [Parameters=[@__filterDto_loai_ct_0='1' (Nullable = true)], CommandType='Text', CommandTimeout='30']
      SELECT COUNT(*)
      FROM [GP_ThongTin] AS [g]
      LEFT JOIN [CT_ThongTin] AS [c] ON [g].[IdCT] = [c].[Id]
      LEFT JOIN [CT_Loai] AS [c0] ON [c].[IdLoaiCT] = [c0].[Id]
      WHERE [g].[DaXoa] = CAST(0 AS bit) AND [c0].[IdCha] = @__filterDto_loai_ct_0 AND [g].[DaBiThuHoi] = CAST(1 AS bit)
info: Microsoft.EntityFrameworkCore.Database.Command[20101]
      Executed DbCommand (17ms) [Parameters=[@__filterDto_loai_ct_0='1' (Nullable = true)], CommandType='Text', CommandTimeout='30']
      SELECT COUNT(*)
      FROM [GP_ThongTin] AS [g]
      LEFT JOIN [CT_ThongTin] AS [c] ON [g].[IdCT] = [c].[Id]
      LEFT JOIN [CT_Loai] AS [c0] ON [c].[IdLoaiCT] = [c0].[Id]
      WHERE [g].[DaXoa] = CAST(0 AS bit) AND [c0].[IdCha] = @__filterDto_loai_ct_0
info: Microsoft.EntityFrameworkCore.Database.Command[20101]
      Executed DbCommand (20ms) [Parameters=[@__filterDto_loai_ct_0='1' (Nullable = true), @__today_1='2026-03-16T00:00:00.0000000+07:00'], CommandType='Text', CommandTimeout='30']
      SELECT COUNT(*)
      FROM [GP_ThongTin] AS [g]
      LEFT JOIN [CT_ThongTin] AS [c] ON [g].[IdCT] = [c].[Id]
      LEFT JOIN [CT_Loai] AS [c0] ON [c].[IdLoaiCT] = [c0].[Id]
      WHERE [g].[DaXoa] = CAST(0 AS bit) AND [c0].[IdCha] = @__filterDto_loai_ct_0 AND CASE
          WHEN [g].[NgayHetHieuLuc] IS NOT NULL THEN CASE
              WHEN [g].[NgayHetHieuLuc] >= @__today_1 AND [g].[DaBiThuHoi] = CAST(0 AS bit) AND ([g].[DaBiThuHoi] IS NOT NULL) THEN CAST(1 AS bit)
              ELSE CAST(0 AS bit)
          END
          ELSE CAST(0 AS bit)
      END = CAST(1 AS bit)
info: Microsoft.EntityFrameworkCore.Database.Command[20101]
      Executed DbCommand (16ms) [Parameters=[@__filterDto_loai_ct_0='1' (Nullable = true), @__today_1='2026-03-16T00:00:00.0000000+07:00', @__AddDays_2='2027-03-16T00:00:00.0000000+07:00'], CommandType='Text', CommandTimeout='30']
      SELECT COUNT(*)
      FROM [GP_ThongTin] AS [g]
      LEFT JOIN [CT_ThongTin] AS [c] ON [g].[IdCT] = [c].[Id]
      LEFT JOIN [CT_Loai] AS [c0] ON [c].[IdLoaiCT] = [c0].[Id]
      WHERE [g].[DaXoa] = CAST(0 AS bit) AND [c0].[IdCha] = @__filterDto_loai_ct_0 AND CASE
          WHEN [g].[NgayHetHieuLuc] IS NOT NULL THEN CASE
              WHEN [g].[NgayHetHieuLuc] >= @__today_1 AND [g].[NgayHetHieuLuc] < @__AddDays_2 AND [g].[DaBiThuHoi] = CAST(0 AS bit) AND ([g].[DaBiThuHoi] IS NOT NULL) THEN CAST(1 AS bit)
              ELSE CAST(0 AS bit)
          END
          ELSE CAST(0 AS bit)
      END = CAST(1 AS bit)
info: Microsoft.EntityFrameworkCore.Database.Command[20101]
      Executed DbCommand (17ms) [Parameters=[@__filterDto_loai_ct_0='1' (Nullable = true), @__today_1='2026-03-16T00:00:00.0000000+07:00'], CommandType='Text', CommandTimeout='30']
      SELECT COUNT(*)
      FROM [GP_ThongTin] AS [g]
      LEFT JOIN [CT_ThongTin] AS [c] ON [g].[IdCT] = [c].[Id]
      LEFT JOIN [CT_Loai] AS [c0] ON [c].[IdLoaiCT] = [c0].[Id]
      WHERE [g].[DaXoa] = CAST(0 AS bit) AND [c0].[IdCha] = @__filterDto_loai_ct_0 AND CASE
          WHEN [g].[NgayHetHieuLuc] IS NOT NULL THEN CASE
              WHEN [g].[NgayHetHieuLuc] < @__today_1 AND [g].[DaBiThuHoi] = CAST(0 AS bit) AND ([g].[DaBiThuHoi] IS NOT NULL) THEN CAST(1 AS bit)
              ELSE CAST(0 AS bit)
          END
          ELSE CAST(0 AS bit)
      END = CAST(1 AS bit)
info: Microsoft.EntityFrameworkCore.Database.Command[20101]
      Executed DbCommand (16ms) [Parameters=[@__filterDto_loai_ct_0='1' (Nullable = true)], CommandType='Text', CommandTimeout='30']
      SELECT COUNT(*)
      FROM [GP_ThongTin] AS [g]
      LEFT JOIN [CT_ThongTin] AS [c] ON [g].[IdCT] = [c].[Id]
      LEFT JOIN [CT_Loai] AS [c0] ON [c].[IdLoaiCT] = [c0].[Id]
      WHERE [g].[DaXoa] = CAST(0 AS bit) AND [c0].[IdCha] = @__filterDto_loai_ct_0 AND [g].[DaBiThuHoi] = CAST(1 AS bit)
info: Microsoft.EntityFrameworkCore.Database.Command[20101]
      Executed DbCommand (200ms) [Parameters=[], CommandType='Text', CommandTimeout='30']
      SELECT [t].[Id], [t].[DaXoa], [t].[DiaChi], [t].[Email], [t].[Fax], [t].[GiamDoc], [t].[MaSoThue], [t].[NguoiDaiDienPhapLuat], [t].[NguoiDuocUyQuyen], [t].[SDT], [t].[TaiKhoan], [t].[TaiKhoanSua], [t].[TaiKhoanTao], [t].[TenTCCN], [t].[ThoiGianSua], [t].[ThoiGianTao]
      FROM [ToChuc_CaNhan] AS [t]
      WHERE [t].[DaXoa] = CAST(0 AS bit)
      ORDER BY [t].[TenTCCN]
info: Microsoft.EntityFrameworkCore.Database.Command[20101]
      Executed DbCommand (201ms) [Parameters=[@__filterDto_loai_ct_0='1' (Nullable = true)], CommandType='Text', CommandTimeout='30']
      SELECT COUNT(*)
      FROM [GP_ThongTin] AS [g]
      LEFT JOIN [CT_ThongTin] AS [c] ON [g].[IdCT] = [c].[Id]
      LEFT JOIN [CT_Loai] AS [c0] ON [c].[IdLoaiCT] = [c0].[Id]
      WHERE [g].[DaXoa] = CAST(0 AS bit) AND [c0].[IdCha] = @__filterDto_loai_ct_0
info: Microsoft.EntityFrameworkCore.Database.Command[20101]
      Executed DbCommand (18ms) [Parameters=[@__filterDto_loai_ct_0='1' (Nullable = true), @__today_1='2026-03-16T00:00:00.0000000+07:00'], CommandType='Text', CommandTimeout='30']
      SELECT COUNT(*)
      FROM [GP_ThongTin] AS [g]
      LEFT JOIN [CT_ThongTin] AS [c] ON [g].[IdCT] = [c].[Id]
      LEFT JOIN [CT_Loai] AS [c0] ON [c].[IdLoaiCT] = [c0].[Id]
      WHERE [g].[DaXoa] = CAST(0 AS bit) AND [c0].[IdCha] = @__filterDto_loai_ct_0 AND CASE
          WHEN [g].[NgayHetHieuLuc] IS NOT NULL THEN CASE
              WHEN [g].[NgayHetHieuLuc] >= @__today_1 AND [g].[DaBiThuHoi] = CAST(0 AS bit) AND ([g].[DaBiThuHoi] IS NOT NULL) THEN CAST(1 AS bit)
              ELSE CAST(0 AS bit)
          END
          ELSE CAST(0 AS bit)
      END = CAST(1 AS bit)
info: Microsoft.EntityFrameworkCore.Database.Command[20101]
      Executed DbCommand (17ms) [Parameters=[@__filterDto_loai_ct_0='1' (Nullable = true), @__today_1='2026-03-16T00:00:00.0000000+07:00', @__AddDays_2='2027-03-16T00:00:00.0000000+07:00'], CommandType='Text', CommandTimeout='30']
      SELECT COUNT(*)
      FROM [GP_ThongTin] AS [g]
      LEFT JOIN [CT_ThongTin] AS [c] ON [g].[IdCT] = [c].[Id]
      LEFT JOIN [CT_Loai] AS [c0] ON [c].[IdLoaiCT] = [c0].[Id]
      WHERE [g].[DaXoa] = CAST(0 AS bit) AND [c0].[IdCha] = @__filterDto_loai_ct_0 AND CASE
          WHEN [g].[NgayHetHieuLuc] IS NOT NULL THEN CASE
              WHEN [g].[NgayHetHieuLuc] >= @__today_1 AND [g].[NgayHetHieuLuc] < @__AddDays_2 AND [g].[DaBiThuHoi] = CAST(0 AS bit) AND ([g].[DaBiThuHoi] IS NOT NULL) THEN CAST(1 AS bit)
              ELSE CAST(0 AS bit)
          END
          ELSE CAST(0 AS bit)
      END = CAST(1 AS bit)
info: Microsoft.EntityFrameworkCore.Database.Command[20101]
      Executed DbCommand (17ms) [Parameters=[@__filterDto_loai_ct_0='1' (Nullable = true), @__today_1='2026-03-16T00:00:00.0000000+07:00'], CommandType='Text', CommandTimeout='30']
      SELECT COUNT(*)
      FROM [GP_ThongTin] AS [g]
      LEFT JOIN [CT_ThongTin] AS [c] ON [g].[IdCT] = [c].[Id]
      LEFT JOIN [CT_Loai] AS [c0] ON [c].[IdLoaiCT] = [c0].[Id]
      WHERE [g].[DaXoa] = CAST(0 AS bit) AND [c0].[IdCha] = @__filterDto_loai_ct_0 AND CASE
          WHEN [g].[NgayHetHieuLuc] IS NOT NULL THEN CASE
              WHEN [g].[NgayHetHieuLuc] < @__today_1 AND [g].[DaBiThuHoi] = CAST(0 AS bit) AND ([g].[DaBiThuHoi] IS NOT NULL) THEN CAST(1 AS bit)
              ELSE CAST(0 AS bit)
          END
          ELSE CAST(0 AS bit)
      END = CAST(1 AS bit)
info: Microsoft.EntityFrameworkCore.Database.Command[20101]
      Executed DbCommand (16ms) [Parameters=[], CommandType='Text', CommandTimeout='30']
      SELECT [t].[Id], [t].[DaXoa], [t].[DiaChi], [t].[Email], [t].[Fax], [t].[GiamDoc], [t].[MaSoThue], [t].[NguoiDaiDienPhapLuat], [t].[NguoiDuocUyQuyen], [t].[SDT], [t].[TaiKhoan], [t].[TaiKhoanSua], [t].[TaiKhoanTao], [t].[TenTCCN], [t].[ThoiGianSua], [t].[ThoiGianTao]
      FROM [ToChuc_CaNhan] AS [t]
      WHERE [t].[DaXoa] = CAST(0 AS bit)
      ORDER BY [t].[TenTCCN]
info: Microsoft.EntityFrameworkCore.Database.Command[20101]
      Executed DbCommand (15ms) [Parameters=[@__filterDto_loai_ct_0='1' (Nullable = true)], CommandType='Text', CommandTimeout='30']
      SELECT COUNT(*)
      FROM [GP_ThongTin] AS [g]
      LEFT JOIN [CT_ThongTin] AS [c] ON [g].[IdCT] = [c].[Id]
      LEFT JOIN [CT_Loai] AS [c0] ON [c].[IdLoaiCT] = [c0].[Id]
      WHERE [g].[DaXoa] = CAST(0 AS bit) AND [c0].[IdCha] = @__filterDto_loai_ct_0 AND [g].[DaBiThuHoi] = CAST(1 AS bit)
info: Microsoft.EntityFrameworkCore.Database.Command[20101]
      Executed DbCommand (17ms) [Parameters=[@__filterDto_loai_ct_0='1' (Nullable = true)], CommandType='Text', CommandTimeout='30']
      SELECT COUNT(*)
      FROM [GP_ThongTin] AS [g]
      LEFT JOIN [CT_ThongTin] AS [c] ON [g].[IdCT] = [c].[Id]
      LEFT JOIN [CT_Loai] AS [c0] ON [c].[IdLoaiCT] = [c0].[Id]
      WHERE [g].[DaXoa] = CAST(0 AS bit) AND [c0].[IdCha] = @__filterDto_loai_ct_0
info: Microsoft.EntityFrameworkCore.Database.Command[20101]
      Executed DbCommand (18ms) [Parameters=[@__filterDto_loai_ct_0='1' (Nullable = true), @__today_1='2026-03-16T00:00:00.0000000+07:00'], CommandType='Text', CommandTimeout='30']
      SELECT COUNT(*)
      FROM [GP_ThongTin] AS [g]
      LEFT JOIN [CT_ThongTin] AS [c] ON [g].[IdCT] = [c].[Id]
      LEFT JOIN [CT_Loai] AS [c0] ON [c].[IdLoaiCT] = [c0].[Id]
      WHERE [g].[DaXoa] = CAST(0 AS bit) AND [c0].[IdCha] = @__filterDto_loai_ct_0 AND CASE
          WHEN [g].[NgayHetHieuLuc] IS NOT NULL THEN CASE
              WHEN [g].[NgayHetHieuLuc] >= @__today_1 AND [g].[DaBiThuHoi] = CAST(0 AS bit) AND ([g].[DaBiThuHoi] IS NOT NULL) THEN CAST(1 AS bit)
              ELSE CAST(0 AS bit)
          END
          ELSE CAST(0 AS bit)
      END = CAST(1 AS bit)
info: Microsoft.EntityFrameworkCore.Database.Command[20101]
      Executed DbCommand (17ms) [Parameters=[@__filterDto_loai_ct_0='1' (Nullable = true), @__today_1='2026-03-16T00:00:00.0000000+07:00', @__AddDays_2='2027-03-16T00:00:00.0000000+07:00'], CommandType='Text', CommandTimeout='30']
      SELECT COUNT(*)
      FROM [GP_ThongTin] AS [g]
      LEFT JOIN [CT_ThongTin] AS [c] ON [g].[IdCT] = [c].[Id]
      LEFT JOIN [CT_Loai] AS [c0] ON [c].[IdLoaiCT] = [c0].[Id]
      WHERE [g].[DaXoa] = CAST(0 AS bit) AND [c0].[IdCha] = @__filterDto_loai_ct_0 AND CASE
          WHEN [g].[NgayHetHieuLuc] IS NOT NULL THEN CASE
              WHEN [g].[NgayHetHieuLuc] >= @__today_1 AND [g].[NgayHetHieuLuc] < @__AddDays_2 AND [g].[DaBiThuHoi] = CAST(0 AS bit) AND ([g].[DaBiThuHoi] IS NOT NULL) THEN CAST(1 AS bit)
              ELSE CAST(0 AS bit)
          END
          ELSE CAST(0 AS bit)
      END = CAST(1 AS bit)
info: Microsoft.EntityFrameworkCore.Database.Command[20101]
      Executed DbCommand (18ms) [Parameters=[@__filterDto_loai_ct_0='1' (Nullable = true), @__today_1='2026-03-16T00:00:00.0000000+07:00'], CommandType='Text', CommandTimeout='30']
      SELECT COUNT(*)
      FROM [GP_ThongTin] AS [g]
      LEFT JOIN [CT_ThongTin] AS [c] ON [g].[IdCT] = [c].[Id]
      LEFT JOIN [CT_Loai] AS [c0] ON [c].[IdLoaiCT] = [c0].[Id]
      WHERE [g].[DaXoa] = CAST(0 AS bit) AND [c0].[IdCha] = @__filterDto_loai_ct_0 AND CASE
          WHEN [g].[NgayHetHieuLuc] IS NOT NULL THEN CASE
              WHEN [g].[NgayHetHieuLuc] < @__today_1 AND [g].[DaBiThuHoi] = CAST(0 AS bit) AND ([g].[DaBiThuHoi] IS NOT NULL) THEN CAST(1 AS bit)
              ELSE CAST(0 AS bit)
          END
          ELSE CAST(0 AS bit)
      END = CAST(1 AS bit)
info: Microsoft.EntityFrameworkCore.Database.Command[20101]
      Executed DbCommand (17ms) [Parameters=[@__filterDto_loai_ct_0='1' (Nullable = true)], CommandType='Text', CommandTimeout='30']
      SELECT COUNT(*)
      FROM [GP_ThongTin] AS [g]
      LEFT JOIN [CT_ThongTin] AS [c] ON [g].[IdCT] = [c].[Id]
      LEFT JOIN [CT_Loai] AS [c0] ON [c].[IdLoaiCT] = [c0].[Id]
      WHERE [g].[DaXoa] = CAST(0 AS bit) AND [c0].[IdCha] = @__filterDto_loai_ct_0 AND [g].[DaBiThuHoi] = CAST(1 AS bit)
info: Microsoft.EntityFrameworkCore.Database.Command[20101]
      Executed DbCommand (17ms) [Parameters=[@__filterDto_loai_ct_0='1' (Nullable = true)], CommandType='Text', CommandTimeout='30']
      SELECT COUNT(*)
      FROM [GP_ThongTin] AS [g]
      LEFT JOIN [CT_ThongTin] AS [c] ON [g].[IdCT] = [c].[Id]
      LEFT JOIN [CT_Loai] AS [c0] ON [c].[IdLoaiCT] = [c0].[Id]
      WHERE [g].[DaXoa] = CAST(0 AS bit) AND [c0].[IdCha] = @__filterDto_loai_ct_0
info: Microsoft.EntityFrameworkCore.Database.Command[20101]
      Executed DbCommand (18ms) [Parameters=[@__filterDto_loai_ct_0='1' (Nullable = true), @__today_1='2026-03-16T00:00:00.0000000+07:00'], CommandType='Text', CommandTimeout='30']
      SELECT COUNT(*)
      FROM [GP_ThongTin] AS [g]
      LEFT JOIN [CT_ThongTin] AS [c] ON [g].[IdCT] = [c].[Id]
      LEFT JOIN [CT_Loai] AS [c0] ON [c].[IdLoaiCT] = [c0].[Id]
      WHERE [g].[DaXoa] = CAST(0 AS bit) AND [c0].[IdCha] = @__filterDto_loai_ct_0 AND CASE
          WHEN [g].[NgayHetHieuLuc] IS NOT NULL THEN CASE
              WHEN [g].[NgayHetHieuLuc] >= @__today_1 AND [g].[DaBiThuHoi] = CAST(0 AS bit) AND ([g].[DaBiThuHoi] IS NOT NULL) THEN CAST(1 AS bit)
              ELSE CAST(0 AS bit)
          END
          ELSE CAST(0 AS bit)
      END = CAST(1 AS bit)
info: Microsoft.EntityFrameworkCore.Database.Command[20101]
      Executed DbCommand (17ms) [Parameters=[@__filterDto_loai_ct_0='1' (Nullable = true), @__today_1='2026-03-16T00:00:00.0000000+07:00', @__AddDays_2='2027-03-16T00:00:00.0000000+07:00'], CommandType='Text', CommandTimeout='30']
      SELECT COUNT(*)
      FROM [GP_ThongTin] AS [g]
      LEFT JOIN [CT_ThongTin] AS [c] ON [g].[IdCT] = [c].[Id]
      LEFT JOIN [CT_Loai] AS [c0] ON [c].[IdLoaiCT] = [c0].[Id]
      WHERE [g].[DaXoa] = CAST(0 AS bit) AND [c0].[IdCha] = @__filterDto_loai_ct_0 AND CASE
          WHEN [g].[NgayHetHieuLuc] IS NOT NULL THEN CASE
              WHEN [g].[NgayHetHieuLuc] >= @__today_1 AND [g].[NgayHetHieuLuc] < @__AddDays_2 AND [g].[DaBiThuHoi] = CAST(0 AS bit) AND ([g].[DaBiThuHoi] IS NOT NULL) THEN CAST(1 AS bit)
              ELSE CAST(0 AS bit)
          END
          ELSE CAST(0 AS bit)
      END = CAST(1 AS bit)
info: Microsoft.EntityFrameworkCore.Database.Command[20101]
      Executed DbCommand (16ms) [Parameters=[@__filterDto_loai_ct_0='1' (Nullable = true), @__today_1='2026-03-16T00:00:00.0000000+07:00'], CommandType='Text', CommandTimeout='30']
      SELECT COUNT(*)
      FROM [GP_ThongTin] AS [g]
      LEFT JOIN [CT_ThongTin] AS [c] ON [g].[IdCT] = [c].[Id]
      LEFT JOIN [CT_Loai] AS [c0] ON [c].[IdLoaiCT] = [c0].[Id]
      WHERE [g].[DaXoa] = CAST(0 AS bit) AND [c0].[IdCha] = @__filterDto_loai_ct_0 AND CASE
          WHEN [g].[NgayHetHieuLuc] IS NOT NULL THEN CASE
              WHEN [g].[NgayHetHieuLuc] < @__today_1 AND [g].[DaBiThuHoi] = CAST(0 AS bit) AND ([g].[DaBiThuHoi] IS NOT NULL) THEN CAST(1 AS bit)
              ELSE CAST(0 AS bit)
          END
          ELSE CAST(0 AS bit)
      END = CAST(1 AS bit)
info: Microsoft.EntityFrameworkCore.Database.Command[20101]
      Executed DbCommand (15ms) [Parameters=[@__filterDto_loai_ct_0='1' (Nullable = true)], CommandType='Text', CommandTimeout='30']
      SELECT COUNT(*)
      FROM [GP_ThongTin] AS [g]
      LEFT JOIN [CT_ThongTin] AS [c] ON [g].[IdCT] = [c].[Id]
      LEFT JOIN [CT_Loai] AS [c0] ON [c].[IdLoaiCT] = [c0].[Id]
      WHERE [g].[DaXoa] = CAST(0 AS bit) AND [c0].[IdCha] = @__filterDto_loai_ct_0 AND [g].[DaBiThuHoi] = CAST(1 AS bit)
info: Microsoft.EntityFrameworkCore.Database.Command[20101]
      Executed DbCommand (17ms) [Parameters=[@__filterDto_loai_ct_0='1' (Nullable = true)], CommandType='Text', CommandTimeout='30']
      SELECT COUNT(*)
      FROM [GP_ThongTin] AS [g]
      LEFT JOIN [CT_ThongTin] AS [c] ON [g].[IdCT] = [c].[Id]
      LEFT JOIN [CT_Loai] AS [c0] ON [c].[IdLoaiCT] = [c0].[Id]
      WHERE [g].[DaXoa] = CAST(0 AS bit) AND [c0].[IdCha] = @__filterDto_loai_ct_0
info: Microsoft.EntityFrameworkCore.Database.Command[20101]
      Executed DbCommand (17ms) [Parameters=[@__filterDto_loai_ct_0='1' (Nullable = true), @__today_1='2026-03-16T00:00:00.0000000+07:00'], CommandType='Text', CommandTimeout='30']
      SELECT COUNT(*)
      FROM [GP_ThongTin] AS [g]
      LEFT JOIN [CT_ThongTin] AS [c] ON [g].[IdCT] = [c].[Id]
      LEFT JOIN [CT_Loai] AS [c0] ON [c].[IdLoaiCT] = [c0].[Id]
      WHERE [g].[DaXoa] = CAST(0 AS bit) AND [c0].[IdCha] = @__filterDto_loai_ct_0 AND CASE
          WHEN [g].[NgayHetHieuLuc] IS NOT NULL THEN CASE
              WHEN [g].[NgayHetHieuLuc] >= @__today_1 AND [g].[DaBiThuHoi] = CAST(0 AS bit) AND ([g].[DaBiThuHoi] IS NOT NULL) THEN CAST(1 AS bit)
              ELSE CAST(0 AS bit)
          END
          ELSE CAST(0 AS bit)
      END = CAST(1 AS bit)
info: Microsoft.EntityFrameworkCore.Database.Command[20101]
      Executed DbCommand (18ms) [Parameters=[@__filterDto_loai_ct_0='1' (Nullable = true), @__today_1='2026-03-16T00:00:00.0000000+07:00', @__AddDays_2='2027-03-16T00:00:00.0000000+07:00'], CommandType='Text', CommandTimeout='30']
      SELECT COUNT(*)
      FROM [GP_ThongTin] AS [g]
      LEFT JOIN [CT_ThongTin] AS [c] ON [g].[IdCT] = [c].[Id]
      LEFT JOIN [CT_Loai] AS [c0] ON [c].[IdLoaiCT] = [c0].[Id]
      WHERE [g].[DaXoa] = CAST(0 AS bit) AND [c0].[IdCha] = @__filterDto_loai_ct_0 AND CASE
          WHEN [g].[NgayHetHieuLuc] IS NOT NULL THEN CASE
              WHEN [g].[NgayHetHieuLuc] >= @__today_1 AND [g].[NgayHetHieuLuc] < @__AddDays_2 AND [g].[DaBiThuHoi] = CAST(0 AS bit) AND ([g].[DaBiThuHoi] IS NOT NULL) THEN CAST(1 AS bit)
              ELSE CAST(0 AS bit)
          END
          ELSE CAST(0 AS bit)
      END = CAST(1 AS bit)
info: Microsoft.EntityFrameworkCore.Database.Command[20101]
      Executed DbCommand (17ms) [Parameters=[@__filterDto_loai_ct_0='1' (Nullable = true), @__today_1='2026-03-16T00:00:00.0000000+07:00'], CommandType='Text', CommandTimeout='30']
      SELECT COUNT(*)
      FROM [GP_ThongTin] AS [g]
      LEFT JOIN [CT_ThongTin] AS [c] ON [g].[IdCT] = [c].[Id]
      LEFT JOIN [CT_Loai] AS [c0] ON [c].[IdLoaiCT] = [c0].[Id]
      WHERE [g].[DaXoa] = CAST(0 AS bit) AND [c0].[IdCha] = @__filterDto_loai_ct_0 AND CASE
          WHEN [g].[NgayHetHieuLuc] IS NOT NULL THEN CASE
              WHEN [g].[NgayHetHieuLuc] < @__today_1 AND [g].[DaBiThuHoi] = CAST(0 AS bit) AND ([g].[DaBiThuHoi] IS NOT NULL) THEN CAST(1 AS bit)
              ELSE CAST(0 AS bit)
          END
          ELSE CAST(0 AS bit)
      END = CAST(1 AS bit)
info: Microsoft.EntityFrameworkCore.Database.Command[20101]
      Executed DbCommand (16ms) [Parameters=[@__filterDto_loai_ct_0='1' (Nullable = true)], CommandType='Text', CommandTimeout='30']
      SELECT COUNT(*)
      FROM [GP_ThongTin] AS [g]
      LEFT JOIN [CT_ThongTin] AS [c] ON [g].[IdCT] = [c].[Id]
      LEFT JOIN [CT_Loai] AS [c0] ON [c].[IdLoaiCT] = [c0].[Id]
      WHERE [g].[DaXoa] = CAST(0 AS bit) AND [c0].[IdCha] = @__filterDto_loai_ct_0 AND [g].[DaBiThuHoi] = CAST(1 AS bit)
info: Microsoft.EntityFrameworkCore.Database.Command[20101]
      Executed DbCommand (17ms) [Parameters=[@__filterDto_loai_ct_0='1' (Nullable = true)], CommandType='Text', CommandTimeout='30']
      SELECT COUNT(*)
      FROM [GP_ThongTin] AS [g]
      LEFT JOIN [CT_ThongTin] AS [c] ON [g].[IdCT] = [c].[Id]
      LEFT JOIN [CT_Loai] AS [c0] ON [c].[IdLoaiCT] = [c0].[Id]
      WHERE [g].[DaXoa] = CAST(0 AS bit) AND [c0].[IdCha] = @__filterDto_loai_ct_0
info: Microsoft.EntityFrameworkCore.Database.Command[20101]
      Executed DbCommand (259ms) [Parameters=[@__filterDto_loai_ct_0='1' (Nullable = true), @__today_1='2026-03-16T00:00:00.0000000+07:00'], CommandType='Text', CommandTimeout='30']
      SELECT COUNT(*)
      FROM [GP_ThongTin] AS [g]
      LEFT JOIN [CT_ThongTin] AS [c] ON [g].[IdCT] = [c].[Id]
      LEFT JOIN [CT_Loai] AS [c0] ON [c].[IdLoaiCT] = [c0].[Id]
      WHERE [g].[DaXoa] = CAST(0 AS bit) AND [c0].[IdCha] = @__filterDto_loai_ct_0 AND CASE
          WHEN [g].[NgayHetHieuLuc] IS NOT NULL THEN CASE
              WHEN [g].[NgayHetHieuLuc] >= @__today_1 AND [g].[DaBiThuHoi] = CAST(0 AS bit) AND ([g].[DaBiThuHoi] IS NOT NULL) THEN CAST(1 AS bit)
              ELSE CAST(0 AS bit)
          END
          ELSE CAST(0 AS bit)
      END = CAST(1 AS bit)
info: Microsoft.EntityFrameworkCore.Database.Command[20101]
      Executed DbCommand (17ms) [Parameters=[@__filterDto_loai_ct_0='1' (Nullable = true), @__today_1='2026-03-16T00:00:00.0000000+07:00', @__AddDays_2='2027-03-16T00:00:00.0000000+07:00'], CommandType='Text', CommandTimeout='30']
      SELECT COUNT(*)
      FROM [GP_ThongTin] AS [g]
      LEFT JOIN [CT_ThongTin] AS [c] ON [g].[IdCT] = [c].[Id]
      LEFT JOIN [CT_Loai] AS [c0] ON [c].[IdLoaiCT] = [c0].[Id]
      WHERE [g].[DaXoa] = CAST(0 AS bit) AND [c0].[IdCha] = @__filterDto_loai_ct_0 AND CASE
          WHEN [g].[NgayHetHieuLuc] IS NOT NULL THEN CASE
              WHEN [g].[NgayHetHieuLuc] >= @__today_1 AND [g].[NgayHetHieuLuc] < @__AddDays_2 AND [g].[DaBiThuHoi] = CAST(0 AS bit) AND ([g].[DaBiThuHoi] IS NOT NULL) THEN CAST(1 AS bit)
              ELSE CAST(0 AS bit)
          END
          ELSE CAST(0 AS bit)
      END = CAST(1 AS bit)
info: Microsoft.EntityFrameworkCore.Database.Command[20101]
      Executed DbCommand (17ms) [Parameters=[@__filterDto_loai_ct_0='1' (Nullable = true), @__today_1='2026-03-16T00:00:00.0000000+07:00'], CommandType='Text', CommandTimeout='30']
      SELECT COUNT(*)
      FROM [GP_ThongTin] AS [g]
      LEFT JOIN [CT_ThongTin] AS [c] ON [g].[IdCT] = [c].[Id]
      LEFT JOIN [CT_Loai] AS [c0] ON [c].[IdLoaiCT] = [c0].[Id]
      WHERE [g].[DaXoa] = CAST(0 AS bit) AND [c0].[IdCha] = @__filterDto_loai_ct_0 AND CASE
          WHEN [g].[NgayHetHieuLuc] IS NOT NULL THEN CASE
              WHEN [g].[NgayHetHieuLuc] < @__today_1 AND [g].[DaBiThuHoi] = CAST(0 AS bit) AND ([g].[DaBiThuHoi] IS NOT NULL) THEN CAST(1 AS bit)
              ELSE CAST(0 AS bit)
          END
          ELSE CAST(0 AS bit)
      END = CAST(1 AS bit)
info: Microsoft.EntityFrameworkCore.Database.Command[20101]
      Executed DbCommand (16ms) [Parameters=[@__filterDto_loai_ct_0='1' (Nullable = true)], CommandType='Text', CommandTimeout='30']
      SELECT COUNT(*)
      FROM [GP_ThongTin] AS [g]
      LEFT JOIN [CT_ThongTin] AS [c] ON [g].[IdCT] = [c].[Id]
      LEFT JOIN [CT_Loai] AS [c0] ON [c].[IdLoaiCT] = [c0].[Id]
      WHERE [g].[DaXoa] = CAST(0 AS bit) AND [c0].[IdCha] = @__filterDto_loai_ct_0 AND [g].[DaBiThuHoi] = CAST(1 AS bit)
info: Microsoft.EntityFrameworkCore.Database.Command[20101]
      Executed DbCommand (53ms) [Parameters=[@__filterDto_loai_ct_0='1' (Nullable = true)], CommandType='Text', CommandTimeout='30']
      SELECT COUNT(*)
      FROM [GP_ThongTin] AS [g]
      LEFT JOIN [CT_ThongTin] AS [c] ON [g].[IdCT] = [c].[Id]
      LEFT JOIN [CT_Loai] AS [c0] ON [c].[IdLoaiCT] = [c0].[Id]
      WHERE [g].[DaXoa] = CAST(0 AS bit) AND [c0].[IdCha] = @__filterDto_loai_ct_0
info: Microsoft.EntityFrameworkCore.Database.Command[20101]
      Executed DbCommand (17ms) [Parameters=[@__filterDto_loai_ct_0='1' (Nullable = true), @__today_1='2026-03-16T00:00:00.0000000+07:00'], CommandType='Text', CommandTimeout='30']
      SELECT COUNT(*)
      FROM [GP_ThongTin] AS [g]
      LEFT JOIN [CT_ThongTin] AS [c] ON [g].[IdCT] = [c].[Id]
      LEFT JOIN [CT_Loai] AS [c0] ON [c].[IdLoaiCT] = [c0].[Id]
      WHERE [g].[DaXoa] = CAST(0 AS bit) AND [c0].[IdCha] = @__filterDto_loai_ct_0 AND CASE
          WHEN [g].[NgayHetHieuLuc] IS NOT NULL THEN CASE
              WHEN [g].[NgayHetHieuLuc] >= @__today_1 AND [g].[DaBiThuHoi] = CAST(0 AS bit) AND ([g].[DaBiThuHoi] IS NOT NULL) THEN CAST(1 AS bit)
              ELSE CAST(0 AS bit)
          END
          ELSE CAST(0 AS bit)
      END = CAST(1 AS bit)
info: Microsoft.EntityFrameworkCore.Database.Command[20101]
      Executed DbCommand (17ms) [Parameters=[@__filterDto_loai_ct_0='1' (Nullable = true), @__today_1='2026-03-16T00:00:00.0000000+07:00', @__AddDays_2='2027-03-16T00:00:00.0000000+07:00'], CommandType='Text', CommandTimeout='30']
      SELECT COUNT(*)
      FROM [GP_ThongTin] AS [g]
      LEFT JOIN [CT_ThongTin] AS [c] ON [g].[IdCT] = [c].[Id]
      LEFT JOIN [CT_Loai] AS [c0] ON [c].[IdLoaiCT] = [c0].[Id]
      WHERE [g].[DaXoa] = CAST(0 AS bit) AND [c0].[IdCha] = @__filterDto_loai_ct_0 AND CASE
          WHEN [g].[NgayHetHieuLuc] IS NOT NULL THEN CASE
              WHEN [g].[NgayHetHieuLuc] >= @__today_1 AND [g].[NgayHetHieuLuc] < @__AddDays_2 AND [g].[DaBiThuHoi] = CAST(0 AS bit) AND ([g].[DaBiThuHoi] IS NOT NULL) THEN CAST(1 AS bit)
              ELSE CAST(0 AS bit)
          END
          ELSE CAST(0 AS bit)
      END = CAST(1 AS bit)
info: Microsoft.EntityFrameworkCore.Database.Command[20101]
      Executed DbCommand (16ms) [Parameters=[@__filterDto_loai_ct_0='1' (Nullable = true), @__today_1='2026-03-16T00:00:00.0000000+07:00'], CommandType='Text', CommandTimeout='30']
      SELECT COUNT(*)
      FROM [GP_ThongTin] AS [g]
      LEFT JOIN [CT_ThongTin] AS [c] ON [g].[IdCT] = [c].[Id]
      LEFT JOIN [CT_Loai] AS [c0] ON [c].[IdLoaiCT] = [c0].[Id]
      WHERE [g].[DaXoa] = CAST(0 AS bit) AND [c0].[IdCha] = @__filterDto_loai_ct_0 AND CASE
          WHEN [g].[NgayHetHieuLuc] IS NOT NULL THEN CASE
              WHEN [g].[NgayHetHieuLuc] < @__today_1 AND [g].[DaBiThuHoi] = CAST(0 AS bit) AND ([g].[DaBiThuHoi] IS NOT NULL) THEN CAST(1 AS bit)
              ELSE CAST(0 AS bit)
          END
          ELSE CAST(0 AS bit)
      END = CAST(1 AS bit)
info: Microsoft.EntityFrameworkCore.Database.Command[20101]
      Executed DbCommand (15ms) [Parameters=[@__filterDto_loai_ct_0='1' (Nullable = true)], CommandType='Text', CommandTimeout='30']
      SELECT COUNT(*)
      FROM [GP_ThongTin] AS [g]
      LEFT JOIN [CT_ThongTin] AS [c] ON [g].[IdCT] = [c].[Id]
      LEFT JOIN [CT_Loai] AS [c0] ON [c].[IdLoaiCT] = [c0].[Id]
      WHERE [g].[DaXoa] = CAST(0 AS bit) AND [c0].[IdCha] = @__filterDto_loai_ct_0 AND [g].[DaBiThuHoi] = CAST(1 AS bit)
info: Microsoft.EntityFrameworkCore.Database.Command[20101]
      Executed DbCommand (17ms) [Parameters=[@__filterDto_loai_ct_0='1' (Nullable = true)], CommandType='Text', CommandTimeout='30']
      SELECT COUNT(*)
      FROM [GP_ThongTin] AS [g]
      LEFT JOIN [CT_ThongTin] AS [c] ON [g].[IdCT] = [c].[Id]
      LEFT JOIN [CT_Loai] AS [c0] ON [c].[IdLoaiCT] = [c0].[Id]
      WHERE [g].[DaXoa] = CAST(0 AS bit) AND [c0].[IdCha] = @__filterDto_loai_ct_0
info: Microsoft.EntityFrameworkCore.Database.Command[20101]
      Executed DbCommand (15ms) [Parameters=[@__filterDto_loai_ct_0='1' (Nullable = true), @__today_1='2026-03-16T00:00:00.0000000+07:00'], CommandType='Text', CommandTimeout='30']
      SELECT COUNT(*)
      FROM [GP_ThongTin] AS [g]
      LEFT JOIN [CT_ThongTin] AS [c] ON [g].[IdCT] = [c].[Id]
      LEFT JOIN [CT_Loai] AS [c0] ON [c].[IdLoaiCT] = [c0].[Id]
      WHERE [g].[DaXoa] = CAST(0 AS bit) AND [c0].[IdCha] = @__filterDto_loai_ct_0 AND CASE
          WHEN [g].[NgayHetHieuLuc] IS NOT NULL THEN CASE
              WHEN [g].[NgayHetHieuLuc] >= @__today_1 AND [g].[DaBiThuHoi] = CAST(0 AS bit) AND ([g].[DaBiThuHoi] IS NOT NULL) THEN CAST(1 AS bit)
              ELSE CAST(0 AS bit)
          END
          ELSE CAST(0 AS bit)
      END = CAST(1 AS bit)
info: Microsoft.EntityFrameworkCore.Database.Command[20101]
      Executed DbCommand (17ms) [Parameters=[@__filterDto_loai_ct_0='1' (Nullable = true), @__today_1='2026-03-16T00:00:00.0000000+07:00', @__AddDays_2='2027-03-16T00:00:00.0000000+07:00'], CommandType='Text', CommandTimeout='30']
      SELECT COUNT(*)
      FROM [GP_ThongTin] AS [g]
      LEFT JOIN [CT_ThongTin] AS [c] ON [g].[IdCT] = [c].[Id]
      LEFT JOIN [CT_Loai] AS [c0] ON [c].[IdLoaiCT] = [c0].[Id]
      WHERE [g].[DaXoa] = CAST(0 AS bit) AND [c0].[IdCha] = @__filterDto_loai_ct_0 AND CASE
          WHEN [g].[NgayHetHieuLuc] IS NOT NULL THEN CASE
              WHEN [g].[NgayHetHieuLuc] >= @__today_1 AND [g].[NgayHetHieuLuc] < @__AddDays_2 AND [g].[DaBiThuHoi] = CAST(0 AS bit) AND ([g].[DaBiThuHoi] IS NOT NULL) THEN CAST(1 AS bit)
              ELSE CAST(0 AS bit)
          END
          ELSE CAST(0 AS bit)
      END = CAST(1 AS bit)
info: Microsoft.EntityFrameworkCore.Database.Command[20101]
      Executed DbCommand (17ms) [Parameters=[@__filterDto_loai_ct_0='1' (Nullable = true), @__today_1='2026-03-16T00:00:00.0000000+07:00'], CommandType='Text', CommandTimeout='30']
      SELECT COUNT(*)
      FROM [GP_ThongTin] AS [g]
      LEFT JOIN [CT_ThongTin] AS [c] ON [g].[IdCT] = [c].[Id]
      LEFT JOIN [CT_Loai] AS [c0] ON [c].[IdLoaiCT] = [c0].[Id]
      WHERE [g].[DaXoa] = CAST(0 AS bit) AND [c0].[IdCha] = @__filterDto_loai_ct_0 AND CASE
          WHEN [g].[NgayHetHieuLuc] IS NOT NULL THEN CASE
              WHEN [g].[NgayHetHieuLuc] < @__today_1 AND [g].[DaBiThuHoi] = CAST(0 AS bit) AND ([g].[DaBiThuHoi] IS NOT NULL) THEN CAST(1 AS bit)
              ELSE CAST(0 AS bit)
          END
          ELSE CAST(0 AS bit)
      END = CAST(1 AS bit)
info: Microsoft.EntityFrameworkCore.Database.Command[20101]
      Executed DbCommand (15ms) [Parameters=[@__filterDto_loai_ct_0='1' (Nullable = true)], CommandType='Text', CommandTimeout='30']
      SELECT COUNT(*)
      FROM [GP_ThongTin] AS [g]
      LEFT JOIN [CT_ThongTin] AS [c] ON [g].[IdCT] = [c].[Id]
      LEFT JOIN [CT_Loai] AS [c0] ON [c].[IdLoaiCT] = [c0].[Id]
      WHERE [g].[DaXoa] = CAST(0 AS bit) AND [c0].[IdCha] = @__filterDto_loai_ct_0 AND [g].[DaBiThuHoi] = CAST(1 AS bit)
info: Microsoft.EntityFrameworkCore.Database.Command[20101]
      Executed DbCommand (18ms) [Parameters=[@__filterDto_loai_ct_0='1' (Nullable = true)], CommandType='Text', CommandTimeout='30']
      SELECT COUNT(*)
      FROM [GP_ThongTin] AS [g]
      LEFT JOIN [CT_ThongTin] AS [c] ON [g].[IdCT] = [c].[Id]
      LEFT JOIN [CT_Loai] AS [c0] ON [c].[IdLoaiCT] = [c0].[Id]
      WHERE [g].[DaXoa] = CAST(0 AS bit) AND [c0].[IdCha] = @__filterDto_loai_ct_0
info: Microsoft.EntityFrameworkCore.Database.Command[20101]
      Executed DbCommand (17ms) [Parameters=[@__filterDto_loai_ct_0='1' (Nullable = true), @__today_1='2026-03-16T00:00:00.0000000+07:00'], CommandType='Text', CommandTimeout='30']
      SELECT COUNT(*)
      FROM [GP_ThongTin] AS [g]
      LEFT JOIN [CT_ThongTin] AS [c] ON [g].[IdCT] = [c].[Id]
      LEFT JOIN [CT_Loai] AS [c0] ON [c].[IdLoaiCT] = [c0].[Id]
      WHERE [g].[DaXoa] = CAST(0 AS bit) AND [c0].[IdCha] = @__filterDto_loai_ct_0 AND CASE
          WHEN [g].[NgayHetHieuLuc] IS NOT NULL THEN CASE
              WHEN [g].[NgayHetHieuLuc] >= @__today_1 AND [g].[DaBiThuHoi] = CAST(0 AS bit) AND ([g].[DaBiThuHoi] IS NOT NULL) THEN CAST(1 AS bit)
              ELSE CAST(0 AS bit)
          END
          ELSE CAST(0 AS bit)
      END = CAST(1 AS bit)
info: Microsoft.EntityFrameworkCore.Database.Command[20101]
      Executed DbCommand (17ms) [Parameters=[@__filterDto_loai_ct_0='1' (Nullable = true), @__today_1='2026-03-16T00:00:00.0000000+07:00', @__AddDays_2='2027-03-16T00:00:00.0000000+07:00'], CommandType='Text', CommandTimeout='30']
      SELECT COUNT(*)
      FROM [GP_ThongTin] AS [g]
      LEFT JOIN [CT_ThongTin] AS [c] ON [g].[IdCT] = [c].[Id]
      LEFT JOIN [CT_Loai] AS [c0] ON [c].[IdLoaiCT] = [c0].[Id]
      WHERE [g].[DaXoa] = CAST(0 AS bit) AND [c0].[IdCha] = @__filterDto_loai_ct_0 AND CASE
          WHEN [g].[NgayHetHieuLuc] IS NOT NULL THEN CASE
              WHEN [g].[NgayHetHieuLuc] >= @__today_1 AND [g].[NgayHetHieuLuc] < @__AddDays_2 AND [g].[DaBiThuHoi] = CAST(0 AS bit) AND ([g].[DaBiThuHoi] IS NOT NULL) THEN CAST(1 AS bit)
              ELSE CAST(0 AS bit)
          END
          ELSE CAST(0 AS bit)
      END = CAST(1 AS bit)
info: Microsoft.EntityFrameworkCore.Database.Command[20101]
      Executed DbCommand (17ms) [Parameters=[@__filterDto_loai_ct_0='1' (Nullable = true), @__today_1='2026-03-16T00:00:00.0000000+07:00'], CommandType='Text', CommandTimeout='30']
      SELECT COUNT(*)
      FROM [GP_ThongTin] AS [g]
      LEFT JOIN [CT_ThongTin] AS [c] ON [g].[IdCT] = [c].[Id]
      LEFT JOIN [CT_Loai] AS [c0] ON [c].[IdLoaiCT] = [c0].[Id]
      WHERE [g].[DaXoa] = CAST(0 AS bit) AND [c0].[IdCha] = @__filterDto_loai_ct_0 AND CASE
          WHEN [g].[NgayHetHieuLuc] IS NOT NULL THEN CASE
              WHEN [g].[NgayHetHieuLuc] < @__today_1 AND [g].[DaBiThuHoi] = CAST(0 AS bit) AND ([g].[DaBiThuHoi] IS NOT NULL) THEN CAST(1 AS bit)
              ELSE CAST(0 AS bit)
          END
          ELSE CAST(0 AS bit)
      END = CAST(1 AS bit)
info: Microsoft.EntityFrameworkCore.Database.Command[20101]
      Executed DbCommand (16ms) [Parameters=[@__filterDto_loai_ct_0='1' (Nullable = true)], CommandType='Text', CommandTimeout='30']
      SELECT COUNT(*)
      FROM [GP_ThongTin] AS [g]
      LEFT JOIN [CT_ThongTin] AS [c] ON [g].[IdCT] = [c].[Id]
      LEFT JOIN [CT_Loai] AS [c0] ON [c].[IdLoaiCT] = [c0].[Id]
      WHERE [g].[DaXoa] = CAST(0 AS bit) AND [c0].[IdCha] = @__filterDto_loai_ct_0 AND [g].[DaBiThuHoi] = CAST(1 AS bit)
info: Microsoft.EntityFrameworkCore.Database.Command[20101]
      Executed DbCommand (23ms) [Parameters=[@__filterDto_loai_ct_0='1' (Nullable = true)], CommandType='Text', CommandTimeout='30']
      SELECT COUNT(*)
      FROM [GP_ThongTin] AS [g]
      LEFT JOIN [CT_ThongTin] AS [c] ON [g].[IdCT] = [c].[Id]
      LEFT JOIN [CT_Loai] AS [c0] ON [c].[IdLoaiCT] = [c0].[Id]
      WHERE [g].[DaXoa] = CAST(0 AS bit) AND [c0].[IdCha] = @__filterDto_loai_ct_0
info: Microsoft.EntityFrameworkCore.Database.Command[20101]
      Executed DbCommand (17ms) [Parameters=[@__filterDto_loai_ct_0='1' (Nullable = true), @__today_1='2026-03-16T00:00:00.0000000+07:00'], CommandType='Text', CommandTimeout='30']
      SELECT COUNT(*)
      FROM [GP_ThongTin] AS [g]
      LEFT JOIN [CT_ThongTin] AS [c] ON [g].[IdCT] = [c].[Id]
      LEFT JOIN [CT_Loai] AS [c0] ON [c].[IdLoaiCT] = [c0].[Id]
      WHERE [g].[DaXoa] = CAST(0 AS bit) AND [c0].[IdCha] = @__filterDto_loai_ct_0 AND CASE
          WHEN [g].[NgayHetHieuLuc] IS NOT NULL THEN CASE
              WHEN [g].[NgayHetHieuLuc] >= @__today_1 AND [g].[DaBiThuHoi] = CAST(0 AS bit) AND ([g].[DaBiThuHoi] IS NOT NULL) THEN CAST(1 AS bit)
              ELSE CAST(0 AS bit)
          END
          ELSE CAST(0 AS bit)
      END = CAST(1 AS bit)
info: Microsoft.EntityFrameworkCore.Database.Command[20101]
      Executed DbCommand (17ms) [Parameters=[@__filterDto_loai_ct_0='1' (Nullable = true), @__today_1='2026-03-16T00:00:00.0000000+07:00', @__AddDays_2='2027-03-16T00:00:00.0000000+07:00'], CommandType='Text', CommandTimeout='30']
      SELECT COUNT(*)
      FROM [GP_ThongTin] AS [g]
      LEFT JOIN [CT_ThongTin] AS [c] ON [g].[IdCT] = [c].[Id]
      LEFT JOIN [CT_Loai] AS [c0] ON [c].[IdLoaiCT] = [c0].[Id]
      WHERE [g].[DaXoa] = CAST(0 AS bit) AND [c0].[IdCha] = @__filterDto_loai_ct_0 AND CASE
          WHEN [g].[NgayHetHieuLuc] IS NOT NULL THEN CASE
              WHEN [g].[NgayHetHieuLuc] >= @__today_1 AND [g].[NgayHetHieuLuc] < @__AddDays_2 AND [g].[DaBiThuHoi] = CAST(0 AS bit) AND ([g].[DaBiThuHoi] IS NOT NULL) THEN CAST(1 AS bit)
              ELSE CAST(0 AS bit)
          END
          ELSE CAST(0 AS bit)
      END = CAST(1 AS bit)
info: Microsoft.EntityFrameworkCore.Database.Command[20101]
      Executed DbCommand (18ms) [Parameters=[@__filterDto_loai_ct_0='1' (Nullable = true), @__today_1='2026-03-16T00:00:00.0000000+07:00'], CommandType='Text', CommandTimeout='30']
      SELECT COUNT(*)
      FROM [GP_ThongTin] AS [g]
      LEFT JOIN [CT_ThongTin] AS [c] ON [g].[IdCT] = [c].[Id]
      LEFT JOIN [CT_Loai] AS [c0] ON [c].[IdLoaiCT] = [c0].[Id]
      WHERE [g].[DaXoa] = CAST(0 AS bit) AND [c0].[IdCha] = @__filterDto_loai_ct_0 AND CASE
          WHEN [g].[NgayHetHieuLuc] IS NOT NULL THEN CASE
              WHEN [g].[NgayHetHieuLuc] < @__today_1 AND [g].[DaBiThuHoi] = CAST(0 AS bit) AND ([g].[DaBiThuHoi] IS NOT NULL) THEN CAST(1 AS bit)
              ELSE CAST(0 AS bit)
          END
          ELSE CAST(0 AS bit)
      END = CAST(1 AS bit)
info: Microsoft.EntityFrameworkCore.Database.Command[20101]
      Executed DbCommand (15ms) [Parameters=[@__filterDto_loai_ct_0='1' (Nullable = true)], CommandType='Text', CommandTimeout='30']
      SELECT COUNT(*)
      FROM [GP_ThongTin] AS [g]
      LEFT JOIN [CT_ThongTin] AS [c] ON [g].[IdCT] = [c].[Id]
      LEFT JOIN [CT_Loai] AS [c0] ON [c].[IdLoaiCT] = [c0].[Id]
      WHERE [g].[DaXoa] = CAST(0 AS bit) AND [c0].[IdCha] = @__filterDto_loai_ct_0 AND [g].[DaBiThuHoi] = CAST(1 AS bit)
info: Microsoft.EntityFrameworkCore.Database.Command[20101]
      Executed DbCommand (17ms) [Parameters=[@__filterDto_loai_ct_0='1' (Nullable = true)], CommandType='Text', CommandTimeout='30']
      SELECT COUNT(*)
      FROM [GP_ThongTin] AS [g]
      LEFT JOIN [CT_ThongTin] AS [c] ON [g].[IdCT] = [c].[Id]
      LEFT JOIN [CT_Loai] AS [c0] ON [c].[IdLoaiCT] = [c0].[Id]
      WHERE [g].[DaXoa] = CAST(0 AS bit) AND [c0].[IdCha] = @__filterDto_loai_ct_0
info: Microsoft.EntityFrameworkCore.Database.Command[20101]
      Executed DbCommand (17ms) [Parameters=[@__filterDto_loai_ct_0='1' (Nullable = true), @__today_1='2026-03-16T00:00:00.0000000+07:00'], CommandType='Text', CommandTimeout='30']
      SELECT COUNT(*)
      FROM [GP_ThongTin] AS [g]
      LEFT JOIN [CT_ThongTin] AS [c] ON [g].[IdCT] = [c].[Id]
      LEFT JOIN [CT_Loai] AS [c0] ON [c].[IdLoaiCT] = [c0].[Id]
      WHERE [g].[DaXoa] = CAST(0 AS bit) AND [c0].[IdCha] = @__filterDto_loai_ct_0 AND CASE
          WHEN [g].[NgayHetHieuLuc] IS NOT NULL THEN CASE
              WHEN [g].[NgayHetHieuLuc] >= @__today_1 AND [g].[DaBiThuHoi] = CAST(0 AS bit) AND ([g].[DaBiThuHoi] IS NOT NULL) THEN CAST(1 AS bit)
              ELSE CAST(0 AS bit)
          END
          ELSE CAST(0 AS bit)
      END = CAST(1 AS bit)
info: Microsoft.EntityFrameworkCore.Database.Command[20101]
      Executed DbCommand (18ms) [Parameters=[@__filterDto_loai_ct_0='1' (Nullable = true), @__today_1='2026-03-16T00:00:00.0000000+07:00', @__AddDays_2='2027-03-16T00:00:00.0000000+07:00'], CommandType='Text', CommandTimeout='30']
      SELECT COUNT(*)
      FROM [GP_ThongTin] AS [g]
      LEFT JOIN [CT_ThongTin] AS [c] ON [g].[IdCT] = [c].[Id]
      LEFT JOIN [CT_Loai] AS [c0] ON [c].[IdLoaiCT] = [c0].[Id]
      WHERE [g].[DaXoa] = CAST(0 AS bit) AND [c0].[IdCha] = @__filterDto_loai_ct_0 AND CASE
          WHEN [g].[NgayHetHieuLuc] IS NOT NULL THEN CASE
              WHEN [g].[NgayHetHieuLuc] >= @__today_1 AND [g].[NgayHetHieuLuc] < @__AddDays_2 AND [g].[DaBiThuHoi] = CAST(0 AS bit) AND ([g].[DaBiThuHoi] IS NOT NULL) THEN CAST(1 AS bit)
              ELSE CAST(0 AS bit)
          END
          ELSE CAST(0 AS bit)
      END = CAST(1 AS bit)
info: Microsoft.EntityFrameworkCore.Database.Command[20101]
      Executed DbCommand (17ms) [Parameters=[@__filterDto_loai_ct_0='1' (Nullable = true), @__today_1='2026-03-16T00:00:00.0000000+07:00'], CommandType='Text', CommandTimeout='30']
      SELECT COUNT(*)
      FROM [GP_ThongTin] AS [g]
      LEFT JOIN [CT_ThongTin] AS [c] ON [g].[IdCT] = [c].[Id]
      LEFT JOIN [CT_Loai] AS [c0] ON [c].[IdLoaiCT] = [c0].[Id]
      WHERE [g].[DaXoa] = CAST(0 AS bit) AND [c0].[IdCha] = @__filterDto_loai_ct_0 AND CASE
          WHEN [g].[NgayHetHieuLuc] IS NOT NULL THEN CASE
              WHEN [g].[NgayHetHieuLuc] < @__today_1 AND [g].[DaBiThuHoi] = CAST(0 AS bit) AND ([g].[DaBiThuHoi] IS NOT NULL) THEN CAST(1 AS bit)
              ELSE CAST(0 AS bit)
          END
          ELSE CAST(0 AS bit)
      END = CAST(1 AS bit)
info: Microsoft.EntityFrameworkCore.Database.Command[20101]
      Executed DbCommand (15ms) [Parameters=[@__filterDto_loai_ct_0='1' (Nullable = true)], CommandType='Text', CommandTimeout='30']
      SELECT COUNT(*)
      FROM [GP_ThongTin] AS [g]
      LEFT JOIN [CT_ThongTin] AS [c] ON [g].[IdCT] = [c].[Id]
      LEFT JOIN [CT_Loai] AS [c0] ON [c].[IdLoaiCT] = [c0].[Id]
      WHERE [g].[DaXoa] = CAST(0 AS bit) AND [c0].[IdCha] = @__filterDto_loai_ct_0 AND [g].[DaBiThuHoi] = CAST(1 AS bit)
info: Microsoft.EntityFrameworkCore.Database.Command[20101]
      Executed DbCommand (20ms) [Parameters=[@__filterDto_loai_ct_0='1' (Nullable = true)], CommandType='Text', CommandTimeout='30']
      SELECT COUNT(*)
      FROM [GP_ThongTin] AS [g]
      LEFT JOIN [CT_ThongTin] AS [c] ON [g].[IdCT] = [c].[Id]
      LEFT JOIN [CT_Loai] AS [c0] ON [c].[IdLoaiCT] = [c0].[Id]
      WHERE [g].[DaXoa] = CAST(0 AS bit) AND [c0].[IdCha] = @__filterDto_loai_ct_0
info: Microsoft.EntityFrameworkCore.Database.Command[20101]
      Executed DbCommand (17ms) [Parameters=[@__filterDto_loai_ct_0='1' (Nullable = true), @__today_1='2026-03-16T00:00:00.0000000+07:00'], CommandType='Text', CommandTimeout='30']
      SELECT COUNT(*)
      FROM [GP_ThongTin] AS [g]
      LEFT JOIN [CT_ThongTin] AS [c] ON [g].[IdCT] = [c].[Id]
      LEFT JOIN [CT_Loai] AS [c0] ON [c].[IdLoaiCT] = [c0].[Id]
      WHERE [g].[DaXoa] = CAST(0 AS bit) AND [c0].[IdCha] = @__filterDto_loai_ct_0 AND CASE
          WHEN [g].[NgayHetHieuLuc] IS NOT NULL THEN CASE
              WHEN [g].[NgayHetHieuLuc] >= @__today_1 AND [g].[DaBiThuHoi] = CAST(0 AS bit) AND ([g].[DaBiThuHoi] IS NOT NULL) THEN CAST(1 AS bit)
              ELSE CAST(0 AS bit)
          END
          ELSE CAST(0 AS bit)
      END = CAST(1 AS bit)
info: Microsoft.EntityFrameworkCore.Database.Command[20101]
      Executed DbCommand (16ms) [Parameters=[@__filterDto_loai_ct_0='1' (Nullable = true), @__today_1='2026-03-16T00:00:00.0000000+07:00', @__AddDays_2='2027-03-16T00:00:00.0000000+07:00'], CommandType='Text', CommandTimeout='30']
      SELECT COUNT(*)
      FROM [GP_ThongTin] AS [g]
      LEFT JOIN [CT_ThongTin] AS [c] ON [g].[IdCT] = [c].[Id]
      LEFT JOIN [CT_Loai] AS [c0] ON [c].[IdLoaiCT] = [c0].[Id]
      WHERE [g].[DaXoa] = CAST(0 AS bit) AND [c0].[IdCha] = @__filterDto_loai_ct_0 AND CASE
          WHEN [g].[NgayHetHieuLuc] IS NOT NULL THEN CASE
              WHEN [g].[NgayHetHieuLuc] >= @__today_1 AND [g].[NgayHetHieuLuc] < @__AddDays_2 AND [g].[DaBiThuHoi] = CAST(0 AS bit) AND ([g].[DaBiThuHoi] IS NOT NULL) THEN CAST(1 AS bit)
              ELSE CAST(0 AS bit)
          END
          ELSE CAST(0 AS bit)
      END = CAST(1 AS bit)
info: Microsoft.EntityFrameworkCore.Database.Command[20101]
      Executed DbCommand (17ms) [Parameters=[@__filterDto_loai_ct_0='1' (Nullable = true), @__today_1='2026-03-16T00:00:00.0000000+07:00'], CommandType='Text', CommandTimeout='30']
      SELECT COUNT(*)
      FROM [GP_ThongTin] AS [g]
      LEFT JOIN [CT_ThongTin] AS [c] ON [g].[IdCT] = [c].[Id]
      LEFT JOIN [CT_Loai] AS [c0] ON [c].[IdLoaiCT] = [c0].[Id]
      WHERE [g].[DaXoa] = CAST(0 AS bit) AND [c0].[IdCha] = @__filterDto_loai_ct_0 AND CASE
          WHEN [g].[NgayHetHieuLuc] IS NOT NULL THEN CASE
              WHEN [g].[NgayHetHieuLuc] < @__today_1 AND [g].[DaBiThuHoi] = CAST(0 AS bit) AND ([g].[DaBiThuHoi] IS NOT NULL) THEN CAST(1 AS bit)
              ELSE CAST(0 AS bit)
          END
          ELSE CAST(0 AS bit)
      END = CAST(1 AS bit)
info: Microsoft.EntityFrameworkCore.Database.Command[20101]
      Executed DbCommand (15ms) [Parameters=[@__filterDto_loai_ct_0='1' (Nullable = true)], CommandType='Text', CommandTimeout='30']
      SELECT COUNT(*)
      FROM [GP_ThongTin] AS [g]
      LEFT JOIN [CT_ThongTin] AS [c] ON [g].[IdCT] = [c].[Id]
      LEFT JOIN [CT_Loai] AS [c0] ON [c].[IdLoaiCT] = [c0].[Id]
      WHERE [g].[DaXoa] = CAST(0 AS bit) AND [c0].[IdCha] = @__filterDto_loai_ct_0 AND [g].[DaBiThuHoi] = CAST(1 AS bit)
info: Microsoft.EntityFrameworkCore.Database.Command[20101]
      Executed DbCommand (19ms) [Parameters=[@__filterDto_loai_ct_0='1' (Nullable = true)], CommandType='Text', CommandTimeout='30']
      SELECT COUNT(*)
      FROM [GP_ThongTin] AS [g]
      LEFT JOIN [CT_ThongTin] AS [c] ON [g].[IdCT] = [c].[Id]
      LEFT JOIN [CT_Loai] AS [c0] ON [c].[IdLoaiCT] = [c0].[Id]
      WHERE [g].[DaXoa] = CAST(0 AS bit) AND [c0].[IdCha] = @__filterDto_loai_ct_0
info: Microsoft.EntityFrameworkCore.Database.Command[20101]
      Executed DbCommand (17ms) [Parameters=[@__filterDto_loai_ct_0='1' (Nullable = true), @__today_1='2026-03-16T00:00:00.0000000+07:00'], CommandType='Text', CommandTimeout='30']
      SELECT COUNT(*)
      FROM [GP_ThongTin] AS [g]
      LEFT JOIN [CT_ThongTin] AS [c] ON [g].[IdCT] = [c].[Id]
      LEFT JOIN [CT_Loai] AS [c0] ON [c].[IdLoaiCT] = [c0].[Id]
      WHERE [g].[DaXoa] = CAST(0 AS bit) AND [c0].[IdCha] = @__filterDto_loai_ct_0 AND CASE
          WHEN [g].[NgayHetHieuLuc] IS NOT NULL THEN CASE
              WHEN [g].[NgayHetHieuLuc] >= @__today_1 AND [g].[DaBiThuHoi] = CAST(0 AS bit) AND ([g].[DaBiThuHoi] IS NOT NULL) THEN CAST(1 AS bit)
              ELSE CAST(0 AS bit)
          END
          ELSE CAST(0 AS bit)
      END = CAST(1 AS bit)
info: Microsoft.EntityFrameworkCore.Database.Command[20101]
      Executed DbCommand (16ms) [Parameters=[@__filterDto_loai_ct_0='1' (Nullable = true), @__today_1='2026-03-16T00:00:00.0000000+07:00', @__AddDays_2='2027-03-16T00:00:00.0000000+07:00'], CommandType='Text', CommandTimeout='30']
      SELECT COUNT(*)
      FROM [GP_ThongTin] AS [g]
      LEFT JOIN [CT_ThongTin] AS [c] ON [g].[IdCT] = [c].[Id]
      LEFT JOIN [CT_Loai] AS [c0] ON [c].[IdLoaiCT] = [c0].[Id]
      WHERE [g].[DaXoa] = CAST(0 AS bit) AND [c0].[IdCha] = @__filterDto_loai_ct_0 AND CASE
          WHEN [g].[NgayHetHieuLuc] IS NOT NULL THEN CASE
              WHEN [g].[NgayHetHieuLuc] >= @__today_1 AND [g].[NgayHetHieuLuc] < @__AddDays_2 AND [g].[DaBiThuHoi] = CAST(0 AS bit) AND ([g].[DaBiThuHoi] IS NOT NULL) THEN CAST(1 AS bit)
              ELSE CAST(0 AS bit)
          END
          ELSE CAST(0 AS bit)
      END = CAST(1 AS bit)
info: Microsoft.EntityFrameworkCore.Database.Command[20101]
      Executed DbCommand (17ms) [Parameters=[@__filterDto_loai_ct_0='1' (Nullable = true), @__today_1='2026-03-16T00:00:00.0000000+07:00'], CommandType='Text', CommandTimeout='30']
      SELECT COUNT(*)
      FROM [GP_ThongTin] AS [g]
      LEFT JOIN [CT_ThongTin] AS [c] ON [g].[IdCT] = [c].[Id]
      LEFT JOIN [CT_Loai] AS [c0] ON [c].[IdLoaiCT] = [c0].[Id]
      WHERE [g].[DaXoa] = CAST(0 AS bit) AND [c0].[IdCha] = @__filterDto_loai_ct_0 AND CASE
          WHEN [g].[NgayHetHieuLuc] IS NOT NULL THEN CASE
              WHEN [g].[NgayHetHieuLuc] < @__today_1 AND [g].[DaBiThuHoi] = CAST(0 AS bit) AND ([g].[DaBiThuHoi] IS NOT NULL) THEN CAST(1 AS bit)
              ELSE CAST(0 AS bit)
          END
          ELSE CAST(0 AS bit)
      END = CAST(1 AS bit)
info: Microsoft.EntityFrameworkCore.Database.Command[20101]
      Executed DbCommand (15ms) [Parameters=[@__filterDto_loai_ct_0='1' (Nullable = true)], CommandType='Text', CommandTimeout='30']
      SELECT COUNT(*)
      FROM [GP_ThongTin] AS [g]
      LEFT JOIN [CT_ThongTin] AS [c] ON [g].[IdCT] = [c].[Id]
      LEFT JOIN [CT_Loai] AS [c0] ON [c].[IdLoaiCT] = [c0].[Id]
      WHERE [g].[DaXoa] = CAST(0 AS bit) AND [c0].[IdCha] = @__filterDto_loai_ct_0 AND [g].[DaBiThuHoi] = CAST(1 AS bit)
info: Microsoft.Hosting.Lifetime[0]
      Application is shutting down...
